# Blender 5.2.1 LTS
# www.blender.org
mtllib bear_smooth.mtl
o bear
v -4.757380 8.499913 8.285917
v -4.558160 11.478803 7.749087
v -4.372770 13.992500 6.282797
v -5.708260 13.656300 6.264877
v -4.229430 15.658400 4.110267
v -4.146480 15.599900 -0.973340
v -5.891380 15.160600 -0.996756
v -4.219500 13.884400 -3.110483
v -5.554990 13.548200 -3.128413
v -4.357900 11.337500 -4.523823
v -4.540620 8.347040 -4.998190
v -6.354340 10.256003 7.733857
v -7.691670 11.733000 6.254647
v -8.565790 12.706200 4.073487
v -8.843610 13.027400 1.522437
v -8.482830 12.647700 -1.010123
v -7.538400 11.624900 -3.138643
v -6.154080 10.114700 -4.539063
v -8.975520 6.430010 6.294720
v -8.778530 5.018073 6.314188
v -10.243200 5.777523 4.125850
v -9.985840 3.932740 4.151278
v -10.659200 5.527860 1.579120
v -10.380700 3.531070 1.606640
v -10.160300 5.719020 -0.957758
v -9.902890 3.874240 -0.932328
v -8.822250 6.321920 -3.098562
v -8.625260 4.909980 -3.079100
v -6.383150 6.067533 7.781590
v -7.744910 3.993820 6.342840
v -8.635350 2.594480 4.188720
v -8.918900 2.082560 1.647160
v -8.552400 2.535980 -0.894892
v -7.591640 3.885720 -3.050440
v -6.182890 5.926290 -4.491333
v -4.940110 5.509400 7.811560
v -5.078510 2.962540 6.398220
v -5.151530 1.247050 4.261070
v -5.148040 0.624109 1.725480
v -5.068580 1.188550 -0.822540
v -4.925240 2.854440 -2.995070
v -4.739850 5.368167 -4.461360
v -7.070600 8.921773 7.737520
v -9.015150 9.267770 6.261417
v -10.295000 9.485230 4.082337
v -10.715300 9.541050 1.532017
v -10.212000 9.426730 -1.001273
v -8.861880 9.159670 -3.131863
v -6.870340 8.780530 -4.535390
v 3.066890 7.448183 8.178097
v 4.412560 5.151630 7.739530
v 5.528820 6.078910 7.747077
v 5.569250 3.193501 6.394217
v 7.631820 4.906900 6.408160
v 6.360860 1.871910 4.346980
v 9.055740 4.110570 4.365190
v 6.666880 1.388050 1.909470
v 9.583800 3.811160 1.929180
v 6.440720 1.815590 -0.547205
v 9.135600 4.054250 -0.528994
v 5.716810 3.089440 -2.649050
v 7.779380 4.802830 -2.635110
v 4.605360 5.015657 -4.076070
v 5.721610 5.942940 -4.068521
v 3.275570 7.301010 -4.611022
v 5.507370 7.614700 7.729050
v 7.592190 7.744660 6.374857
v 9.003960 7.818283 4.321670
v 9.527750 7.824350 1.882087
v 9.083820 7.761960 -0.572509
v 7.739750 7.640590 -2.668411
v 5.700170 7.478730 -4.086553
v 4.244810 2.573761 6.379740
v 4.630400 1.062180 4.328060
v 4.793850 0.511608 1.889000
v 4.710260 1.005860 -0.566123
v 4.392370 2.469700 -2.663530
v 1.563090 2.216910 -2.706780
v 2.357380 4.543447 -4.107310
v 5.362400 8.377333 7.717907
v 7.324330 9.153823 6.354270
v 8.653990 9.659440 4.294777
v 9.148940 9.817210 1.852967
v 8.733850 9.603120 -0.599408
v 7.471890 9.049750 -2.689003
v 5.555200 8.241360 -4.097692
v 5.027160 9.094093 7.704187
v 6.704880 10.478203 6.328917
v 7.844640 11.389900 4.261657
v 8.272910 11.690200 1.817117
v 7.924500 11.333500 -0.632527
v 6.852440 10.374200 -2.714353
v 5.219960 8.958120 -4.111413
v 3.985090 10.205703 7.674387
v 4.779380 12.532300 6.273857
v 5.328850 14.073600 4.189717
v 5.408700 14.017300 -0.704462
v 4.926940 12.428200 -2.769403
v 4.177880 10.069800 -4.141203
v 1.438570 11.290403 7.997237
v 1.222970 8.234183 8.546887
v 1.638260 13.869403 6.495667
v 1.791610 15.578500 4.270787
v 1.876560 15.518600 -0.935481
v 1.795230 13.758700 -3.124263
v 1.643670 11.145700 -4.571813
v 1.444960 8.077620 -5.057753
v 1.229350 5.021430 -4.508101
v 0.109369 11.517303 8.088607
v 0.260966 8.398793 8.654497
v -0.044623 16.483999 1.626237
v 0.318235 11.370000 -4.711693
v 0.487040 8.239350 -5.200450
v 0.717506 0.806139 4.471180
v 0.749946 2.489200 -3.100160
v -1.130350 11.500603 8.135357
v -1.746680 8.371222 8.694347
v -3.796530 8.238633 8.489277
v -0.590454 14.141203 6.595817
v -0.209199 15.891200 4.310117
v -0.121782 15.829500 -1.047243
v -0.428928 14.027300 -3.303293
v -0.919302 11.351700 -4.798463
v -1.518250 8.210120 -5.305110
v -3.573750 8.081510 -5.164032
v -3.143150 0.751817 4.436470
v -2.674480 2.440130 -3.206590
v -3.404340 5.002007 -4.605970
v -2.134580 5.080790 -4.746120
v 3.106070 0.360810 1.863190
v 2.010250 0.665233 3.461590
v 0.728609 0.709777 4.080520
v -1.279110 0.713773 4.193020
v -2.452700 0.646962 3.978840
v -3.164260 0.572725 3.704930
v -4.459520 0.631882 2.513770
v -4.855090 0.544053 1.731180
v -4.941680 0.630623 1.464480
v -4.995020 1.037200 -0.246242
v -4.735280 1.106030 -0.838825
v -3.677310 1.854110 -2.132050
v -2.775920 1.974510 -2.598430
v -2.007700 2.115220 -2.751200
v -0.284175 2.161680 -2.725920
v 0.760976 2.133450 -2.637290
v 1.396340 1.893600 -2.294710
v 2.513440 1.253550 -1.249820
v 2.900470 0.885059 -0.688787
v 3.193500 0.488349 1.324960
v 3.839350 -0.805325 4.582960
v 2.000290 -0.824144 5.458090
v -0.869574 -0.948624 5.603220
v -3.550140 -1.273100 4.890500
v -5.395270 -1.274050 3.176500
v -1.946580 0.998399 -4.337090
v 2.007330 1.204300 -4.152430
v 2.928030 0.903234 -3.657080
v 9.825950 -8.191130 2.726383
v 7.648180 -6.932350 6.489130
v 4.845260 -6.132810 8.005000
v 0.361171 -5.010590 8.402900
v -3.968920 -4.269320 7.406810
v -6.913880 -3.393548 4.749321
v -0.949578 -1.329753 -7.556660
v 10.056900 -7.943430 1.479523
v 10.207100 -10.357100 2.798783
v 7.615950 -9.216487 6.923623
v 4.421780 -8.656187 8.557873
v -0.641765 -7.935688 8.932273
v -5.472790 -7.618680 7.769270
v -8.773200 -6.997818 4.788692
v -9.836520 -7.071280 2.810030
v -4.263440 -4.150530 -8.314290
v -2.280200 -4.065860 -8.736710
v 6.256290 -5.836782 -7.722080
v 10.450200 -10.060300 1.423113
v 10.184100 -12.452100 2.591443
v 7.407390 -11.550497 6.739443
v -1.075170 -11.068997 8.674383
v -5.966910 -11.226997 7.437103
v -9.322230 -10.930200 4.374553
v -10.364000 -11.112000 2.356133
v -10.581800 -10.878300 1.667863
v -10.697900 -9.817790 -2.753877
v -10.027200 -9.666730 -4.289377
v -7.229750 -7.845993 -7.645710
v -4.894190 -7.631860 -8.863297
v -2.896320 -7.351562 -9.268227
v 4.259540 -7.606050 -9.010397
v 5.879310 -8.295673 -8.133527
v 8.709240 -10.073400 -5.447957
v 9.676350 -11.068900 -4.003217
v 10.416700 -12.130700 1.198873
v 10.089500 -14.494100 2.324023
v -1.113240 -13.114797 8.377143
v -9.319460 -12.974400 4.098943
v -10.356200 -13.155000 2.090573
v -10.572800 -12.922400 1.405733
v -10.688200 -11.867100 -2.994037
v -10.020900 -11.717000 -4.521937
v -7.236910 -9.906013 -7.861697
v -4.912940 -9.693583 -9.073317
v -2.924920 -9.415233 -9.476297
v 4.195350 -9.670423 -9.219997
v 10.321000 -14.174400 0.938360
v -10.624700 -13.903900 -3.194647
v -9.973910 -13.724600 -4.678377
v -7.339940 -11.822003 -7.915127
v -5.083620 -11.495803 -9.080547
v -3.162530 -11.122103 -9.460787
v 9.898200 -15.051500 0.769412
v -10.090400 -14.744500 -3.204047
v -9.471100 -14.576000 -4.616377
v -6.959220 -12.774103 -7.697757
v -4.811250 -12.471203 -8.807807
v -2.981840 -12.122103 -9.170457
v -1.278050 -16.184401 6.713265
v -9.547590 -15.574700 -3.187747
v -8.969030 -15.414200 -4.506747
v -6.629960 -13.718103 -7.383927
v -4.624280 -13.424003 -8.419587
v -2.916890 -13.088403 -8.757237
v -8.068730 -16.982100 -3.178737
v -7.548610 -16.806499 -4.363017
v -5.521780 -15.152703 -6.940867
v -3.728280 -14.776203 -7.860407
v -2.210080 -14.378603 -8.153367
v -4.821570 -15.669103 -6.572297
v -3.168410 -15.310603 -7.419447
v -1.769860 -14.934203 -7.688647
v -3.332840 -15.871403 -6.560895
v -2.146170 -15.592003 -6.792047
v -7.066310 -17.058599 -4.248126
v -5.827050 -16.709200 -5.122755
v -4.755250 -16.184999 -6.002097
v -3.867750 -16.245501 -6.072205
v -3.324660 -15.957303 -6.449837
v -3.094090 -15.962103 -6.442356
v -2.149770 -15.751903 -6.651377
v -1.646710 -15.868003 -6.563786
v -0.105109 -15.951803 -6.422397
v -2.274300 -17.707600 4.654224
v -7.816080 -17.606199 -1.267957
v -8.375230 -16.856300 -2.610717
v -8.069440 -17.000799 -3.010837
v -8.056990 -16.990999 -3.163277
v -8.053260 -16.989799 -3.178887
v -7.357100 -17.075899 -3.953327
v 2.417520 -18.530100 -1.491857
v -6.967290 -17.216400 -3.804027
v -4.666430 -17.230200 -4.725477
v -1.066550 -18.882601 -0.007408
v -3.131640 -16.658001 -5.681617
v 1.963890 -18.007401 -3.314567
v 0.221782 -18.555799 -2.037757
v -2.817020 -18.606199 -2.326746
v -0.481172 -16.336100 -6.112205
v -1.557860 -18.200001 3.585683
v 0.272667 -17.823400 -4.019576
v -3.087190 -17.996201 -3.913067
v -1.555110 -18.684900 -1.777037
v -2.403180 -18.840700 -1.077657
v -2.801000 -18.985399 -0.110605
v -1.380950 -17.139400 -5.176095
v -1.447240 -18.303101 -3.201537
v 2.638970 6.135100 7.955287
v 2.241500 6.526031 8.130757
v 1.165740 7.350573 8.406940
v 0.478433 7.477770 8.485397
v -1.006410 7.514940 8.525127
v -1.948480 7.312740 8.523637
v -3.108220 6.811152 8.346207
v -3.670030 6.140213 8.162630
v -3.895170 5.224792 7.965940
v -3.903600 4.710600 7.686337
v -3.630530 3.162020 6.855968
v -3.391400 2.655221 6.619630
v -3.171610 2.364610 6.340110
v -2.914970 2.090720 6.112520
v -1.475010 1.491860 5.349540
v -0.648239 1.477930 5.324920
v 0.666655 1.522820 5.359380
v 1.082810 1.598930 5.447380
v 2.248380 1.994870 5.816180
v 2.763410 2.441411 6.357090
v 3.224140 3.606910 7.031590
v 3.148590 4.886120 7.721960
v 3.012940 5.696332 7.868770
v 2.205200 6.286780 8.452240
v 1.137160 7.119920 8.699547
v -1.024690 7.296391 8.805257
v -1.963350 7.099260 8.806567
v -3.119460 6.600070 8.640800
v -3.681120 5.929593 8.475790
v -3.908680 5.014010 8.305950
v -3.650940 2.928110 7.262330
v -3.414430 2.415920 7.042680
v -2.941090 1.837420 6.556070
v -1.507980 1.213090 5.819010
v 0.623994 1.234841 5.834920
v 2.199150 1.710920 6.280900
v 2.712110 2.168710 6.807830
v 3.173810 3.345990 7.446599
v 3.102130 4.639223 8.096110
v 2.970240 5.450253 8.218190
v 0.937956 5.770723 9.804310
v 0.296637 6.350983 9.689167
v -1.062910 6.552653 9.622797
v -1.664900 6.470943 9.639757
v -2.414740 6.178723 9.631160
v -2.796990 5.768253 9.690040
v -2.979400 5.204263 9.822670
v -2.891330 3.720713 9.775640
v -2.761040 3.360263 9.791700
v -2.478780 2.883523 9.680150
v -1.587300 2.282443 9.472330
v -0.239985 2.227833 9.555890
v 0.767781 2.566413 9.747710
v 1.102130 2.951293 9.951040
v 1.434930 3.781383 10.029100
v 1.435940 4.698863 10.062900
v 1.387460 5.202143 9.916590
v 0.220628 5.431513 10.483100
v -0.211049 5.815403 10.449100
v -1.115040 5.938953 10.427600
v -1.513340 5.877783 10.437500
v -2.007880 5.677833 10.417800
v -2.257020 5.399193 10.432500
v -2.371610 5.016503 10.484600
v -2.299480 4.041323 10.356600
v -2.018680 3.499193 10.236300
v -1.423390 3.125073 10.054100
v -0.528769 3.097353 10.096700
v 0.137774 3.318643 10.238600
v 0.357399 3.562863 10.395600
v 0.570804 4.109053 10.498800
v 0.563019 4.712393 10.580800
v 0.524973 5.053553 10.517300
v -0.926686 3.930243 10.675900
v 6.553980 13.523900 1.767967
v 5.469710 14.267100 0.351876
v 3.794630 14.915300 -0.001001
v 3.229510 15.178500 0.049681
v 1.875850 15.878600 0.527194
v 1.453410 16.088400 1.089127
v 1.376220 16.242500 1.652197
v 1.414640 16.098801 2.246677
v 1.824050 15.803000 3.259277
v 2.685770 15.344600 3.668487
v 4.663280 14.488900 3.680107
v 5.374600 14.181600 3.682417
v 6.637910 13.161100 2.657067
v 7.304380 13.962700 1.796047
v 6.276450 14.722500 0.267928
v 4.258630 15.736100 -0.209938
v 3.633690 16.072701 -0.150543
v 2.141650 16.956800 0.397594
v 1.675740 17.221001 1.038867
v 1.598660 17.399000 1.680867
v 1.633180 17.230400 2.357257
v 2.079670 16.862499 3.508797
v 3.029140 16.282000 3.972037
v 6.008670 14.780700 3.980307
v 7.376260 13.540800 2.806977
v 7.623850 18.189699 1.899227
v 6.549580 18.298599 0.561687
v 4.608430 18.215700 0.124360
v 3.995310 18.212500 0.167126
v 2.493250 18.275999 0.617370
v 2.023440 18.298800 1.163717
v 1.883560 18.417801 1.712467
v 1.971390 18.322001 2.300466
v 2.447820 18.258499 3.303167
v 3.401240 18.225401 3.717446
v 6.277940 18.326500 3.761966
v 7.840980 17.926300 2.782827
v 6.900470 19.039700 1.900617
v 6.048370 19.160601 0.836160
v 4.501090 19.152700 0.488542
v 4.013110 19.168200 0.522840
v 2.819840 19.262100 0.882103
v 2.446850 19.293200 1.317397
v 2.339220 19.390900 1.754657
v 2.406490 19.311001 2.222666
v 2.784070 19.244499 3.020806
v 3.541930 19.189199 3.350257
v 5.834100 19.184700 3.384726
v 7.065790 18.822001 2.603636
v 6.213950 19.887400 1.918485
v 5.657970 19.919300 1.227644
v 4.658640 19.835300 1.001554
v 4.342460 19.820801 1.023484
v 3.566270 19.822800 1.255464
v 3.323310 19.825500 1.537345
v 3.295650 19.837900 2.124097
v 3.542420 19.816401 2.641886
v 4.034740 19.819901 2.856007
v 5.516350 19.932301 2.879527
v 6.331200 19.757299 2.375007
v 4.181570 20.311800 1.887345
v -2.583060 16.091000 2.654847
v -2.945530 16.299500 1.581027
v -3.493910 16.158800 1.137257
v -4.148890 16.029200 0.773937
v -5.273860 15.687700 0.522314
v -5.975100 15.494200 0.443759
v -7.158230 14.619900 1.385997
v -7.172120 14.648200 1.531057
v -7.001480 14.425500 3.207577
v -6.807530 14.582700 3.342187
v -5.983860 15.297400 3.708997
v -4.498020 15.671600 3.728247
v -4.214360 15.765500 3.627007
v -2.594260 16.021200 2.969477
v -2.348620 16.978300 2.669327
v -2.827840 17.181900 1.400387
v -4.220870 16.687500 0.455500
v -6.299610 15.778800 0.084384
v -7.544250 14.552800 1.212057
v -7.562390 14.582300 1.385327
v -7.323520 14.311800 3.303967
v -6.220770 15.504300 3.967417
v -4.524570 16.174801 3.971677
v -2.345420 16.890301 3.042897
v -3.012880 18.823500 2.540766
v -3.504570 19.029200 1.244907
v -4.925200 18.516001 0.280328
v -7.043320 17.574900 -0.097856
v -8.306370 16.314199 1.054317
v -8.077920 16.068100 3.191057
v -6.958380 17.292900 3.868717
v -5.229810 17.988400 3.872266
v -3.008800 18.733400 2.922336
v -3.412890 19.747299 2.387176
v -3.795890 19.985901 1.210485
v -5.118290 19.735901 0.323341
v -7.134140 19.223499 -0.044175
v -8.466450 18.319099 0.983907
v -8.336360 18.098200 2.912306
v -7.166040 19.020700 3.527276
v -5.527260 19.370001 3.553776
v -3.429320 19.672701 2.731436
v -4.104580 20.893400 1.190754
v -5.247440 20.627199 0.424123
v -6.980020 20.103901 0.111389
v -8.097160 19.262199 1.007877
v -7.966840 19.069000 2.683396
v -6.983790 19.914301 3.216417
v -5.573860 20.282200 3.233657
v -3.767020 20.630600 2.510624
v -5.994110 20.833599 1.539885
v -6.565520 20.633699 1.152604
v -7.418770 20.265699 1.000284
v -7.931360 19.766300 1.462135
v -7.841920 19.667500 2.319116
v -7.387920 20.153799 2.590917
v -6.691770 20.424999 2.592926
v -5.797480 20.713400 2.212844
v -7.759560 20.256300 1.944744
v 4.489250 -0.397565 1.678910
v 4.578940 -0.882098 3.272280
v 5.278390 -2.273250 4.024030
v 6.626580 -4.024330 4.067970
v 7.877420 -5.272540 2.855480
v 8.223750 -5.485200 2.279640
v 8.576840 -5.653550 1.498260
v 6.920100 -0.025654 0.207170
v 6.154060 0.402319 1.663120
v 6.161070 -0.154891 3.603970
v 6.797300 -1.696420 4.384870
v 7.774660 -3.315300 4.542400
v 8.075090 -3.673470 4.396852
v 9.266680 -5.102150 3.074682
v 9.946170 -5.561350 1.613110
v 9.410360 -0.307409 -2.057570
v 8.798480 0.353463 -1.148070
v 7.217240 0.790581 1.266760
v 7.070290 0.716171 1.684950
v 10.236500 0.068841 -2.106200
v 9.500960 0.683983 -1.182440
v 7.746080 0.960380 1.280480
v 7.590740 0.867861 1.711640
v 9.901860 0.897039 -0.833129
v 8.252870 1.110610 1.438520
v 8.108560 1.021330 1.837340
v 8.299030 0.251361 4.669890
v -6.368970 -2.083030 3.096810
v -5.697070 -1.357010 2.564330
v -5.572890 -0.658732 1.834140
v -10.148900 -6.092840 -2.267879
v -10.023500 -6.579830 -0.083839
v -9.956840 -6.468620 0.504061
v -9.467980 -6.092820 2.093621
v -9.109840 -5.676830 2.870620
v -8.263080 -4.870049 3.727310
v -7.451370 -3.372470 3.780150
v -7.164280 -3.067830 3.672820
v -6.670910 -0.662902 2.582580
v -6.509360 -0.082999 1.982020
v -11.253800 -4.853070 -2.106460
v -11.203300 -5.363520 0.095413
v -10.617700 -4.931250 2.178680
v -10.238600 -4.556440 2.919910
v -9.363670 -3.841820 3.732110
v -8.480870 -2.465480 3.771050
v -8.927790 -0.335116 2.333190
v -8.760110 0.146913 1.818590
v -8.784740 0.770169 -0.221074
v -10.168800 -0.658255 -2.584510
v -11.708600 -2.324910 -2.564330
v -12.236200 -2.838330 -2.385180
v -13.112900 -3.630740 -1.617590
v -13.083900 -4.063190 0.260004
v -12.543800 -3.726690 2.029990
v -12.193200 -3.429370 2.657880
v -11.399900 -2.872910 3.341620
v -10.566100 -1.755960 3.364530
v -10.972300 0.631453 2.397500
v -10.801300 1.140600 1.831610
v -10.821200 1.661550 0.002887
v -10.746100 1.334950 -1.135310
v -11.603200 0.799209 -1.954990
v -12.155500 0.351906 -2.206460
v -13.634200 -1.175530 -2.181820
v -14.139200 -1.644760 -2.012050
v -14.975700 -2.367190 -1.289730
v -14.952700 -2.771360 0.469803
v -14.434500 -2.466530 2.126410
v -14.097800 -2.195190 2.713490
v -13.340700 -1.690770 3.351440
v -12.535100 -0.662741 3.369610
v -12.616700 2.190460 2.468410
v -12.468100 2.597250 2.030550
v -12.483700 3.125990 0.297094
v -12.413000 2.830470 -0.735134
v -13.186700 2.340020 -1.479220
v -13.684900 1.931350 -1.707760
v -15.017400 0.537896 -1.686790
v -15.472800 0.109514 -1.533290
v -16.227900 -0.550468 -0.878970
v -16.205999 -0.917258 0.716651
v -15.739000 -0.638289 2.219440
v -15.435600 -0.390463 2.752150
v -14.752200 0.071072 3.331350
v -14.027400 1.007850 3.348620
v -13.488800 3.113450 2.337960
v -13.307100 3.425230 1.960020
v -13.269800 3.860140 0.485420
v -13.282600 3.597950 -0.389068
v -14.023900 3.315520 -1.000190
v -14.511300 3.057500 -1.180340
v -15.851100 2.120230 -1.123330
v -17.021500 1.419920 -0.404004
v -17.029600 1.118110 0.952161
v -16.562000 1.279010 2.214930
v -15.599000 1.709690 3.131810
v -14.839900 2.368410 3.123590
v -13.913300 3.737890 2.076510
v -13.709200 3.909760 1.772930
v -13.615800 4.206320 0.624829
v -13.731600 4.017340 -0.045676
v -14.367500 4.019930 -0.487899
v -14.797600 3.970450 -0.606147
v -15.057200 3.901650 -0.626490
v -16.022900 3.672530 -0.500558
v -16.417601 3.597250 -0.369986
v -17.034800 3.500460 0.106818
v -17.074301 3.291070 1.160100
v -16.644899 3.280720 2.117080
v -16.364201 3.310530 2.446680
v -15.796400 3.323860 2.785440
v -15.065300 3.584730 2.741970
v -14.248000 4.230780 1.801640
v -14.091600 4.332620 1.582250
v -14.012000 4.530370 0.761832
v -14.119200 4.405570 0.286213
v -14.573500 4.464600 -0.021640
v -14.883300 4.468840 -0.100772
v -15.775200 4.371240 -0.010255
v -16.059500 4.354690 0.087616
v -16.498800 4.344370 0.434824
v -16.533501 4.203000 1.186680
v -16.219700 4.158920 1.863710
v -15.608200 4.113290 2.330080
v -15.068200 4.230320 2.289620
v -15.991600 5.147790 1.116820
v 10.653500 -0.287442 -2.382250
v 10.515300 0.415482 -1.575330
v 10.346900 0.894247 -0.640308
v 10.134600 1.012740 0.475619
v 9.883080 1.105150 1.791500
v 9.698930 0.844946 2.712380
v 9.335960 0.337692 4.528250
v 9.084990 -1.177559 5.633040
v 9.034610 -2.564650 5.739820
v 9.517970 -4.317220 5.129653
v 9.937500 -5.154819 3.945261
v 10.147400 -5.472487 3.255630
v 10.489000 -5.768280 1.921360
v 10.557000 -5.791060 1.621171
v 10.639000 -5.686740 1.132770
v 11.997300 -0.268931 -2.168150
v 11.863800 0.457681 -1.330870
v 11.696300 0.952322 -0.361661
v 11.221500 1.168870 2.156010
v 10.649100 0.373136 4.986430
v 10.372300 -1.195070 6.125470
v 10.303600 -2.630100 6.231880
v 10.782000 -4.447598 5.594690
v 11.417300 -5.645010 3.651250
v 11.835500 -5.974700 1.958440
v 12.230100 -5.304850 -0.523642
v 12.294200 -4.534600 -1.523290
v 12.183500 -2.250590 -3.056430
v 12.087400 -1.805980 -2.935560
v 13.957200 -1.052320 -1.975310
v 13.836400 -0.283100 -1.081390
v 13.673900 0.239951 -0.048814
v 13.181500 0.465805 2.626660
v 12.559700 -0.382192 5.627890
v 12.227500 -2.046770 6.827730
v 12.117300 -3.568720 6.931612
v 12.575900 -5.506060 6.242220
v 13.214400 -6.780879 4.169641
v 13.645700 -7.130710 2.369292
v 14.076300 -6.413940 -0.262485
v 14.162100 -5.591600 -1.318959
v 14.100800 -3.154620 -2.931610
v 15.296300 -2.376170 -1.279170
v 15.261900 -1.717360 -0.483102
v 15.171400 -1.271620 0.429207
v 14.780800 -1.090900 2.770690
v 14.190100 -1.838180 5.375430
v 13.770300 -3.280349 6.390501
v 13.547800 -4.594160 6.451050
v 13.779100 -6.299290 5.806592
v 14.212700 -7.415287 3.968132
v 14.545800 -7.716970 2.387640
v 14.962100 -7.075380 0.103987
v 15.098400 -6.346590 -0.801108
v 15.238500 -4.192500 -2.156960
v 16.240601 -3.850300 -0.475050
v 16.308300 -3.361770 0.172286
v 16.305500 -3.035000 0.905120
v 16.048100 -2.922330 2.757860
v 15.515400 -3.511708 4.791243
v 15.008800 -4.608829 5.550060
v 14.663300 -5.600240 5.559433
v 14.611500 -6.930990 4.995300
v 14.783500 -7.791399 3.507890
v 14.987300 -8.015900 2.250583
v 15.373600 -7.496330 0.468939
v 15.567200 -6.918740 -0.221755
v 15.947700 -5.221390 -1.221880
v 16.795500 -5.477030 0.304608
v 16.940701 -5.195060 0.774473
v 17.008900 -5.012180 1.298220
v 16.878000 -4.979630 2.596591
v 16.431101 -5.373477 3.995790
v 15.891500 -6.048910 4.486260
v 15.471700 -6.647089 4.456903
v 15.178000 -7.499380 4.006980
v 15.113600 -8.033820 2.931193
v 15.193900 -8.160400 2.042813
v 15.532100 -7.798020 0.818898
v 15.764000 -7.414260 0.360114
v 16.330601 -6.301740 -0.268282
v 16.837299 -6.374320 0.678351
v 16.973900 -6.186060 1.037421
v 17.044600 -6.066530 1.435750
v 16.958099 -6.059410 2.417070
v 16.598101 -6.346488 3.468370
v 16.137899 -6.816400 3.829072
v 15.770700 -7.227397 3.798162
v 15.473100 -7.830510 3.443450
v 15.370800 -8.201610 2.621213
v 15.413900 -8.283840 1.947643
v 15.690900 -8.014740 1.028913
v 15.895200 -7.737260 0.688794
v 16.412901 -6.939130 0.233051
v 17.074301 -7.106530 2.041291
v 7.342960 -13.190197 6.508673
v 5.910790 -12.348697 7.327783
v 4.088450 -11.971897 8.259343
v 2.328390 -12.552897 8.270783
v 1.854440 -13.246397 8.195293
v 1.134960 -14.226497 7.773543
v 0.856109 -15.847397 6.894983
v 8.706110 -15.015997 6.871163
v 8.225120 -14.523397 7.958403
v 6.690160 -13.678097 9.109543
v 4.720190 -13.315897 10.247003
v 2.622950 -13.792697 10.150803
v 2.018170 -14.483497 9.888693
v 1.110020 -15.369497 9.172813
v 0.636617 -16.878401 7.774613
v 0.752010 -17.480600 6.433415
v 9.116380 -18.320900 6.874573
v 9.501460 -17.594500 6.974875
v 9.439120 -15.913898 8.305003
v 8.855650 -15.143600 9.248693
v 7.130620 -14.126397 10.160703
v 5.008410 -13.645797 11.214203
v 2.878910 -14.397497 11.292303
v 2.334440 -15.237700 11.251303
v 1.506570 -16.448500 10.819603
v 1.219920 -18.439600 9.891183
v 1.440590 -19.440599 8.731444
v 2.005350 -20.205700 7.860124
v 2.928350 -20.701799 6.553003
v 3.513290 -20.875401 5.808024
v 4.908670 -20.785500 5.084943
v 5.327430 -20.716299 5.037963
v 5.728980 -20.641300 5.082404
v 7.110860 -20.173000 5.566703
v 7.506890 -19.974600 5.801253
v 8.868980 -18.703600 6.519283
v 9.196980 -18.532000 7.769054
v 9.558470 -17.855700 7.867903
v 9.505030 -16.296301 9.121823
v 8.962560 -15.582500 10.008403
v 7.355070 -14.634797 10.867403
v 5.375330 -14.187997 11.854703
v 3.385310 -14.884398 11.922403
v 2.874720 -15.666997 11.878003
v 2.098490 -16.791800 11.466303
v 1.825330 -18.643000 10.585203
v 2.028470 -19.569599 9.495296
v 2.553490 -20.279100 8.676275
v 3.413660 -20.735201 7.452344
v 3.959160 -20.893400 6.755553
v 5.261970 -20.808100 6.081033
v 5.653080 -20.744301 6.037623
v 6.028150 -20.675800 6.079603
v 7.319530 -20.245899 6.534935
v 7.689800 -20.063499 6.755273
v 8.964930 -18.885900 7.434633
v 9.817410 -18.658800 8.661223
v 10.244900 -17.974600 8.867043
v 10.275200 -16.502501 10.441003
v 9.731640 -15.846497 11.498103
v 8.056440 -14.876297 12.568203
v 5.951920 -14.437497 13.701303
v 3.771980 -15.074997 13.680603
v 3.177950 -15.871997 13.517703
v 2.279200 -16.962194 12.912903
v 1.880270 -18.782900 11.694103
v 2.047090 -19.615101 10.390105
v 2.572070 -20.275700 9.405876
v 3.472680 -20.624399 8.026316
v 4.051260 -20.718000 7.255983
v 5.458090 -20.599300 6.541483
v 5.882360 -20.547199 6.502373
v 6.289530 -20.502100 6.555103
v 7.702040 -20.187799 7.097425
v 8.110310 -20.048300 7.357615
v 8.258990 -19.951700 7.485115
v 9.548070 -18.971300 8.252465
v 9.580570 -18.956900 9.054016
v 9.969520 -18.345800 9.249093
v 10.005100 -17.042000 10.688203
v 9.518950 -16.462999 11.650203
v 8.014820 -15.595197 12.628703
v 6.120980 -15.204597 13.656403
v 4.153150 -15.766897 13.629203
v 3.613540 -16.479494 13.471303
v 2.797670 -17.448395 12.911103
v 2.428150 -19.069300 11.787106
v 2.573750 -19.801399 10.600306
v 3.043080 -20.385401 9.703856
v 3.852500 -20.684799 8.455626
v 4.373220 -20.761299 7.760054
v 5.641450 -20.651699 7.117593
v 6.024050 -20.606501 7.082974
v 6.391200 -20.568800 7.131023
v 7.665840 -20.300900 7.623765
v 8.034540 -20.181200 7.860085
v 8.169060 -20.096701 7.976295
v 9.336100 -19.231300 8.681326
v 9.161180 -17.997400 10.250203
v 9.195050 -17.117001 11.274302
v 8.861060 -16.728500 11.953803
v 7.820980 -16.132395 12.650303
v 6.506610 -15.866397 13.372603
v 5.134110 -16.243595 13.344303
v 4.753920 -16.732494 13.221903
v 4.179770 -17.390594 12.815303
v 3.911520 -18.494900 12.004703
v 4.007580 -18.983601 11.166306
v 4.329870 -19.376801 10.532306
v 4.890560 -19.568001 9.658746
v 5.252090 -19.612200 9.173526
v 6.656830 -19.480700 8.738846
v 7.896760 -19.179800 9.334406
v 8.714490 -18.598600 9.839743
v 6.644020 -18.707399 10.700903
v -2.759800 -13.167497 7.960743
v -3.469100 -12.198497 7.920873
v -4.879750 -11.407397 7.681773
v -5.807370 -11.288997 7.468003
v -5.967260 -11.278097 7.429833
v -6.641020 -11.167397 6.821823
v -7.933420 -11.902900 5.526523
v -8.477240 -13.049100 4.867643
v -2.717000 -16.394899 6.248324
v -2.543720 -15.400197 6.829773
v -2.293360 -14.015697 7.621773
v -3.048880 -13.459197 9.215653
v -3.767480 -12.463297 9.148363
v -5.206260 -11.649897 8.885603
v -6.319520 -11.516500 8.628503
v -7.009310 -11.415998 8.007403
v -8.324520 -12.162897 6.731063
v -8.914040 -13.386400 6.071493
v -8.936240 -14.110900 5.640833
v -3.038060 -16.813601 7.561615
v -2.579620 -14.340997 8.892673
v -3.243460 -13.530597 10.835003
v -3.924550 -12.486597 10.416403
v -5.401340 -11.619697 9.897443
v -6.591560 -11.463197 9.630073
v -7.360530 -11.520797 8.996181
v -8.915960 -12.600097 8.051113
v -9.697690 -14.001697 7.876773
v -9.815940 -14.881697 7.721713
v -10.016600 -16.510700 8.016713
v -9.406990 -18.110800 7.872304
v -8.247480 -19.591700 7.733604
v -7.312570 -20.207399 7.808095
v -5.983940 -20.449200 8.171185
v -5.177740 -19.617701 9.304316
v -3.645830 -17.490700 10.452703
v -2.845370 -14.580097 10.829503
v -3.542280 -13.454897 11.809603
v -4.213920 -12.425697 11.401803
v -5.668770 -11.571497 10.894003
v -6.840750 -11.417597 10.630603
v -7.597430 -11.472297 10.005703
v -9.127050 -12.532397 9.068973
v -9.894960 -13.912597 8.890193
v -10.010200 -14.778597 8.733283
v -10.206000 -16.384199 9.015953
v -9.603670 -17.958300 8.866652
v -8.460040 -19.414400 8.723896
v -7.538770 -20.019899 8.794975
v -6.230460 -20.258101 9.152246
v -5.438410 -19.443701 10.272406
v -3.933370 -17.352900 11.414203
v -3.149000 -14.487700 11.799503
v -3.596560 -13.034997 13.555202
v -4.362840 -11.884897 13.242702
v -5.977090 -10.938297 12.779103
v -7.259750 -10.775597 12.488703
v -8.075970 -10.773997 11.784303
v -9.689460 -11.844497 10.585803
v -10.473400 -13.343197 10.180103
v -10.563700 -14.264197 9.885233
v -10.721800 -16.052401 9.961293
v -10.000600 -17.716999 9.591143
v -8.692180 -19.235399 9.256946
v -7.663060 -19.869400 9.269556
v -6.229800 -20.132000 9.653134
v -5.414670 -19.379299 11.001104
v -3.868870 -17.220200 12.568303
v -3.127060 -14.139697 13.407603
v -4.133390 -13.666698 13.850403
v -4.833690 -12.622197 13.590803
v -6.300760 -11.763497 13.187003
v -7.463190 -11.616997 12.923303
v -8.198810 -11.603697 12.284003
v -9.652670 -12.556397 11.167003
v -10.352900 -13.909497 10.762703
v -10.428300 -14.737700 10.474303
v -10.561100 -16.360399 10.502003
v -9.896480 -17.855801 10.131203
v -8.700620 -19.216000 9.798265
v -7.764260 -19.784700 9.798696
v -6.465030 -20.022900 10.145006
v -5.735100 -19.366899 11.386004
v -4.352090 -17.437395 12.860203
v -3.700860 -14.661397 13.693103
v -4.912780 -14.132097 14.050603
v -5.493840 -13.278497 13.879403
v -6.696920 -12.578397 13.578003
v -7.644510 -12.460597 13.362203
v -8.242010 -12.430897 12.836403
v -9.408280 -13.174097 11.878303
v -9.961420 -14.265800 11.487003
v -10.011900 -14.928497 11.216403
v -10.102000 -16.251900 11.168900
v -9.541230 -17.445999 10.807403
v -8.549250 -18.525900 10.486003
v -7.779630 -18.978500 10.468006
v -6.720010 -19.173000 10.748106
v -6.139680 -18.684099 11.791003
v -5.042760 -17.161394 13.082203
v -4.548100 -14.930397 13.882903
v -5.705900 -14.675797 13.691401
v -6.124260 -14.059299 13.562201
v -6.992420 -13.553397 13.340603
v -7.677000 -13.468097 13.184803
v -8.108080 -13.448997 12.806203
v -8.954120 -13.990897 12.119803
v -9.356200 -14.781397 11.845603
v -9.394170 -15.261997 11.655003
v -9.461810 -16.218201 11.630403
v -9.059330 -17.084499 11.377303
v -8.345050 -17.868900 11.151903
v -7.789920 -18.197399 11.141503
v -7.024480 -18.337900 11.344103
v -6.603210 -17.978201 12.093403
v -5.806530 -16.870995 13.014003
v -5.444130 -15.254297 13.575703
v -7.611040 -14.484097 13.027203
v -2.363360 -9.273813 -9.439887
v -0.857446 -7.684711 -9.220897
v 1.152900 -7.856421 -9.158517
v 1.547860 -8.288903 -9.186247
v 2.129350 -9.596373 -9.294357
v 2.268570 -10.644003 -9.235767
v 2.250220 -11.026703 -9.230797
v 2.239270 -11.254503 -9.167107
v 1.976500 -12.052402 -8.961937
v 1.436960 -12.721503 -8.690507
v 1.186500 -13.007703 -8.581877
v -1.973880 -12.107903 -9.128067
v -2.018640 -11.962003 -9.169837
v -2.271640 -11.106400 -9.422927
v -2.483430 -10.298303 -9.444137
v -2.742350 -8.717233 -10.217797
v -0.968673 -6.836413 -10.189397
v 1.391840 -7.032153 -10.062497
v 1.854330 -7.541253 -10.022097
v 2.533100 -9.082473 -9.936567
v 2.667830 -10.738803 -9.638330
v 2.653100 -10.994203 -9.528837
v 2.338040 -11.890903 -9.169337
v 1.400480 -12.942203 -8.588867
v -1.060220 -13.396303 -8.472757
v -1.737110 -13.013903 -8.750237
v -2.301620 -11.970703 -9.408267
v -2.643070 -10.849303 -9.911597
v -2.888000 -9.910823 -10.064897
v -2.374970 -8.282973 -11.953697
v -0.879504 -6.848603 -11.267200
v 1.116450 -7.004753 -11.319798
v 1.508510 -7.395563 -11.498597
v 2.085590 -8.576703 -12.045297
v 2.211330 -9.934943 -12.459297
v 1.950730 -10.986903 -12.537498
v 1.181250 -12.015803 -12.474497
v -0.890045 -12.443303 -12.484900
v -1.471200 -12.060803 -12.526197
v -1.971570 -11.033503 -12.604097
v -2.278400 -10.002903 -12.542697
v -2.491310 -9.242103 -12.291197
v -1.861900 -7.725703 -12.540897
v -0.772848 -6.837073 -11.822697
v 0.669533 -6.924423 -11.918097
v 0.950917 -7.163053 -12.120097
v 1.361830 -7.886913 -12.725997
v 1.449010 -8.761633 -13.264197
v 1.261680 -9.485313 -13.505997
v 0.708720 -10.221703 -13.637197
v -0.787859 -10.531903 -13.690697
v -1.209500 -10.260303 -13.641297
v -1.574750 -9.530263 -13.501697
v -1.797850 -8.821943 -13.266897
v -1.949360 -8.336463 -12.949497
v -1.474950 -7.431613 -12.904697
v -0.692286 -6.814283 -12.367097
v 0.342475 -6.873143 -12.441497
v 0.544019 -7.038253 -12.593897
v 0.837798 -7.539593 -13.049997
v 0.899551 -8.151263 -13.461097
v 0.764982 -8.663321 -13.654799
v 0.368344 -9.187943 -13.768497
v -0.705431 -9.409873 -13.811997
v -1.008010 -9.216853 -13.767797
v -1.270190 -8.697703 -13.645897
v -1.430120 -8.196743 -13.456800
v -1.538340 -7.857873 -13.214897
v -0.358819 -8.165983 -14.050597
v -2.503200 -18.309299 3.428434
v -2.722960 -17.924299 4.312985
v -2.770370 -17.798100 4.528645
v -3.170510 -16.993200 5.540935
v -3.700450 -17.660000 5.786133
v -4.047950 -18.193600 5.967064
v -4.353380 -18.619400 5.968834
v -5.757550 -19.327101 5.654873
v -3.104010 -18.981501 0.118246
v -2.873160 -18.961300 0.919024
v -2.430340 -18.931900 1.510883
v -2.437550 -18.731100 2.162253
v -2.455550 -18.640699 2.499483
v -2.881900 -18.594000 2.605794
v -3.347700 -17.995100 4.220833
v -4.731690 -18.540899 5.332404
v -3.050250 -18.886801 1.326953
v -4.204510 -18.586100 2.464043
v 0.710033 -18.659201 -1.137157
v 2.059130 -18.591801 -0.991560
v 1.184900 -18.677200 -0.388351
v 2.005300 -18.595400 -0.057273
v 6.392370 -19.205601 4.524454
v 5.649250 -19.492001 4.319423
v 5.111940 -19.710300 4.191434
v 4.948490 -19.681299 4.144074
v 4.808780 -19.629299 4.113093
v 2.310560 -18.581400 0.006966
v 2.317290 -18.589399 -0.199139
v 2.435390 -18.563101 -0.843746
v 2.445970 -18.529301 -1.453097
v 2.453030 -18.522900 -1.486637
v 2.497450 -18.506901 -1.513467
v 5.140600 -18.077000 0.480868
v 4.078340 -18.361700 0.515860
v 5.227130 -18.221500 2.559404
v 5.813590 -17.882500 0.085186
v 3.008720 -18.505699 -0.057602
v 3.149330 -18.362700 -1.358047
v 4.385250 -18.225201 -0.367961
v 5.921210 -18.531401 3.730284
v 4.348490 -18.314800 1.565013
v 4.917190 -19.293100 3.913803
v 5.379220 -18.025700 1.430563
v 6.051710 -17.825800 1.752733
v 5.974120 -17.856199 0.703998
v 6.698380 -17.945499 3.811604
v 6.211270 -17.807100 2.818813
v -3.181270 -18.554701 -2.430926
v -3.677170 -18.767099 -1.694177
v -3.737080 -18.900400 -1.144407
v -3.798480 -18.919901 -0.965187
v -4.003710 -18.924400 -0.291899
v -4.387250 -18.817499 1.003343
v -4.569810 -18.655199 1.981173
v -4.454770 -18.580601 2.417104
v -4.610640 -18.508699 2.720664
v -4.841340 -18.339399 3.592873
v -5.043370 -18.380501 4.276303
v -5.377290 -18.527100 4.818163
v -6.326560 -18.969900 5.203534
v -6.327570 -18.972601 5.201005
v -7.441500 -18.706400 5.423645
v -7.805170 -17.625200 -1.220047
v -7.806360 -17.616699 -1.256087
v -7.786430 -17.621599 -1.280537
v -7.088460 -17.762699 -2.269997
v -6.733890 -17.843500 -2.481476
v -5.973400 -17.860100 -3.116156
v -4.795120 -17.983400 -3.412727
v -3.754400 -18.224100 -3.200436
v -3.179430 -18.507601 -2.565936
v -4.425430 -18.518000 -2.236657
v -6.068030 -18.592800 -0.074692
v -4.167760 -18.859600 -1.090557
v -5.711270 -18.209400 -2.412636
v -7.013760 -17.969801 -1.530697
v -4.613650 -18.862801 -0.206153
v -5.234790 -18.716700 1.116953
v -7.446390 -17.989401 0.111758
v -5.285900 -18.495199 2.474644
v -6.350560 -18.453600 4.462113
v -5.406490 -18.630199 -1.248147
v -6.455580 -18.395700 1.312823
v -4.075590 0.814350 -3.373210
v -3.013280 0.917503 -3.981760
v -2.647920 0.822370 -4.312440
v -2.398540 0.502634 -4.884340
v -2.430180 -0.562366 -6.314260
v -1.813830 -1.281423 -7.332290
v -2.771100 -2.451452 -7.833540
v -3.895180 -3.073931 -7.815470
v -4.387020 -3.445451 -7.831220
v -5.074780 -2.521210 -6.561030
v -3.595950 -0.128111 -4.914970
v -3.013390 -1.610361 -7.064290
v -11.907600 -3.056270 -2.447290
v -11.464200 -2.597770 -2.632620
v -11.380700 -2.501910 -2.666640
v -10.996300 -2.455890 -2.737720
v -9.543510 -1.921220 -3.009430
v -9.022670 -1.696390 -3.108090
v -6.463690 -1.964190 -4.768230
v -5.910520 -2.754050 -6.166240
v -5.691490 -3.012450 -6.681040
v -5.697870 -3.487550 -7.192190
v -5.722200 -3.694402 -7.328629
v -5.784450 -4.135860 -7.490037
v -6.334360 -5.091813 -7.453928
v -7.177300 -6.321210 -7.175397
v -8.302670 -6.817990 -5.853390
v -9.496250 -6.192193 -3.832410
v -9.720310 -5.836970 -3.051280
v -9.881430 -5.502920 -2.782058
v -10.204800 -5.257030 -2.542140
v -11.013200 -4.372640 -2.381570
v -10.334700 -3.280580 -2.848920
v -8.894880 -3.648380 -3.787640
v -7.396820 -5.182900 -6.513628
v -7.093650 -2.912840 -5.202700
v -8.569800 -5.682590 -5.168509
v -6.250620 -3.720201 -6.815259
v -7.743010 -4.191200 -5.612617
v -8.701420 0.594052 -0.920757
v -6.796990 0.703026 -0.316032
v -5.870530 -0.099028 0.846976
v -5.609340 -0.442833 1.283660
v -5.606570 0.088879 0.489344
v -5.531020 0.293355 -0.055678
v -5.312610 0.422834 -0.443193
v -5.219180 0.483345 -0.703625
v -5.079610 0.530771 -1.053580
v -5.024960 0.527718 -1.325270
v -4.684140 0.559340 -2.418430
v -4.436260 0.629863 -2.943230
v -4.359690 0.506213 -3.325430
v -3.975930 -0.133254 -4.571930
v -4.013850 -0.263501 -4.710160
v -5.498390 -1.616520 -5.146220
v -7.795900 -1.956320 -3.827510
v -8.284390 -1.741110 -3.395770
v -8.509430 -1.552990 -3.232750
v -9.242760 -1.108480 -2.906430
v -9.519590 -0.734962 -2.681050
v -9.945180 -0.509204 -2.520000
v -10.119400 0.130665 -2.121990
v -9.986600 0.496030 -1.758440
v -9.703190 0.877582 -1.271320
v -9.087940 -0.076585 -2.057660
v -5.113850 -0.535856 -4.057130
v -8.466600 -1.179760 -3.089420
v -7.395120 0.204022 -1.261350
v -4.879620 0.368914 -2.614130
v -6.896820 -1.506430 -4.042770
v -5.799970 0.354131 -0.842497
v -6.809610 -0.358092 -2.519560
v 11.195900 -3.852440 -1.976570
v 11.589700 -4.469410 -1.602030
v 11.635000 -4.757300 -1.272030
v 11.614300 -5.124700 -0.762655
v 10.787100 -5.257660 0.062028
v 10.368900 -5.413210 0.683658
v 9.822010 -5.342460 0.995192
v 8.795740 -5.389900 1.070060
v 8.635930 -5.556820 1.006290
v 8.900970 -6.140350 0.232997
v 4.177300 0.108464 -1.123580
v 4.918440 -0.390622 0.436485
v 4.914010 -0.456217 0.794712
v 5.592780 -0.347554 0.546112
v 6.821640 -0.114435 0.152843
v 6.904770 -0.107049 0.092802
v 7.952370 -0.263191 -0.902691
v 6.839380 -2.925941 -6.387910
v 7.064270 -3.823850 -6.477670
v 8.759150 -6.018660 -0.508243
v 9.009180 -6.513610 -0.843200
v 9.634400 -7.670870 -1.175377
v 9.918650 -8.296970 -1.412457
v 9.946300 -8.989070 -2.429117
v 9.719470 -9.774600 -3.807597
v 9.267660 -9.319350 -4.566850
v 8.841030 -8.935390 -5.167789
v 8.307210 -7.859400 -5.616320
v 9.680520 -9.049190 -3.542007
v 9.719110 -8.326660 -2.459007
v 9.039650 -8.046500 -4.188397
v 9.058440 -6.989450 -2.357008
v 8.697240 -0.416741 -1.471010
v 8.938510 -0.484356 -1.701230
v 9.193000 -0.537614 -1.944120
v 9.358220 -0.492823 -2.041200
v 9.442900 -0.502044 -2.094300
v 9.552620 -0.580751 -2.176120
v 9.797740 -0.816638 -2.374720
v 10.849300 -0.994233 -2.727480
v 10.928600 -1.365020 -2.827250
v 8.452340 -2.858191 -5.547030
v 7.563590 -2.822242 -6.057280
v 6.925260 -2.868572 -6.340050
v 6.913330 -2.875100 -6.347830
v 6.888120 -2.835351 -6.326880
v 9.882310 -1.317780 -2.699310
v 8.072800 -2.335460 -5.594270
v 9.139020 -1.704080 -3.729590
v 9.015510 -2.020180 -4.508990
v 9.241120 -0.891202 -2.213260
v 8.628130 -2.330312 -5.189040
v 9.102160 -1.459390 -2.863250
v 9.180970 -2.287160 -4.622390
v 9.349590 -2.233420 -4.190290
v 9.438740 -2.023070 -3.847210
v 9.522620 -1.849620 -3.436720
v 9.888580 -1.370550 -2.735600
v 9.972920 -1.373180 -2.717430
v 10.657800 -1.384780 -2.784180
v 11.426200 -2.251610 -3.079770
v 11.149100 -3.830570 -1.953360
v 11.161300 -3.850520 -1.946960
v 9.862320 -4.752370 0.238385
v 9.548420 -4.942780 0.477411
v 8.941520 -5.097350 0.654812
v 8.537470 -5.221390 0.599743
v 8.542080 -5.283750 0.192401
v 8.595030 -5.521320 -0.210122
v 8.637040 -5.633520 -0.625862
v 8.675690 -5.747600 -0.761045
v 8.785150 -5.911580 -1.354200
v 8.818600 -5.997000 -1.905370
v 8.846600 -6.278680 -2.658070
v 8.793880 -6.838380 -3.553630
v 8.545800 -7.081973 -4.847817
v 8.305500 -7.204890 -5.448607
v 8.035060 -7.170130 -5.826300
v 7.586870 -7.064291 -6.314209
v 7.092220 -6.221653 -6.760128
v 6.995660 -5.903883 -6.809937
v 7.117690 -5.446763 -6.571990
v 7.225740 -4.814450 -6.398220
v 7.545310 -4.330990 -6.055240
v 8.171450 -3.534961 -5.584137
v 8.282900 -3.235981 -5.563737
v 8.478910 -3.019881 -5.489880
v 8.711720 -2.838400 -5.340140
v 8.915880 -2.587142 -4.905220
v 9.229050 -3.216260 -3.322770
v 10.407200 -1.866990 -2.868500
v 10.146400 -3.711090 -1.408230
v 8.765790 -4.349290 -3.372350
v 8.344960 -5.611510 -4.791657
v 7.540860 -6.305243 -6.227037
v 9.677810 -2.663270 -3.122100
v 8.764420 -5.783910 -1.781260
v 8.469300 -3.314801 -5.340539
v 8.213860 -6.510460 -5.312230
v 7.778060 -5.356580 -5.756907
v 8.677820 -5.710980 -3.678770
v 8.287610 -4.595370 -4.989450
v 1.935890 -3.136393 -8.075590
v 2.969720 -2.555390 -7.648500
v 6.461680 -2.948442 -6.575550
v 6.482870 -3.249980 -6.732250
v 6.652510 -3.836510 -6.816658
v 6.630470 -4.174911 -6.904017
v 6.535770 -4.926291 -7.121990
v 6.222020 -5.429543 -7.648139
v 5.942250 -5.558220 -7.886320
v 4.475880 -5.972240 -8.662820
v 3.336780 -5.055080 -8.732250
v 2.554730 -4.561420 -8.637000
v 2.141190 -3.756663 -8.333570
v 2.934280 -3.480443 -8.154910
v 4.729460 -4.994153 -8.399750
v 4.026710 -2.485700 -7.404360
v 6.034960 -2.767292 -6.597910
v 5.793910 -4.840850 -7.792600
v 3.773260 -4.366023 -8.447750
v 3.584820 -2.804250 -7.765070
v 6.081310 -4.031110 -7.223847
v 4.940660 -4.303570 -8.124380
v 4.309760 -3.352500 -7.855720
v -6.698730 -18.169500 2.158484
v -6.651230 -18.130301 2.610534
v -6.650050 -18.191900 3.747063
v -6.594520 -18.247999 4.317534
v -6.609530 -18.271900 4.469945
v -7.527740 -18.178699 5.156364
v -8.238600 -17.798300 5.572243
v -8.997980 -16.042200 5.717505
v -9.104890 -15.556400 5.630503
v -8.941580 -14.846500 5.349163
v -8.851150 -14.373600 5.284583
v -8.766010 -14.084300 5.160173
v -9.040130 -13.506300 4.185003
v -9.281240 -13.461000 3.892393
v -10.033200 -13.842900 2.572403
v -10.298600 -14.034000 2.007373
v -10.445100 -14.070200 1.670983
v -10.510300 -14.230400 1.233073
v -10.430300 -14.819500 0.335178
v -10.328300 -15.023800 -0.154211
v -10.030900 -15.414000 -0.568389
v -9.817320 -15.700400 -0.680129
v -9.469970 -16.151400 -0.614492
v -9.028200 -16.643101 -0.617152
v -8.599940 -17.111799 -0.389683
v -8.299050 -17.476700 -0.173696
v -7.836820 -17.746401 0.305228
v -7.648370 -17.842501 0.522581
v -7.127720 -18.010900 1.516163
v -7.680250 -17.739000 4.845665
v -8.902300 -16.253401 2.433433
v -7.107010 -17.859600 3.497774
v -8.831150 -14.945400 4.630583
v -7.338210 -17.733801 2.370783
v -8.090060 -16.886299 3.765663
v -8.239710 -17.363199 0.770134
v -10.097100 -15.012600 1.403503
v -8.588150 -16.421000 5.168074
v -9.008250 -16.720400 -0.006151
v -9.575520 -14.479500 3.008923
v -9.331590 -16.298401 1.068983
v -9.910960 -15.624900 0.061990
v 8.381400 -14.979900 6.277513
v 8.460670 -15.464000 5.983513
v 8.762360 -16.812500 5.917224
v 8.703270 -17.207500 5.771453
v 8.454530 -17.607401 5.508905
v 8.275150 -17.679600 5.349434
v 7.743410 -18.091801 5.027834
v 7.044710 -17.776699 4.316703
v 6.815570 -17.816000 3.827564
v 6.796000 -17.810101 3.752103
v 6.786580 -17.770901 3.572464
v 6.504130 -17.694500 2.801914
v 6.615470 -17.621201 2.424553
v 6.550590 -17.651199 1.968293
v 6.862100 -17.635401 0.895472
v 9.677980 -15.380000 0.757264
v 9.730500 -15.270000 1.118903
v 9.610290 -15.026800 2.196353
v 9.512830 -14.651100 2.815653
v 8.911280 -14.670300 3.536053
v 8.019370 -14.250800 5.078883
v 8.053590 -14.536400 5.555803
v 8.293670 -15.224100 4.593723
v 8.370490 -16.297199 2.592063
v 8.335490 -16.898701 5.249993
v 7.123570 -17.440399 3.258763
v 8.855460 -15.257900 3.216893
v 7.277420 -17.306999 1.739473
v 7.883450 -16.641500 3.888913
v 3.299700 -20.388100 5.539094
v 2.770060 -20.119499 6.007484
v 2.395920 -19.741100 6.157243
v 1.797240 -19.200701 6.606555
v 0.903801 -17.565201 6.322784
v 0.819213 -17.513201 6.359903
v 0.816415 -17.399599 6.345214
v 0.872976 -16.458500 6.165723
v 0.773509 -16.377701 6.138723
v -0.547262 -17.055099 5.500033
v -0.973561 -17.529900 4.929544
v -1.054010 -17.625299 4.772184
v -1.125740 -17.981100 3.993153
v -1.215200 -18.064501 3.816854
v -1.355490 -18.194000 3.538303
v -1.280910 -18.290501 3.233404
v -1.652310 -18.728701 2.035414
v -1.521330 -18.772400 1.739523
v -0.878568 -18.795200 0.622391
v -0.801691 -18.834400 0.243168
v -0.266011 -18.777700 0.116891
v 0.487302 -18.720200 -0.095888
v 1.167240 -18.645201 -0.079716
v 1.797000 -18.583200 0.119668
v 1.982150 -18.564800 0.221310
v 2.177790 -18.551901 0.285761
v 2.360270 -18.535900 0.353915
v 2.642940 -18.497000 0.496055
v 3.056150 -18.449100 0.756124
v 3.322770 -18.416100 1.034293
v 3.708310 -18.378000 1.440733
v 4.031840 -18.363899 1.750213
v 4.231980 -18.353800 1.873293
v 4.807250 -18.401300 2.647503
v 4.701080 -19.239201 3.841503
v 4.781130 -19.298901 3.913204
v 4.655220 -19.498600 4.063685
v 4.495720 -19.682800 4.270254
v 4.078780 -19.873600 4.639433
v 3.473930 -20.447901 5.411964
v 1.776810 -18.670500 5.965804
v -0.575064 -17.563601 4.781173
v 0.063391 -18.629700 0.802930
v 2.443100 -18.566200 3.272544
v 2.579150 -19.543200 5.595423
v -0.585391 -18.573999 1.664493
v 1.239580 -18.587000 0.367542
v 2.845390 -18.451599 1.855833
v 0.440148 -18.149799 3.570803
v 3.829940 -18.609400 2.740434
v 3.796230 -19.241199 4.065445
v 2.057780 -18.589500 4.722075
v -0.884839 -18.471001 2.430503
v 2.399380 -18.496799 0.690342
v 1.422700 -18.442900 1.577173
v -0.635720 -18.099501 3.621934
v 0.573386 -17.800400 4.421104
v 0.359991 -18.345301 2.536484
v 1.208020 -18.298100 3.527464
v 3.251020 -19.795799 5.083523
v 1.627410 -18.409401 2.596413
v 1.829820 1.102600 -4.297310
v 2.142850 1.084450 -4.227590
v 2.950760 0.877488 -3.666440
v 2.985490 0.855517 -3.623640
v 3.797930 0.319393 -2.715420
v 4.123680 0.282059 -1.927750
v 4.303840 0.040125 -1.249990
v 4.568750 -0.177317 -0.761825
v 4.570580 -0.210269 -0.490365
v 4.897020 -0.312656 -0.269487
v 5.223040 -0.380424 0.181221
v 5.682990 -0.366576 0.289866
v 6.370030 -0.304144 0.005816
v 6.711850 -0.274730 -0.014985
v 7.052350 -0.330692 -0.290053
v 7.891410 -0.313382 -0.890815
v 7.939230 -0.314016 -0.920161
v 7.965700 -0.340564 -0.959427
v 8.228830 -0.450128 -1.214540
v 8.432470 -0.515643 -1.373590
v 8.613630 -0.580544 -1.549390
v 8.731450 -0.656186 -1.690300
v 8.766970 -0.720041 -1.768310
v 8.772100 -0.849813 -1.899580
v 8.759880 -1.106230 -2.269070
v 8.878180 -1.429800 -2.803450
v 8.898700 -1.478030 -2.921250
v 8.927780 -1.649860 -3.580930
v 8.854360 -1.680430 -3.748270
v 8.682710 -1.828220 -4.304420
v 8.552860 -1.900610 -4.573880
v 8.263470 -2.039011 -5.019860
v 8.017310 -2.222703 -5.493770
v 7.849690 -2.246711 -5.592450
v 7.420640 -2.566680 -5.977960
v 6.978670 -2.680230 -6.205000
v 6.812320 -2.737320 -6.281860
v 6.753790 -2.737150 -6.299250
v 6.635270 -2.728350 -6.337670
v 6.341260 -2.725920 -6.459320
v 6.035720 -2.737120 -6.575900
v 6.016170 -2.726362 -6.578690
v 5.859480 -2.658412 -6.621550
v 4.921490 -2.584512 -7.049330
v 4.491810 -2.330520 -7.089950
v 4.099610 -2.240000 -7.165760
v 3.522390 -2.003922 -7.022530
v 2.869160 -1.168630 -6.488000
v 1.761710 0.735625 -4.685840
v 1.664870 1.010530 -4.428900
v 2.151870 0.158104 -5.187250
v 2.736900 -0.056964 -5.142760
v 6.184560 -1.181020 -3.306940
v 5.517540 -0.387007 -0.138093
v 4.182870 -2.103410 -7.031720
v 2.311170 -0.186015 -5.544000
v 2.248250 0.599224 -4.616910
v 2.903440 0.528850 -4.156400
v 3.421070 -1.029940 -6.212810
v 6.598030 -1.595510 -5.073910
v 4.436590 -0.538406 -4.239580
v 5.337310 -0.638200 -1.960140
v 7.063080 -1.193290 -1.898960
v 7.554810 -1.523890 -3.508170
v 2.744820 -0.569676 -5.865850
v 3.653930 -1.557810 -6.662930
v 7.646780 -1.906130 -5.132080
v 7.187980 -2.179260 -5.722680
v 6.471640 -2.475560 -6.224220
v 6.335160 -1.279430 -4.089120
v 4.304840 -1.225181 -6.068840
v 3.501790 0.238598 -3.804120
v 3.629370 -0.242691 -4.695460
v 5.392630 -0.904666 -3.711660
v 5.960890 -0.496581 -0.683191
v 4.755530 -0.225630 -1.333880
v 4.347910 -0.023267 -2.250960
v 5.762710 -0.971029 -2.688680
v 8.281180 -0.886212 -1.766050
v 7.380630 -0.591522 -0.964355
v 6.304340 -0.995099 -1.779530
v 6.567020 -1.262240 -2.603640
v 8.456140 -1.477290 -3.028950
v 7.374050 -1.399780 -2.670780
v 8.175150 -1.726830 -4.251060
v 6.861430 -1.387570 -3.417820
v 7.197470 -1.530970 -4.234920
v 5.289170 -2.125630 -6.513750
v 5.431300 -1.344050 -5.442740
v 4.379970 -1.927621 -6.794220
v 4.435150 -0.779744 -5.106100
v 3.862420 0.132564 -3.085550
v 3.573390 -0.635712 -5.561850
v 4.832790 -0.281533 -0.577737
v 4.439210 -0.353131 -3.298970
v 5.788730 -1.180990 -4.628280
v 5.109680 -0.934761 -4.654300
v 5.059850 -0.638208 -2.772540
v 1.260480 -14.757103 -7.519227
v 1.613910 -14.122203 -8.001747
v 1.872840 -13.359003 -8.427837
v 2.117060 -12.859003 -8.648767
v 2.284110 -12.254903 -8.886427
v 2.322320 -12.084103 -8.945017
v 2.512350 -11.402303 -9.138997
v 2.643890 -11.248403 -9.171937
v 2.672700 -11.039103 -9.212567
v 2.752910 -10.780203 -9.226707
v 3.100310 -10.375603 -9.233037
v 4.022320 -9.794513 -9.225237
v 4.193190 -9.744143 -9.213577
v 4.498150 -9.979613 -9.065287
v 5.906310 -9.908983 -8.270787
v 7.108110 -10.921803 -7.305817
v 8.214800 -11.308200 -6.294247
v 8.722500 -11.068300 -5.638077
v 9.231510 -11.732100 -4.933477
v 9.622000 -12.021900 -4.148297
v 9.980760 -12.731500 -2.724217
v 10.197700 -12.891000 -0.975087
v 10.135500 -14.137700 -0.176479
v 9.787000 -15.068700 0.180420
v 9.604600 -15.418700 0.405971
v 9.523410 -15.542800 0.486776
v 9.348200 -15.726000 0.605406
v 9.185020 -15.861000 0.750826
v 8.947190 -16.039200 0.935575
v 8.581740 -16.369600 1.065873
v 8.109790 -16.797600 0.826287
v 7.323370 -17.381300 0.673524
v 7.033930 -17.559700 0.626919
v 6.777190 -17.659401 0.335676
v 6.234460 -17.808701 0.188261
v 5.864730 -17.876900 0.032476
v 5.810280 -17.889299 -0.010433
v 5.405600 -17.999599 -0.252926
v 5.115350 -18.064501 -0.483821
v 4.769980 -18.118500 -0.880795
v 4.093100 -18.170500 -1.563397
v 3.418990 -18.183901 -1.978807
v 2.162500 -17.979200 -3.284777
v 2.069310 -17.956499 -3.395226
v 2.058760 -17.886999 -3.560217
v 1.258290 -17.416300 -4.551465
v 1.050620 -16.764500 -5.431127
v 0.679545 -16.349100 -5.910157
v 0.604570 -16.211000 -6.067955
v 0.549024 -16.049200 -6.248927
v 0.499800 -15.855503 -6.447106
v 0.652087 -15.176702 -7.011637
v 1.016100 -15.035103 -7.215667
v 1.080580 -16.099800 -6.204126
v 5.371790 -12.677903 -8.198807
v 8.940520 -15.957900 -1.653717
v 2.634210 -17.052601 -5.071027
v 1.418800 -15.311903 -7.010107
v 8.010850 -12.290203 -6.460637
v 4.208670 -14.654403 -7.517077
v 3.856560 -10.857003 -9.044697
v 3.349720 -12.448203 -8.716107
v 5.762600 -11.141003 -8.301447
v 7.768150 -17.031200 -0.633833
v 9.631390 -14.249500 -3.368627
v 9.148630 -15.878800 0.309825
v 9.718280 -14.900000 -0.858728
v 2.718300 -17.879400 -3.407496
v 6.694450 -12.782803 -7.404347
v 8.686330 -11.845200 -5.761627
v 7.277250 -15.568600 -4.793747
v 2.935070 -16.079500 -6.364295
v 3.088040 -13.747603 -8.184337
v 2.734520 -14.904103 -7.429977
v 4.764090 -13.801803 -7.927847
v 6.062110 -17.812599 -0.549999
v 9.900440 -13.849700 -2.234787
v 9.270310 -15.074200 -2.830787
v 9.660720 -13.477500 -3.723967
v 8.116170 -14.539900 -5.194567
v 8.296620 -15.359400 -4.046827
v 5.588730 -17.300200 -3.736697
v 5.747540 -15.285700 -6.218797
v 5.857780 -13.654403 -7.568397
v 8.862800 -13.097200 -5.244317
v 7.629100 -13.702600 -6.298057
v 8.135510 -16.341299 -2.701267
v 9.138480 -14.369500 -4.152607
v 4.402540 -17.208099 -4.496776
v 4.265640 -17.907700 -2.685606
v 5.862520 -17.635500 -2.492666
v 6.485620 -16.595501 -4.150485
v 6.932780 -14.879300 -5.857077
v 5.308780 -14.585903 -7.155797
v 4.332140 -15.615103 -6.578857
v 7.493040 -16.145000 -3.854187
v 3.895550 -16.600300 -5.652666
v 7.195500 -17.225599 -2.101347
v 5.505090 -16.747101 -4.669006
v 6.136530 -15.924900 -5.250616
v 6.299740 -17.192499 -3.439047
v 6.446280 -14.186503 -6.820547
v 5.003470 -16.344999 -5.474895
v 6.988540 -16.931400 -3.189637
vn -0.1465 0.6760 0.7222
vn -0.3632 0.6229 0.6929
vn -0.1851 0.3654 0.9123
vn -0.1126 0.6528 -0.7491
vn -0.3402 0.5896 -0.7326
vn -0.4375 0.8014 -0.4079
vn -0.1372 0.8916 -0.4316
vn -0.1552 0.3442 -0.9260
vn -0.7479 0.5729 0.3354
vn -0.5909 0.4561 0.6655
vn -0.7396 0.5612 -0.3715
vn -0.7959 0.6050 -0.0199
vn -0.5687 0.4404 -0.6947
vn -0.9355 -0.0690 0.3465
vn -0.8251 -0.4093 0.3894
vn -0.6318 -0.2811 0.7224
vn -0.7049 -0.0393 0.7083
vn -0.9967 -0.0792 -0.0153
vn -0.8895 -0.4569 -0.0093
vn -0.9237 -0.0773 -0.3751
vn -0.8121 -0.4184 -0.4066
vn -0.6814 -0.0558 -0.7298
vn -0.6080 -0.2979 -0.7360
vn -0.3782 -0.5571 0.7393
vn -0.2963 -0.2247 0.9283
vn -0.5015 -0.7584 0.4164
vn -0.5442 -0.8389 0.0008
vn -0.4880 -0.7679 -0.4150
vn -0.3541 -0.5741 -0.7383
vn -0.2660 -0.2461 -0.9320
vn -0.1879 0.0372 0.9815
vn -0.1893 -0.3210 0.9280
vn -0.2402 -0.6318 0.7369
vn -0.2907 -0.8581 0.4233
vn -0.3094 -0.9509 0.0106
vn -0.2771 -0.8677 -0.4127
vn -0.2163 -0.6487 -0.7297
vn -0.1590 -0.3423 -0.9260
vn -0.1557 0.0146 -0.9877
vn -0.9156 0.2251 0.3332
vn -0.7274 0.1708 0.6646
vn -0.9717 0.2354 -0.0186
vn -0.9041 0.2170 -0.3680
vn -0.7053 0.1552 -0.6918
vn -0.3366 0.2948 0.8943
vn -0.4555 0.0629 0.8880
vn -0.3071 0.2740 -0.9114
vn -0.4262 0.0423 -0.9036
vn 0.1519 -0.0384 0.9876
vn 0.1556 -0.3190 0.9349
vn 0.3391 -0.1438 0.9297
vn 0.3573 -0.5731 0.7375
vn 0.6173 -0.2757 0.7368
vn 0.4838 -0.7689 0.4180
vn 0.8239 -0.3790 0.4213
vn 0.5350 -0.8446 0.0184
vn 0.9063 -0.4222 0.0196
vn 0.4969 -0.7782 -0.3842
vn 0.8371 -0.3883 -0.3853
vn 0.3809 -0.5898 -0.7121
vn 0.6409 -0.2923 -0.7098
vn 0.1859 -0.3404 -0.9217
vn 0.3692 -0.1650 -0.9146
vn 0.1840 -0.0610 -0.9810
vn 0.3760 0.0505 0.9253
vn 0.6986 0.0802 0.7111
vn 0.9149 0.0976 0.3916
vn 0.9948 0.1006 0.0151
vn 0.9273 0.0889 -0.3637
vn 0.7214 0.0640 -0.6895
vn 0.4060 0.0294 -0.9134
vn 0.2294 -0.8799 0.4161
vn 0.1659 -0.6510 0.7407
vn 0.2567 -0.9664 0.0160
vn 0.2441 -0.8884 -0.3887
vn 0.1898 -0.6678 -0.7197
vn 0.0919 -0.6977 -0.7104
vn 0.1096 -0.4097 -0.9056
vn 0.3599 0.1306 0.9238
vn 0.6665 0.2270 0.7101
vn 0.8739 0.2897 0.3904
vn 0.9510 0.3088 0.0120
vn 0.8863 0.2810 -0.3682
vn 0.6894 0.2108 -0.6930
vn 0.3899 0.1095 -0.9143
vn 0.3072 0.2261 0.9244
vn 0.5721 0.4025 0.7147
vn 0.7563 0.5225 0.3937
vn 0.8267 0.5626 0.0070
vn 0.7690 0.5135 -0.3807
vn 0.5953 0.3861 -0.7047
vn 0.3373 0.2049 -0.9188
vn 0.2717 0.2892 0.9179
vn 0.4166 0.5505 0.7235
vn 0.5239 0.7488 0.4060
vn 0.5371 0.7394 -0.4058
vn 0.4401 0.5339 -0.7220
vn 0.3016 0.2681 -0.9150
vn 0.1827 0.3336 0.9248
vn 0.1454 0.0023 0.9894
vn 0.2121 0.6438 0.7352
vn 0.2533 0.8734 0.4160
vn 0.2362 0.6268 -0.7425
vn 0.2692 0.8630 -0.4274
vn 0.2129 0.3123 -0.9258
vn 0.1776 -0.0204 -0.9839
vn 0.1175 -0.3443 -0.9315
vn 0.0760 0.3534 0.9324
vn 0.0640 0.0110 0.9979
vn 0.1065 0.3319 -0.9373
vn 0.0965 -0.0119 -0.9953
vn -0.1378 -0.3579 -0.9235
vn -0.0117 -0.3383 -0.9410
vn -0.0746 -0.6609 -0.7468
vn -0.1198 -0.0163 -0.9927
vn -0.0071 -0.0062 -1.0000
vn -0.1522 0.0065 0.9883
vn 0.0971 -0.6385 -0.7635
vn -0.0363 0.3468 0.9372
vn -0.0397 0.0168 0.9991
vn 0.0111 0.6657 0.7461
vn -0.0062 0.3295 -0.9441
vn 0.0368 0.6467 -0.7619
vn -0.1270 -0.8881 0.4417
vn 0.0383 0.9054 0.4228
vn -0.1704 0.8937 0.4151
vn 0.0541 0.8949 -0.4430
vn 0.0419 -0.8971 0.4398
vn -0.2312 -0.3862 0.8930
vn -0.5322 -0.3465 0.7725
vn -0.8788 -0.2942 0.3758
vn -0.9091 -0.4120 0.0611
vn -0.3614 0.0194 -0.9322
vn -0.0900 -0.0295 -0.9955
vn 0.8823 -0.1396 0.4495
vn 0.5547 -0.2656 0.7885
vn 0.5043 0.6976 0.5089
vn 0.1914 0.6470 0.7381
vn 0.1877 -0.3026 0.9345
vn -0.0965 0.6064 0.7893
vn -0.0623 -0.3521 0.9339
vn -0.3990 0.6082 0.6862
vn -0.6349 0.6349 0.4402
vn -0.7233 -0.3910 0.5692
vn -0.1172 0.8094 -0.5755
vn 0.0281 0.0200 -0.9994
vn 0.2577 0.8366 -0.4834
vn 0.2224 0.0246 -0.9746
vn 0.5861 0.0697 -0.8072
vn 0.5558 0.7845 -0.2751
vn 0.7347 0.0212 -0.6781
vn 0.3667 0.3423 0.8651
vn 0.7200 0.3321 0.6094
vn 0.0177 0.3718 0.9282
vn -0.3316 0.4334 0.8380
vn -0.6191 0.5392 0.5709
vn 0.9260 0.3672 0.0876
vn 0.8902 0.3157 0.3284
vn 0.9960 0.0783 0.0438
vn 0.9286 0.0425 0.3687
vn 0.6732 0.0099 0.7394
vn 0.2744 0.0219 0.9614
vn -0.0767 0.0624 0.9951
vn -0.4540 0.1271 0.8819
vn -0.7644 0.2180 0.6067
vn 0.9995 -0.0268 0.0155
vn 0.9257 -0.0719 0.3713
vn 0.6406 -0.1205 0.7584
vn -0.0960 -0.1017 0.9902
vn -0.4768 -0.0694 0.8763
vn -0.9206 0.2556 0.2952
vn -0.7959 -0.0163 0.6052
vn -0.9236 0.0037 0.3833
vn -0.9836 0.0560 0.1714
vn -0.3194 0.3351 -0.8864
vn -0.0872 0.2998 -0.9500
vn -0.0955 0.1418 -0.9853
vn -0.3537 0.1533 -0.9227
vn 0.2702 0.1085 -0.9567
vn 0.6018 0.0703 -0.7956
vn 0.6548 0.0981 -0.7494
vn 0.9415 0.0326 -0.3353
vn 0.9744 -0.2231 -0.0288
vn 0.8549 -0.3837 0.3490
vn -0.7825 -0.1603 0.6016
vn -0.9223 -0.0638 0.3813
vn -0.9884 -0.0413 0.1462
vn -0.9805 0.0973 -0.1709
vn -0.9811 0.0038 -0.1934
vn -0.8627 0.1128 -0.4930
vn -0.8583 0.0376 -0.5117
vn -0.6379 0.1662 -0.7520
vn -0.6347 0.0713 -0.7694
vn -0.3348 0.0653 -0.9400
vn -0.0733 0.0505 -0.9960
vn 0.2657 0.0258 -0.9637
vn 0.8725 -0.4862 -0.0476
vn -0.9399 -0.2548 -0.2275
vn -0.7979 -0.2400 -0.5529
vn -0.6005 -0.1414 -0.7870
vn -0.3166 -0.1477 -0.9370
vn -0.0741 -0.1321 -0.9885
vn -0.8110 -0.5228 -0.2626
vn -0.6826 -0.4643 -0.5643
vn -0.4802 -0.3963 -0.7826
vn -0.2485 -0.3667 -0.8965
vn -0.0364 -0.3356 -0.9413
vn -0.7494 -0.6100 -0.2577
vn -0.6219 -0.5594 -0.5480
vn -0.4451 -0.4722 -0.7609
vn -0.2379 -0.4453 -0.8632
vn -0.0360 -0.4086 -0.9120
vn -0.5584 -0.7906 -0.2514
vn -0.4469 -0.7178 -0.5339
vn -0.3108 -0.6227 -0.7181
vn -0.1427 -0.5897 -0.7949
vn 0.0218 -0.5186 -0.8548
vn -0.1635 -0.7396 -0.6529
vn -0.0178 -0.7580 -0.6520
vn 0.0550 -0.7014 -0.7106
vn -0.0209 -0.7982 -0.6021
vn 0.0271 -0.7586 -0.6509
vn -0.8751 -0.3884 -0.2888
vn -0.8156 -0.1428 -0.5607
vn -0.5949 -0.1178 -0.7951
vn 0.9058 -0.0024 -0.4238
vn 0.9666 -0.2481 -0.0647
vn -0.1963 -0.7793 -0.5951
vn -0.1313 -0.7541 -0.6435
vn -0.0888 -0.7545 -0.6503
vn -0.0090 -0.7719 -0.6357
vn 0.0197 -0.7432 -0.6687
vn -0.0192 -0.6920 -0.7216
vn -0.0043 -0.6717 -0.7408
vn 0.0816 -0.6861 -0.7229
vn -0.4749 -0.8668 -0.1521
vn -0.3848 -0.9165 -0.1097
vn -0.3736 -0.9037 -0.2093
vn -0.3435 -0.8968 -0.2787
vn -0.2470 -0.9052 -0.3460
vn -0.1424 -0.8139 -0.5632
vn -0.0476 -0.7647 -0.6426
vn 0.1108 -0.9299 -0.3507
vn 0.1324 -0.9731 -0.1886
vn 0.0584 -0.9701 -0.2355
vn 0.0503 -0.7303 -0.6812
vn 0.0532 -0.8812 -0.4698
vn -0.0506 -0.8739 -0.4835
vn 0.0468 -0.9803 -0.1918
vn 0.0870 -0.9961 -0.0161
vn 0.0527 -0.9864 -0.1554
vn 0.0037 -0.9605 -0.2782
vn 0.0275 -0.9985 -0.0468
vn 0.0104 -0.8003 -0.5995
vn 0.0373 -0.9249 -0.3783
vn -0.6376 -0.7518 -0.1681
vn -0.1748 -0.8771 -0.4473
vn 0.4605 0.1822 0.8688
vn 0.4727 0.2085 0.8562
vn -0.0163 0.3270 0.9449
vn -0.1826 0.3454 0.9205
vn -0.3745 0.2597 0.8901
vn -0.5946 0.1283 0.7937
vn 0.0104 -0.9949 0.1002
vn 0.0941 -0.9892 0.1122
vn 0.2280 -0.9640 0.1368
vn 0.5834 -0.7425 0.3292
vn 0.6519 -0.4339 0.6219
vn 0.4717 0.0862 0.8776
vn 0.8370 0.2562 0.4835
vn 0.6327 0.5094 0.5832
vn 0.3862 0.6456 0.6588
vn 0.2764 0.2511 0.9277
vn 0.0899 0.2586 0.9618
vn -0.0491 0.7625 0.6452
vn -0.2761 0.7536 0.5966
vn -0.5988 0.6161 0.5117
vn -0.8667 0.3294 0.3747
vn -0.7866 -0.1093 0.6077
vn -0.9616 -0.0154 0.2739
vn -0.7441 -0.3641 0.5601
vn -0.9338 -0.3452 0.0937
vn -0.7396 -0.4745 0.4773
vn -0.7203 -0.6455 0.2539
vn -0.8188 -0.5696 0.0712
vn -0.6339 -0.7407 0.2227
vn -0.6081 -0.7925 -0.0458
vn -0.4955 -0.8524 0.1668
vn -0.2401 -0.9565 -0.1657
vn -0.1374 -0.9774 0.1606
vn 0.1553 -0.9797 -0.1267
vn 0.5049 -0.8617 -0.0504
vn 0.3605 -0.9082 0.2128
vn 0.7451 -0.6506 0.1469
vn 0.9109 -0.3087 0.2737
vn 0.9088 -0.0405 0.4154
vn 0.6951 -0.1627 0.7003
vn 0.5649 0.3871 0.7287
vn 0.4508 0.5303 0.7180
vn 0.2398 0.6763 0.6965
vn -0.0098 0.7717 0.6359
vn -0.1893 0.7597 0.6221
vn -0.4181 0.6593 0.6249
vn -0.6271 0.4692 0.6218
vn -0.7675 0.1385 0.6259
vn -0.7926 -0.1944 0.5780
vn -0.6852 -0.3947 0.6122
vn -0.4904 -0.6328 0.5992
vn -0.2099 -0.8013 0.5603
vn 0.0404 -0.8130 0.5809
vn 0.2577 -0.7380 0.6237
vn 0.4505 -0.5018 0.7384
vn 0.6197 -0.1941 0.7604
vn 0.6253 0.1006 0.7738
vn 0.3000 0.2805 0.9118
vn 0.2629 0.3446 0.9012
vn 0.1616 0.4859 0.8590
vn -0.0013 0.5247 0.8513
vn -0.1413 0.4917 0.8592
vn -0.2902 0.4381 0.8508
vn -0.3899 0.3065 0.8684
vn -0.4570 0.0607 0.8874
vn -0.4577 -0.2124 0.8634
vn -0.2524 -0.4686 0.8465
vn -0.0995 -0.5701 0.8155
vn -0.0285 -0.5567 0.8302
vn 0.0215 -0.5497 0.8351
vn 0.1620 -0.3980 0.9030
vn 0.3071 -0.1785 0.9348
vn 0.2783 0.0644 0.9583
vn -0.0455 -0.2500 0.9672
vn 0.1096 0.5768 -0.8095
vn -0.1869 0.7078 -0.6812
vn -0.2897 0.7432 0.6031
vn 0.0935 0.5679 0.8178
vn 0.9152 0.1366 0.3792
vn 0.8975 -0.0540 -0.4377
vn 0.7352 -0.5941 0.3265
vn 0.7892 -0.4336 -0.4349
vn 0.4801 -0.2944 -0.8263
vn 0.5837 0.2433 -0.7747
vn 0.2586 0.5084 -0.8214
vn 0.0492 -0.0656 -0.9966
vn -0.1906 0.0311 -0.9812
vn -0.5348 0.1568 -0.8303
vn -0.4146 0.7960 -0.4410
vn -0.8711 0.2398 -0.4286
vn -0.5969 0.8014 -0.0378
vn -0.9663 0.2542 -0.0414
vn -0.9353 0.2311 0.2680
vn -0.5012 0.7990 0.3322
vn -0.6751 0.1450 0.7233
vn -0.2290 -0.0284 0.9730
vn 0.1816 0.4504 0.8741
vn 0.2438 -0.2273 0.9428
vn 0.4530 0.2653 0.8511
vn 0.9060 0.2422 0.3471
vn 0.8816 0.3300 -0.3376
vn 0.5464 0.2803 -0.7893
vn 0.0825 0.2467 -0.9656
vn -0.1536 0.2614 -0.9529
vn -0.4984 0.3213 -0.8052
vn -0.8169 0.3487 -0.4595
vn -0.9337 0.3534 -0.0574
vn -0.8906 0.3398 0.3022
vn -0.6396 0.3355 0.6917
vn -0.1872 0.2696 0.9446
vn 0.3279 0.3052 0.8940
vn 0.6901 0.6421 0.3340
vn 0.7489 0.6155 -0.2454
vn 0.4396 0.5298 -0.7253
vn 0.0586 0.4779 -0.8764
vn -0.1427 0.5009 -0.8536
vn -0.4233 0.5831 -0.6934
vn -0.6558 0.6210 -0.4293
vn -0.6988 0.7147 -0.0294
vn -0.7037 0.6553 0.2743
vn -0.5358 0.6028 0.5912
vn -0.1744 0.5307 0.8294
vn 0.2560 0.5467 0.7972
vn 0.5683 0.7759 0.2739
vn 0.5222 0.8435 -0.1256
vn 0.3130 0.7884 -0.5296
vn -0.1194 0.7495 -0.6511
vn 0.0309 0.7371 -0.6751
vn -0.2806 0.8060 -0.5211
vn -0.4404 0.8724 -0.2120
vn -0.4785 0.8704 0.1156
vn -0.3414 0.8350 0.4316
vn -0.1269 0.7758 0.6181
vn 0.1945 0.8277 0.5264
vn -0.1338 0.9903 -0.0377
vn 0.0549 0.9984 -0.0106
vn 0.2235 0.4853 -0.8453
vn 0.0635 0.4410 -0.8952
vn -0.0126 0.4952 0.8687
vn 0.2352 0.4486 0.8622
vn 0.4175 0.7203 0.5540
vn 0.7375 0.6741 0.0403
vn 0.8512 0.0159 0.5246
vn 0.9859 0.0553 -0.1577
vn 0.5873 0.6289 -0.5095
vn 0.8058 0.0438 -0.5906
vn 0.3791 0.5649 -0.7330
vn 0.4119 -0.1287 -0.9021
vn -0.0343 -0.4072 -0.9127
vn -0.3160 0.0952 -0.9440
vn -0.7804 -0.2228 -0.5843
vn -0.3846 -0.8404 -0.3818
vn -0.5490 -0.8349 0.0402
vn -0.8297 -0.5545 -0.0643
vn -0.3395 -0.8238 0.4539
vn -0.4323 0.0407 0.9008
vn -0.1299 0.0156 0.9914
vn -0.0383 -0.3260 0.9446
vn 0.2323 -0.1386 0.9627
vn 0.7235 0.3592 0.5896
vn 0.9270 0.3621 -0.0981
vn 0.7673 0.2260 -0.6001
vn 0.3429 0.0642 -0.9372
vn -0.2513 -0.0733 -0.9651
vn -0.8713 -0.2532 -0.4203
vn -0.8205 -0.1968 0.5367
vn 0.1279 0.1766 0.9759
vn -0.2964 0.0535 0.9536
vn 0.6926 0.4056 0.5965
vn 0.9266 0.3678 -0.0785
vn 0.7867 0.2492 -0.5648
vn 0.3458 0.1232 -0.9302
vn -0.3159 0.1411 -0.9382
vn -0.9243 0.1225 -0.3615
vn -0.3866 0.2850 0.8771
vn 0.1015 0.2948 0.9502
vn 0.5794 0.7132 0.3946
vn 0.5178 0.7679 -0.3771
vn 0.1557 0.6484 -0.7453
vn -0.3193 0.5390 -0.7794
vn -0.8757 0.3717 -0.3081
vn -0.3698 0.5487 0.7498
vn 0.0280 0.6499 0.7595
vn -0.1545 0.9880 0.0026
vn -0.2715 0.9391 -0.2105
vn -0.5837 0.7498 -0.3115
vn -0.9144 0.3944 -0.0909
vn -0.2424 0.8974 0.3686
vn -0.5470 0.6752 0.4949
vn -0.0970 0.9545 0.2820
vn -0.7143 0.6875 0.1307
vn -0.7122 -0.2993 0.6349
vn -0.8708 0.1473 0.4691
vn -0.8280 0.3889 0.4040
vn -0.8846 0.3508 0.3072
vn 0.1857 0.8452 0.5011
vn 0.3501 0.4754 0.8071
vn -0.4235 0.6836 0.5944
vn -0.4060 0.0927 0.9091
vn -0.3271 -0.6887 0.6471
vn -0.3965 -0.3500 0.8487
vn 0.4918 0.1810 0.8517
vn 0.6896 -0.1665 0.7048
vn -0.2454 -0.8932 0.3768
vn 0.7901 -0.3448 0.5068
vn 0.9279 -0.3457 0.1399
vn -0.2169 -0.9736 -0.0704
vn -0.4485 0.7555 -0.4775
vn -0.3916 0.9186 -0.0533
vn -0.3727 0.9040 -0.2093
vn -0.4653 0.6515 -0.5992
vn -0.3057 0.9387 0.1594
vn -0.4527 0.3769 -0.8081
vn -0.2337 0.8250 -0.5146
vn -0.0725 0.6583 -0.7492
vn -0.2889 0.9485 -0.1301
vn -0.3027 0.9376 0.1710
vn -0.1491 0.9888 -0.0108
vn -0.0178 0.9473 -0.3200
vn -0.2010 0.9571 0.2089
vn -0.2555 0.7118 0.6543
vn 0.1229 0.9777 0.1703
vn -0.2242 0.6436 0.7318
vn -0.3335 0.6996 0.6320
vn 0.2139 0.5749 0.7898
vn -0.9270 -0.1572 -0.3407
vn -0.9616 -0.2635 0.0762
vn -0.6502 -0.7547 0.0869
vn -0.9354 -0.2780 0.2184
vn -0.5593 -0.6850 0.4669
vn -0.9231 -0.0772 0.3767
vn -0.7887 -0.0409 0.6134
vn -0.4495 -0.5370 0.7139
vn -0.2355 -0.1926 0.9526
vn -0.6494 0.1534 0.7448
vn -0.3853 0.3714 0.8447
vn 0.0158 0.2774 0.9606
vn -0.2673 0.6000 0.7541
vn 0.2923 0.8073 0.5127
vn 0.2094 0.8292 0.5183
vn 0.1290 0.5983 0.7908
vn -0.4893 -0.7522 0.4414
vn -0.5606 -0.8253 0.0677
vn -0.4016 -0.6024 0.6898
vn -0.2282 -0.2506 0.9408
vn 0.0250 0.2534 0.9670
vn 0.3426 0.4766 0.8096
vn 0.5523 0.8335 0.0122
vn 0.5060 0.7245 0.4679
vn 0.2309 0.9727 0.0216
vn 0.3834 0.7799 -0.4947
vn -0.0462 0.2586 -0.9649
vn 0.1775 0.5222 -0.8341
vn -0.0951 0.3262 -0.9405
vn -0.2262 0.0282 -0.9737
vn -0.3294 -0.2155 -0.9193
vn -0.2243 0.0341 -0.9739
vn -0.3912 -0.1786 -0.9028
vn -0.6038 -0.6532 0.4569
vn -0.6981 -0.7105 0.0888
vn -0.4791 -0.5303 0.6995
vn -0.2227 -0.2652 0.9381
vn 0.1214 0.1512 0.9810
vn 0.4923 0.7223 -0.4857
vn 0.6654 0.7465 0.0094
vn 0.1969 0.5202 -0.8311
vn -0.0722 0.3062 -0.9492
vn -0.5101 -0.0209 -0.8599
vn -0.2902 0.1158 -0.9499
vn -0.8658 -0.4847 0.1244
vn -0.7625 -0.4461 0.4686
vn -0.6155 -0.3394 0.7113
vn -0.3034 -0.1384 0.9428
vn 0.1097 0.1723 0.9789
vn 0.4104 0.4351 0.8014
vn 0.6024 0.6465 0.4682
vn 0.3893 0.4913 0.7791
vn 0.5862 0.6512 0.4820
vn 0.4711 0.7457 -0.4712
vn 0.6768 0.7356 -0.0303
vn 0.1830 0.5854 -0.7898
vn -0.1074 0.4158 -0.9031
vn -0.9623 -0.2230 0.1555
vn -0.8171 -0.1706 0.5507
vn -0.4170 0.0111 0.9089
vn 0.0767 0.2572 0.9633
vn 0.4004 0.5973 0.6949
vn 0.5810 0.6797 0.4478
vn 0.4603 0.7930 -0.3992
vn 0.6593 0.7506 -0.0431
vn 0.2472 0.7131 -0.6561
vn -0.0029 0.6375 -0.7705
vn -0.1645 0.5706 -0.8046
vn -0.5041 0.4074 -0.7615
vn -0.3052 0.4765 -0.8245
vn -0.4250 0.1909 -0.8848
vn -0.9528 0.2234 0.2056
vn -0.8254 0.2345 0.5135
vn -0.3213 0.3464 0.8813
vn -0.6312 0.2922 0.7185
vn 0.1232 0.4587 0.8800
vn 0.3420 0.7302 0.5915
vn 0.4508 0.7935 0.4088
vn 0.3921 0.8467 -0.3597
vn 0.4722 0.8811 -0.0256
vn 0.2719 0.8496 -0.4520
vn 0.0172 0.8085 -0.5883
vn -0.2163 0.7137 -0.6662
vn -0.3645 0.6850 -0.6308
vn -0.8361 0.4977 0.2307
vn -0.6298 0.5405 0.5578
vn -0.2670 0.6121 0.7444
vn 0.1594 0.7071 0.6889
vn -0.3286 0.9399 0.0932
vn -0.2678 0.7983 0.5395
vn -0.5971 -0.5489 -0.5850
vn -0.5416 -0.6370 -0.5485
vn -0.6635 -0.5365 -0.5215
vn -0.8132 -0.3093 -0.4930
vn -0.8766 -0.0681 -0.4764
vn -0.8662 0.3360 -0.3699
vn -0.7058 0.6382 -0.3075
vn 0.0753 0.8333 -0.5476
vn 0.0641 0.9624 -0.2639
vn -0.0009 0.9962 -0.0871
vn -0.0754 0.9643 0.2539
vn -0.1027 0.8507 0.5155
vn -0.3700 0.3108 0.8755
vn -0.3580 -0.8488 0.3892
vn -0.3096 -0.9250 0.2201
vn -0.2709 -0.9592 0.0814
vn -0.2288 -0.9661 -0.1197
vn -0.1999 -0.9351 -0.2927
vn -0.0405 0.9952 0.0895
vn -0.4272 -0.6441 0.6345
vn -0.0438 0.5481 -0.8353
vn -0.4486 -0.1646 0.8785
vn 0.2202 0.6295 -0.7451
vn 0.2192 0.8300 -0.5129
vn 0.1901 0.9538 -0.2328
vn 0.1178 0.9860 0.1179
vn -0.0357 0.8339 0.5507
vn -0.2398 0.3849 0.8913
vn -0.3800 -0.1286 0.9160
vn -0.4425 -0.6168 0.6510
vn -0.3935 -0.8875 0.2397
vn -0.3312 -0.9381 -0.1013
vn -0.2542 -0.8507 -0.4602
vn 0.1502 0.3597 -0.9209
vn 0.5205 0.5421 -0.6597
vn 0.5550 0.7246 -0.4086
vn 0.5417 0.8275 -0.1475
vn 0.4899 0.8528 0.1809
vn 0.3408 0.7136 0.6121
vn 0.1072 0.3083 0.9452
vn -0.1318 -0.1610 0.9781
vn -0.3011 -0.6070 0.7355
vn -0.5133 -0.8299 0.2185
vn -0.5236 -0.8423 -0.1281
vn -0.3891 -0.7908 -0.4725
vn -0.1326 -0.6570 -0.7421
vn -0.1728 -0.6439 -0.7453
vn 0.0477 -0.0941 -0.9944
vn 0.2785 -0.0851 -0.9567
vn 0.7986 0.5303 -0.2845
vn 0.7820 0.3834 -0.4914
vn 0.7832 0.6186 -0.0633
vn 0.7412 0.6375 0.2103
vn 0.6694 0.4971 0.5520
vn 0.5088 0.1559 0.8466
vn 0.3233 -0.1864 0.9278
vn 0.0373 -0.6542 0.7554
vn -0.3876 -0.8766 0.2851
vn -0.5544 -0.8231 -0.1232
vn -0.3459 -0.7911 -0.5044
vn 0.0207 -0.6579 -0.7528
vn 0.5377 -0.1746 -0.8249
vn 0.9041 0.3506 -0.2445
vn 0.8831 0.2147 -0.4172
vn 0.8978 0.4389 -0.0370
vn 0.8604 0.4565 0.2264
vn 0.7956 0.3112 0.5198
vn 0.6447 -0.0171 0.7642
vn 0.5296 -0.2635 0.8063
vn 0.2410 -0.6890 0.6836
vn -0.2319 -0.9262 0.2973
vn -0.5931 -0.7968 -0.1153
vn -0.2930 -0.7965 -0.5288
vn 0.1640 -0.6837 -0.7111
vn 0.6623 -0.2521 -0.7055
vn 0.9638 0.1040 -0.2453
vn 0.9145 -0.0188 -0.4040
vn 0.9817 0.1867 -0.0370
vn 0.9531 0.2016 0.2259
vn 0.8642 0.0512 0.5006
vn 0.6601 -0.2610 0.7044
vn 0.5452 -0.4510 0.7067
vn 0.2757 -0.7538 0.5964
vn -0.3042 -0.9185 0.2526
vn -0.6230 -0.7625 -0.1747
vn -0.3774 -0.7641 -0.5232
vn 0.1500 -0.6964 -0.7018
vn 0.6648 -0.3777 -0.6445
vn 0.9678 -0.0906 -0.2348
vn 0.9017 -0.2226 -0.3708
vn 0.9987 0.0064 -0.0512
vn 0.9759 0.0313 0.2161
vn 0.8680 -0.1931 0.4574
vn 0.6699 -0.4636 0.5799
vn 0.5733 -0.5772 0.5815
vn 0.3098 -0.8223 0.4774
vn 0.0767 -0.9734 0.2159
vn -0.0201 -0.9926 -0.1201
vn 0.0779 -0.9234 -0.3759
vn 0.3393 -0.7706 -0.5395
vn 0.6248 -0.5219 -0.5807
vn 0.8931 -0.4433 0.0763
vn 0.8268 0.3006 0.4754
vn 0.5406 0.3427 0.7683
vn -0.4837 0.1564 0.8611
vn -0.0947 -0.2977 0.9500
vn -0.5608 -0.1266 0.8183
vn 0.4795 0.8326 0.2774
vn 0.6915 0.7137 0.1112
vn 0.1938 0.3823 0.9035
vn -0.2139 0.2418 0.9464
vn -0.5234 0.6822 0.5106
vn -0.7762 0.4639 0.4269
vn -0.9116 0.2764 0.3042
vn -0.9159 -0.2312 -0.3281
vn -0.9975 -0.0077 0.0704
vn -0.7686 -0.3416 0.5409
vn 0.9263 0.3711 -0.0647
vn 0.9336 -0.1041 -0.3430
vn 0.8535 0.4740 -0.2167
vn 0.7255 0.6725 0.1464
vn 0.4751 0.8318 0.2871
vn 0.0595 0.8999 0.4320
vn 0.0420 0.8747 0.4828
vn -0.5003 0.6209 0.6035
vn -0.7184 0.3555 0.5979
vn -0.8492 0.1106 0.5164
vn -0.8787 -0.3091 0.3638
vn -0.8129 -0.5627 0.1504
vn -0.6537 -0.7567 -0.0084
vn 0.8152 -0.4116 -0.4074
vn 0.8765 -0.3450 -0.3357
vn 0.8108 -0.4521 -0.3718
vn 0.8680 -0.2515 -0.4281
vn 0.9372 -0.1175 -0.3283
vn 0.8768 0.4563 -0.1517
vn 0.6523 0.7574 0.0304
vn 0.4499 0.8715 0.1952
vn 0.0447 0.9316 0.3608
vn -0.5255 0.6714 0.5225
vn -0.7699 0.4310 0.4707
vn -0.8827 0.1658 0.4398
vn -0.9302 -0.2359 0.2811
vn -0.7557 -0.6236 0.2001
vn -0.4681 -0.8732 0.1358
vn -0.5273 -0.8364 -0.1495
vn -0.1292 -0.9780 0.1637
vn -0.3503 -0.8770 -0.3288
vn 0.0292 -0.9891 0.1441
vn -0.0501 -0.8842 -0.4644
vn 0.1525 -0.8634 -0.4809
vn 0.1511 -0.9819 0.1141
vn 0.1676 -0.9795 0.1121
vn 0.3194 -0.8099 -0.4919
vn 0.2310 -0.9701 0.0739
vn 0.5187 -0.6984 -0.4931
vn 0.3914 -0.9118 -0.1243
vn 0.6422 -0.6187 -0.4525
vn 0.6249 -0.7287 -0.2801
vn 0.8327 -0.4113 -0.3707
vn 0.8507 -0.4701 -0.2354
vn 0.9686 -0.1042 -0.2256
vn 0.9576 0.2778 0.0764
vn 0.7883 0.4666 0.4011
vn 0.5510 0.6493 0.5242
vn 0.1420 0.6589 0.7387
vn -0.6031 0.1989 0.7725
vn -0.4128 0.5165 0.7502
vn -0.7757 0.0447 0.6295
vn -0.8232 -0.3594 0.4396
vn -0.7765 -0.5969 0.2017
vn -0.5432 -0.8317 0.1148
vn -0.1774 -0.9780 0.1095
vn 0.0665 -0.9879 0.1402
vn 0.1416 -0.9808 0.1340
vn 0.1122 -0.9871 0.1146
vn 0.1880 -0.9810 0.0484
vn 0.3972 -0.8899 -0.2243
vn 0.6147 -0.7184 -0.3257
vn 0.6865 -0.6602 -0.3048
vn 0.5259 -0.8201 0.2254
vn 0.5567 -0.7296 0.3972
vn 0.7384 -0.5581 0.3786
vn 0.7346 -0.4515 0.5065
vn 0.6397 -0.2840 0.7143
vn 0.5020 -0.0417 0.8639
vn 0.2472 -0.1211 0.9614
vn 0.0171 -0.1932 0.9810
vn -0.0564 -0.3526 0.9341
vn -0.1655 -0.4826 0.8601
vn -0.1496 -0.7364 0.6598
vn -0.1446 -0.8545 0.4989
vn -0.0317 -0.9270 0.3737
vn 0.0924 -0.9656 0.2429
vn 0.1241 -0.9772 0.1724
vn 0.1469 -0.9758 0.1618
vn 0.1110 -0.9751 0.1922
vn 0.1198 -0.9739 0.1928
vn 0.1717 -0.9673 0.1866
vn 0.2770 -0.9362 0.2161
vn 0.3842 -0.8834 0.2682
vn 0.3090 -0.7329 0.6061
vn 0.3897 -0.6954 0.6039
vn 0.4261 -0.6772 0.5998
vn 0.3895 -0.4974 0.7752
vn 0.3700 -0.3884 0.8439
vn 0.2883 -0.4054 0.8675
vn 0.2322 -0.5047 0.8315
vn 0.1799 -0.4606 0.8692
vn 0.1598 -0.6064 0.7790
vn 0.2021 -0.7025 0.6824
vn 0.2097 -0.8122 0.5444
vn 0.2490 -0.8222 0.5118
vn 0.3302 -0.8683 0.3702
vn 0.3018 -0.8698 0.3903
vn 0.0825 -0.8791 0.4695
vn 0.1428 -0.8448 0.5156
vn 0.2291 -0.7950 0.5616
vn -0.0507 -0.6379 0.7684
vn 0.4418 0.1582 0.8831
vn 0.2051 0.3640 0.9085
vn -0.1349 0.5709 0.8099
vn -0.2936 0.6561 0.6952
vn 0.4468 -0.3534 0.8219
vn 0.9797 0.0546 0.1929
vn 0.8508 0.4804 0.2129
vn 0.6420 0.7400 0.2007
vn 0.2842 0.9476 0.1456
vn -0.0113 0.4939 0.8695
vn 0.0462 0.9944 0.0950
vn -0.2691 0.9599 0.0788
vn -0.8977 0.3644 -0.2478
vn -0.6966 0.7134 -0.0763
vn -0.8464 0.2859 0.4492
vn -0.9300 0.1330 0.3426
vn -0.9339 0.1627 -0.3185
vn 0.9768 0.0175 0.2134
vn 0.8679 0.4628 0.1805
vn 0.6620 0.7393 0.1234
vn 0.3109 0.9498 0.0343
vn 0.0497 0.9981 -0.0363
vn -0.2792 0.9573 -0.0748
vn -0.7206 0.6763 -0.1528
vn -0.9158 0.3214 -0.2408
vn -0.9540 0.1188 -0.2754
vn 0.8508 -0.4841 0.2045
vn 0.6657 -0.7280 0.1637
vn 0.8940 -0.4406 0.0809
vn 0.9903 0.0332 0.1347
vn 0.8836 0.4651 0.0540
vn 0.6897 0.7241 0.0021
vn 0.3462 0.9328 -0.1006
vn 0.1430 0.9724 -0.1843
vn -0.1646 0.9538 -0.2515
vn -0.8638 0.3381 -0.3736
vn -0.6290 0.6950 -0.3482
vn -0.9371 0.1189 -0.3282
vn -0.9496 -0.1526 -0.2737
vn -0.9366 -0.1458 -0.3185
vn -0.8429 -0.4654 -0.2699
vn -0.8521 -0.4888 -0.1870
vn -0.6466 -0.7236 -0.2415
vn -0.6662 -0.7457 -0.0116
vn -0.3255 -0.9244 -0.1987
vn -0.3918 -0.9108 0.1304
vn 0.2662 -0.9622 -0.0571
vn 0.1116 -0.9644 0.2396
vn 0.6631 -0.7304 0.1634
vn 0.8698 -0.4702 0.1499
vn 0.8860 0.0537 0.4607
vn 0.6961 0.4401 0.5673
vn 0.5166 0.7181 0.4664
vn 0.2099 0.8987 0.3851
vn -0.1444 0.9078 0.3938
vn -0.9387 0.3397 -0.0578
vn -0.7154 0.6982 -0.0268
vn -0.9797 0.1181 -0.1618
vn -0.9919 -0.0935 -0.0856
vn -0.8680 -0.4705 -0.1585
vn -0.6777 -0.7344 -0.0362
vn -0.3914 -0.9116 0.1256
vn 0.1920 -0.9565 0.2194
vn 0.5967 -0.7708 0.2231
vn 0.8140 -0.4663 0.3464
vn 0.2509 0.1398 0.9579
vn 0.4542 -0.1999 0.8682
vn 0.0661 0.3708 0.9264
vn -0.0638 0.4562 0.8876
vn -0.3623 0.4934 0.7908
vn -0.6466 0.4529 0.6138
vn -0.7782 0.3497 0.5217
vn -0.9063 0.1005 0.4104
vn -0.9268 0.0330 0.3741
vn -0.8926 -0.2465 0.3776
vn -0.7396 -0.5844 0.3339
vn -0.5769 -0.7363 0.3535
vn -0.3843 -0.8377 0.3881
vn -0.1069 -0.8952 0.4327
vn 0.0221 -0.7958 0.6052
vn 0.3602 -0.5801 0.7306
vn 0.0800 -0.2513 0.9646
vn -0.0419 -0.0375 0.9984
vn -0.1259 0.1626 0.9786
vn -0.1638 0.1997 0.9661
vn -0.4253 0.1844 0.8861
vn -0.7056 0.1693 0.6881
vn -0.7508 -0.0263 0.6600
vn -0.7733 -0.0713 0.6300
vn -0.6906 -0.2185 0.6894
vn -0.5321 -0.5274 0.6624
vn -0.4020 -0.6008 0.6909
vn -0.3305 -0.6156 0.7154
vn -0.4168 -0.6179 0.6667
vn -0.3375 -0.6011 0.7244
vn -0.0620 -0.4582 0.8867
vn -0.3145 -0.2102 0.9257
vn -0.2594 -0.2826 0.9235
vn -0.3359 -0.0789 0.9386
vn -0.2781 -0.1415 0.9501
vn -0.4663 -0.1514 0.8715
vn -0.6179 -0.1141 0.7780
vn -0.5618 -0.0472 0.8259
vn -0.5649 -0.1702 0.8074
vn -0.6005 -0.0875 0.7948
vn -0.4920 -0.2472 0.8348
vn -0.3641 -0.4762 0.8004
vn -0.3205 -0.5268 0.7873
vn -0.3092 -0.5395 0.7832
vn -0.4575 -0.5510 0.6980
vn -0.5079 -0.4737 0.7194
vn -0.3123 -0.3647 0.8772
vn -0.4344 -0.2009 0.8780
vn -0.6502 0.5187 0.5552
vn 0.5210 -0.4952 0.6953
vn 0.4468 -0.7178 0.5339
vn -0.3565 0.9233 0.1430
vn -0.6644 0.2223 0.7135
vn -0.9224 -0.3152 -0.2233
vn -0.8858 -0.3567 -0.2969
vn -0.7602 0.3945 -0.5161
vn -0.2796 0.8097 -0.5160
vn -0.8826 0.4029 0.2420
vn -0.3393 0.8891 0.3072
vn 0.4206 0.8532 0.3087
vn 0.4011 0.7930 -0.4586
vn 0.7935 0.5461 0.2685
vn 0.7402 0.5152 -0.4320
vn 0.9367 0.2501 0.2449
vn 0.8743 0.2741 -0.4006
vn 0.9705 0.0551 0.2346
vn 0.9147 0.0823 -0.3957
vn 0.9452 -0.1013 0.3105
vn 0.9749 -0.0395 -0.2192
vn 0.9267 -0.2179 -0.3062
vn 0.8448 -0.3640 0.3922
vn 0.8768 -0.4678 -0.1109
vn 0.3767 -0.5693 0.7307
vn -0.7508 0.5997 -0.2768
vn -0.0355 -0.1275 -0.9912
vn -0.0083 -0.6693 -0.7429
vn -0.9124 -0.2736 0.3043
vn -0.8973 -0.2283 -0.3778
vn -0.9561 -0.2550 0.1445
vn -0.8304 -0.0988 -0.5484
vn -0.9834 -0.0478 0.1749
vn -0.9325 0.0263 -0.3601
vn -0.8754 0.4532 -0.1684
vn -0.3287 0.9441 -0.0232
vn 0.4086 0.9063 -0.1079
vn 0.7452 0.6291 -0.2212
vn 0.8966 0.3341 -0.2906
vn 0.9017 -0.0194 -0.4319
vn 0.7649 -0.3723 -0.5257
vn 0.4331 -0.7191 -0.5435
vn -0.1371 -0.8257 -0.5472
vn -0.2567 -0.6650 -0.7013
vn -0.6082 -0.5944 -0.5261
vn -0.8147 -0.3346 -0.4737
vn -0.8779 -0.1766 -0.4452
vn -0.8104 0.2645 -0.5227
vn -0.7686 0.6029 -0.2139
vn -0.2821 0.9592 -0.0189
vn 0.2990 0.9497 -0.0928
vn 0.5971 0.7433 -0.3017
vn 0.7306 0.5208 -0.4416
vn 0.7043 0.2318 -0.6710
vn 0.2780 -0.2804 -0.9187
vn 0.5368 -0.0439 -0.8426
vn -0.1031 -0.3527 -0.9300
vn -0.4469 -0.2248 -0.8659
vn -0.6261 -0.0653 -0.7770
vn -0.7293 0.0806 -0.6794
vn -0.6057 0.4516 -0.6551
vn -0.5315 0.7238 -0.4401
vn -0.2197 0.9384 -0.2666
vn 0.1874 0.9295 -0.3177
vn 0.3898 0.7852 -0.4811
vn 0.4812 0.6481 -0.5903
vn 0.5174 0.3935 -0.7599
vn 0.1940 -0.0806 -0.9777
vn 0.4045 0.1088 -0.9080
vn -0.0749 -0.1237 -0.9895
vn -0.3272 -0.0503 -0.9436
vn -0.5009 0.0786 -0.8619
vn -0.5716 0.2669 -0.7759
vn -0.0302 0.3297 -0.9436
vn 0.0439 -0.8857 0.4622
vn 0.0135 -0.8437 0.5366
vn -0.0071 -0.8245 0.5658
vn 0.4396 -0.8123 0.3834
vn 0.7632 -0.6219 -0.1754
vn -0.0539 -0.9983 0.0236
vn -0.0809 -0.9946 0.0646
vn -0.0030 -0.9612 0.2758
vn 0.0473 -0.9573 0.2853
vn -0.0356 -0.9562 0.2904
vn 0.0163 -0.9323 0.3614
vn 0.1758 -0.9184 0.3545
vn 0.7808 -0.5860 -0.2167
vn 0.4521 -0.8433 -0.2906
vn -0.0059 -0.9838 0.1789
vn -0.0969 -0.9823 0.1600
vn -0.0304 -0.9724 0.2313
vn 0.0715 -0.9244 0.3746
vn 0.6961 -0.6687 -0.2613
vn 0.1917 -0.8245 -0.5324
vn 0.0732 -0.9962 -0.0480
vn 0.0693 -0.9975 0.0161
vn 0.0525 -0.9938 -0.0978
vn 0.0450 -0.9968 0.0659
vn 0.2513 -0.5205 -0.8161
vn 0.0465 -0.5769 -0.8155
vn 0.0675 -0.9946 0.0789
vn 0.0745 -0.9972 0.0093
vn 0.1820 -0.9798 -0.0823
vn 0.2302 -0.9594 -0.1632
vn 0.2131 -0.9491 -0.2318
vn 0.1470 -0.9880 -0.0479
vn 0.1415 -0.9899 -0.0075
vn 0.2068 -0.9704 -0.1250
vn 0.1990 -0.9777 -0.0671
vn 0.1779 -0.9837 -0.0251
vn 0.2532 -0.9672 -0.0226
vn 0.5053 -0.4686 -0.7247
vn 0.3715 -0.5083 -0.7769
vn 0.4663 -0.6571 -0.5922
vn 0.1810 -0.9821 -0.0521
vn -0.1322 -0.5822 -0.8022
vn 0.1850 -0.6410 -0.7449
vn 0.3508 -0.8842 -0.3086
vn 0.2790 -0.9587 -0.0553
vn 0.3212 -0.9469 -0.0147
vn 0.2457 -0.9694 0.0004
vn 0.2173 -0.9759 0.0185
vn 0.4314 -0.8731 -0.2271
vn 0.6758 -0.6170 -0.4033
vn -0.0601 -0.9441 -0.3241
vn -0.0479 -0.9646 -0.2594
vn -0.0857 -0.9963 0.0015
vn -0.0897 -0.9914 0.0957
vn -0.0872 -0.9815 0.1705
vn -0.0693 -0.9794 0.1897
vn -0.0808 -0.9809 0.1771
vn 0.1249 -0.9851 -0.1179
vn 0.1474 -0.9370 -0.3166
vn 0.6958 -0.3377 -0.6339
vn -0.5168 -0.8417 -0.1565
vn -0.5949 -0.7771 -0.2053
vn -0.5434 -0.8159 -0.1974
vn -0.4884 -0.8440 -0.2216
vn -0.3411 -0.8933 -0.2926
vn -0.2486 -0.8785 -0.4080
vn -0.1022 -0.9218 -0.3741
vn -0.0590 -0.9379 -0.3420
vn -0.1729 -0.8815 -0.4395
vn -0.1366 -0.9381 -0.3182
vn -0.0586 -0.9945 -0.0865
vn -0.1379 -0.9776 -0.1590
vn -0.0271 -0.9834 -0.1792
vn -0.2481 -0.9184 -0.3081
vn -0.3966 -0.9001 -0.1807
vn -0.4190 -0.8710 -0.2565
vn -0.1408 -0.9899 -0.0139
vn -0.1698 -0.9804 0.0995
vn -0.3027 -0.9520 -0.0448
vn -0.4575 -0.8889 -0.0222
vn -0.1386 -0.9838 0.1137
vn 0.1067 -0.9884 0.1084
vn -0.2400 -0.8994 -0.3654
vn 0.3407 -0.6637 -0.6659
vn -0.2372 -0.9531 -0.1879
vn -0.3469 -0.9323 0.1022
vn -0.5142 -0.6446 -0.5657
vn -0.5679 0.6795 -0.4646
vn -0.3298 0.7621 -0.5572
vn -0.2831 0.7889 -0.5454
vn -0.2479 0.7750 -0.5813
vn -0.3384 0.5350 -0.7741
vn -0.3808 0.5392 -0.7511
vn -0.4301 0.6637 -0.6119
vn -0.4326 0.7047 -0.5624
vn -0.2746 0.7447 -0.6083
vn -0.3821 0.6359 -0.6706
vn -0.2093 0.6545 -0.7266
vn -0.2501 0.5077 -0.8245
vn -0.0039 0.6163 -0.7875
vn -0.2902 -0.1117 -0.9504
vn -0.2405 0.0312 -0.9702
vn -0.1969 0.0812 -0.9771
vn -0.5136 0.6433 -0.5678
vn -0.5077 0.6436 -0.5727
vn -0.5276 0.4382 -0.7277
vn -0.5439 0.3172 -0.7769
vn -0.8780 0.1833 -0.4422
vn -0.7604 -0.0791 -0.6446
vn -0.5672 -0.2323 -0.7901
vn -0.2955 -0.2077 -0.9325
vn -0.3746 -0.2386 -0.8960
vn -0.3896 -0.0642 -0.9187
vn -0.2975 0.2580 -0.9192
vn -0.6592 0.2307 -0.7157
vn -0.2975 0.2111 -0.9311
vn -0.8700 0.2010 -0.4502
vn -0.7112 0.2825 -0.6437
vn -0.5650 0.2672 -0.7807
vn -0.6616 0.2232 -0.7158
vn -0.5872 0.5454 -0.5982
vn -0.4775 0.6158 -0.6267
vn -0.8102 0.1934 -0.5533
vn -0.6288 0.4672 -0.6216
vn -0.4939 0.5795 -0.6483
vn -0.7041 0.3883 -0.5946
vn -0.7992 0.1789 -0.5738
vn 0.1451 0.9876 -0.0597
vn 0.3117 0.8551 0.4143
vn -0.3481 0.9274 0.1369
vn -0.6122 0.7884 -0.0599
vn -0.5723 0.8160 -0.0811
vn -0.5828 0.8020 -0.1310
vn -0.5736 0.8000 -0.1758
vn -0.6712 0.7123 -0.2055
vn -0.6869 0.6596 -0.3052
vn -0.6518 0.6406 -0.4060
vn -0.5035 0.6793 -0.5340
vn -0.4844 0.6997 -0.5251
vn -0.5175 0.4320 -0.7387
vn -0.4754 0.2950 -0.8288
vn -0.0714 0.5057 -0.8598
vn -0.0073 0.5433 -0.8395
vn -0.3757 0.8348 0.4024
vn -0.2140 0.8852 0.4130
vn 0.2111 0.6814 -0.7008
vn 0.1187 0.7309 -0.6720
vn 0.1556 0.5836 -0.7970
vn -0.4500 0.7345 -0.5079
vn -0.1959 0.5531 -0.8098
vn -0.2923 0.3541 -0.8884
vn -0.2697 0.3151 -0.9099
vn 0.2096 0.8946 -0.3947
vn 0.0650 0.8846 -0.4618
vn -0.5046 0.8198 -0.2706
vn -0.3950 0.6650 -0.6339
vn -0.4547 0.6828 -0.5719
vn -0.0801 0.9864 -0.1435
vn -0.1973 0.8555 -0.4788
vn 0.3232 0.8185 -0.4750
vn -0.2028 -0.6580 -0.7252
vn -0.2010 -0.7745 -0.5998
vn -0.3941 -0.7844 -0.4790
vn -0.3469 -0.8222 -0.4513
vn 0.3574 -0.8138 -0.4582
vn 0.9889 -0.1220 -0.0854
vn -0.3271 -0.5708 -0.7531
vn -0.2041 -0.8401 -0.5026
vn -0.1717 -0.8763 -0.4501
vn 0.8883 0.4575 -0.0407
vn -0.3605 0.8036 -0.4735
vn -0.3862 0.7645 -0.5161
vn 0.2132 0.9727 0.0918
vn 0.0696 0.9974 -0.0204
vn -0.1948 0.9491 -0.2474
vn -0.5461 0.4767 -0.6888
vn 0.9152 0.4024 -0.0232
vn 0.8958 0.4416 -0.0498
vn 0.8748 0.4688 -0.1225
vn 0.9385 0.3224 -0.1239
vn 0.8613 0.1471 -0.4863
vn 0.7854 0.0903 -0.6123
vn 0.8190 0.1535 -0.5529
vn 0.9156 0.2517 -0.3136
vn 0.9416 0.0715 -0.3291
vn 0.9732 0.1520 -0.1725
vn 0.8965 0.3835 -0.2218
vn 0.8928 0.3019 -0.3343
vn 0.8043 0.1227 -0.5814
vn 0.9233 0.3526 -0.1523
vn -0.5673 0.4519 -0.6885
vn -0.5602 0.3864 -0.7328
vn -0.5167 0.2534 -0.8178
vn -0.4902 0.2341 -0.8396
vn -0.4837 0.2202 -0.8471
vn -0.2664 0.4320 -0.8617
vn 0.3163 0.3769 -0.8706
vn 0.3657 0.3648 -0.8562
vn 0.4813 0.0572 -0.8747
vn 0.1767 0.5197 -0.8359
vn 0.5638 0.0597 -0.8238
vn 0.4557 0.2391 -0.8574
vn 0.4057 0.5268 -0.7469
vn -0.3062 0.6150 -0.7266
vn -0.0472 0.5395 -0.8406
vn 0.5676 0.5226 -0.6362
vn 0.0176 0.8741 -0.4855
vn -0.5052 0.4603 -0.7300
vn -0.0350 0.3733 -0.9270
vn -0.0779 0.2442 -0.9666
vn 0.6141 0.1079 -0.7818
vn 0.8521 0.1348 -0.5058
vn 0.4998 0.7367 -0.4555
vn 0.9078 0.1232 -0.4010
vn 0.8076 0.4168 -0.4173
vn 0.3651 0.8677 -0.3373
vn 0.6527 0.5299 -0.5415
vn 0.1863 0.6186 -0.7633
vn 0.0406 0.3262 -0.9444
vn -0.5242 -0.5176 -0.6762
vn -0.5574 -0.5836 -0.5905
vn 0.8618 -0.4103 -0.2983
vn 0.9981 0.0596 0.0123
vn 0.9799 0.1923 0.0532
vn 0.9526 0.2983 0.0594
vn 0.9613 0.2718 -0.0449
vn 0.9737 0.2091 -0.0908
vn 0.9579 0.2032 -0.2027
vn 0.9125 0.2473 -0.3258
vn 0.8646 0.1607 -0.4761
vn 0.7814 0.1478 -0.6062
vn 0.7570 0.0904 -0.6471
vn 0.7670 0.1362 -0.6270
vn 0.7265 -0.0402 -0.6860
vn 0.6766 -0.1746 -0.7154
vn 0.8049 -0.0541 -0.5909
vn 0.8657 -0.1357 -0.4818
vn -0.1775 -0.8008 -0.5720
vn 0.8579 -0.4511 -0.2460
vn 0.1395 -0.0467 -0.9891
vn -0.1311 0.2213 -0.9664
vn 0.1786 -0.8455 -0.5032
vn -0.1085 -0.7759 -0.6215
vn 0.0372 -0.8144 -0.5791
vn -0.1191 -0.2024 -0.9720
vn 0.9677 -0.1995 -0.1544
vn 0.9722 0.2340 -0.0099
vn 0.7522 0.1014 -0.6511
vn 0.7796 0.1255 -0.6135
vn 0.7317 0.0778 -0.6772
vn 0.7516 -0.4499 -0.4824
vn 0.9852 0.1685 0.0314
vn 0.9320 0.3597 0.0446
vn 0.7884 -0.3319 -0.5180
vn 0.5875 -0.2137 -0.7805
vn 0.6205 -0.2659 -0.7377
vn 0.8792 0.1615 -0.4482
vn 0.9273 0.0354 -0.3727
vn 0.7279 0.0445 -0.6843
vn 0.8142 0.0514 -0.5783
vn 0.9813 0.0390 -0.1886
vn 0.8981 -0.1111 -0.4255
vn 0.0818 0.4223 -0.9028
vn 0.1217 0.5706 -0.8122
vn 0.3094 0.4992 -0.8094
vn 0.3983 0.3633 -0.8422
vn 0.5708 0.2236 -0.7900
vn 0.6078 0.1388 -0.7818
vn 0.6737 0.2161 -0.7067
vn 0.5073 0.1283 -0.8521
vn 0.0951 0.4224 -0.9014
vn 0.0499 0.2719 -0.9610
vn 0.0654 0.3907 -0.9182
vn 0.0726 0.1940 -0.9783
vn 0.3385 0.2100 -0.9172
vn 0.3272 0.1556 -0.9321
vn 0.3280 0.4925 -0.8061
vn 0.5536 0.2704 -0.7877
vn 0.6964 0.1795 -0.6948
vn 0.1695 0.3483 -0.9219
vn 0.2396 0.6021 -0.7616
vn 0.1540 0.5205 -0.8399
vn 0.5018 0.3335 -0.7981
vn 0.3898 0.3647 -0.8456
vn 0.3057 0.4592 -0.8341
vn -0.4837 -0.8719 -0.0768
vn -0.5614 -0.8216 -0.0988
vn -0.5226 -0.7456 -0.4135
vn -0.9650 0.1416 -0.2209
vn -0.9515 0.1585 -0.2636
vn -0.9470 0.1814 -0.2651
vn -0.7920 -0.1262 0.5974
vn -0.7770 -0.2855 0.5610
vn -0.8567 -0.1802 0.4833
vn -0.8677 -0.2542 0.4272
vn -0.9215 -0.2298 0.3133
vn -0.8743 -0.4844 -0.0308
vn -0.8259 -0.5576 -0.0829
vn -0.8003 -0.5935 -0.0845
vn -0.7598 -0.6451 -0.0810
vn -0.5534 -0.8282 0.0883
vn -0.5281 -0.8412 0.1161
vn -0.6762 -0.6176 -0.4016
vn -0.5824 -0.5119 -0.6315
vn -0.6079 -0.7920 -0.0571
vn -0.3938 -0.9185 0.0362
vn -0.9918 -0.1175 0.0498
vn -0.9210 -0.0985 -0.3769
vn -0.4034 -0.9048 0.1361
vn -0.6014 -0.7916 0.1080
vn -0.7713 -0.5830 0.2555
vn -0.8110 -0.5850 -0.0068
vn -0.6406 -0.7518 0.1560
vn -0.6370 -0.7698 -0.0406
vn -0.5149 -0.8489 0.1196
vn -0.9678 -0.2203 0.1218
vn -0.8367 -0.4748 0.2732
vn -0.9318 -0.3554 0.0733
vn -0.8727 -0.3404 -0.3502
vn -0.7417 -0.4348 -0.5106
vn -0.7326 -0.6806 0.0104
vn -0.7181 -0.6853 -0.1211
vn -0.7056 -0.6923 -0.1511
vn -0.8519 -0.3071 0.4243
vn -0.7526 -0.6388 0.1596
vn -0.8071 -0.5892 0.0375
vn -0.8505 -0.2864 -0.4412
vn 0.8505 0.4213 -0.3150
vn 0.9332 0.2309 -0.2755
vn 0.8516 0.1673 -0.4967
vn 0.8290 -0.0566 -0.5563
vn 0.6629 -0.7080 -0.2434
vn 0.6726 -0.7100 -0.2086
vn 0.5622 -0.7823 -0.2682
vn 0.3893 -0.9115 -0.1330
vn 0.3901 -0.9201 -0.0345
vn 0.7767 -0.6298 0.0103
vn 0.7568 -0.6379 0.1427
vn 0.6938 -0.6477 0.3149
vn 0.6445 -0.5976 0.4769
vn 0.9237 0.3830 0.0035
vn 0.9840 -0.0558 0.1690
vn 0.9154 -0.0233 0.4019
vn 0.7500 -0.4251 0.5067
vn 0.7582 -0.2016 -0.6201
vn 0.8528 -0.1179 -0.5087
vn 0.6724 -0.2445 -0.6986
vn 0.6229 -0.7752 -0.1047
vn 0.7152 -0.5121 -0.4757
vn 0.7968 -0.4544 0.3983
vn 0.7316 -0.6639 0.1548
vn 0.3694 -0.9283 0.0417
vn 0.5484 -0.8337 0.0651
vn 0.8380 -0.5411 -0.0702
vn 0.6291 -0.3223 -0.7073
vn 0.3777 -0.9246 0.0497
vn -0.7093 -0.5619 -0.4257
vn -0.7471 -0.5422 -0.3844
vn -0.6549 -0.4844 -0.5801
vn -0.6387 -0.1090 -0.7617
vn -0.2851 -0.7490 0.5980
vn 0.1061 -0.7974 0.5940
vn 0.0622 -0.8319 0.5514
vn 0.0553 -0.8876 0.4572
vn 0.0679 -0.9081 0.4131
vn 0.0942 -0.9162 0.3896
vn 0.0982 -0.9329 0.3465
vn 0.1010 -0.9482 0.3012
vn 0.1464 -0.9815 0.1235
vn 0.1105 -0.9883 0.1049
vn 0.1225 -0.9894 0.0775
vn 0.0805 -0.9956 0.0481
vn 0.0825 -0.9904 0.1106
vn 0.0504 -0.9929 0.1076
vn 0.0371 -0.9937 0.1054
vn 0.0290 -0.9926 0.1179
vn 0.0809 -0.9929 0.0867
vn 0.0794 -0.9953 0.0558
vn 0.0878 -0.9961 -0.0031
vn 0.1052 -0.9863 -0.1270
vn 0.1667 -0.9756 -0.1429
vn -0.2570 -0.6531 -0.7123
vn -0.3391 -0.6560 -0.6743
vn -0.6096 -0.3108 -0.7293
vn -0.8897 -0.4068 0.2070
vn -0.0232 -0.7809 -0.6242
vn 0.0560 -0.6519 -0.7562
vn -0.1868 -0.5997 -0.7781
vn -0.8098 -0.4730 -0.3470
vn -0.7800 -0.5253 -0.3401
vn 0.0710 -0.8552 0.5134
vn 0.1045 -0.9839 0.1449
vn -0.6901 -0.5920 -0.4164
vn -0.6478 -0.5433 -0.5340
vn 0.1722 -0.9703 0.1702
vn 0.1516 -0.9746 0.1646
vn 0.0715 -0.9909 0.1140
vn 0.0871 -0.9960 0.0213
vn 0.0042 -0.9986 -0.0518
vn 0.0092 -0.9446 -0.3281
vn 0.2236 -0.8740 -0.4315
vn -0.2092 -0.9686 -0.1345
vn -0.2851 -0.8079 -0.5157
vn -0.6041 -0.7902 -0.1032
vn 0.1369 -0.9595 0.2461
vn 0.1217 -0.9563 0.2658
vn 0.0472 -0.9960 0.0764
vn 0.0615 -0.9915 0.1148
vn 0.0131 -0.9964 0.0833
vn 0.0409 -0.9397 0.3396
vn -0.2288 -0.8495 0.4754
vn -0.0971 -0.9507 0.2946
vn 0.0021 -0.9868 0.1616
vn -0.2358 -0.9641 0.1218
vn -0.5211 -0.5998 -0.6072
vn -0.0876 -0.9960 0.0175
vn -0.4702 -0.5893 -0.6570
vn 0.7003 0.6764 -0.2282
vn 0.6126 0.7713 -0.1723
vn 0.5406 0.8321 0.1239
vn 0.5464 0.8304 0.1091
vn 0.4412 0.8937 0.0818
vn 0.1673 0.9824 0.0833
vn 0.0175 0.9996 0.0231
vn -0.1578 0.8545 -0.4949
vn -0.3231 0.7954 -0.5129
vn -0.4672 0.5336 -0.7050
vn -0.4148 0.5955 -0.6880
vn -0.3673 0.6226 -0.6910
vn -0.3830 0.6539 -0.6525
vn -0.3265 0.7068 -0.6276
vn -0.1429 0.8419 -0.5203
vn 0.0615 0.8878 -0.4561
vn 0.0375 0.9500 -0.3099
vn 0.0754 0.9678 -0.2400
vn 0.1033 0.9633 -0.2476
vn 0.2061 0.9158 -0.3447
vn 0.2233 0.8828 -0.4132
vn 0.3025 0.7755 -0.5542
vn 0.2240 0.7059 -0.6720
vn 0.2682 0.5379 -0.7992
vn 0.2268 0.5188 -0.8243
vn 0.2621 0.5166 -0.8151
vn 0.3449 0.5240 -0.7787
vn 0.3931 0.5203 -0.7581
vn 0.4162 0.5257 -0.7419
vn 0.3664 0.5713 -0.7344
vn 0.1837 0.6451 -0.7417
vn 0.0861 0.7680 -0.6347
vn 0.1484 0.7207 -0.6772
vn 0.0407 0.7499 -0.6603
vn -0.1567 0.9499 -0.2704
vn 0.0442 0.9980 -0.0458
vn -0.0805 0.9942 -0.0718
vn 0.1950 0.6704 -0.7159
vn 0.3478 0.7709 -0.5337
vn 0.2264 0.7476 -0.6243
vn 0.3623 0.7386 -0.5685
vn 0.3748 0.6903 -0.6189
vn 0.5206 0.6926 -0.4993
vn 0.3895 0.7105 -0.5861
vn 0.1661 0.6854 -0.7090
vn 0.2070 0.7592 -0.6171
vn 0.2247 0.7411 -0.6327
vn 0.1499 0.6480 -0.7467
vn 0.1862 0.6490 -0.7376
vn 0.2276 0.8794 -0.4181
vn 0.3087 0.8414 -0.4436
vn 0.1883 0.7380 -0.6480
vn 0.2739 0.8707 -0.4084
vn 0.2922 0.5339 -0.7935
vn 0.2908 0.6345 -0.7161
vn 0.2904 0.5675 -0.7705
vn 0.3151 0.5463 -0.7760
vn 0.3213 0.7622 -0.5619
vn 0.6341 0.6749 -0.3775
vn 0.6101 0.7341 -0.2981
vn 0.4646 0.8577 -0.2201
vn 0.4389 0.8126 -0.3836
vn 0.3949 0.9115 -0.1149
vn 0.3265 0.9431 -0.0620
vn 0.3034 0.9438 -0.1307
vn 0.1083 0.9634 -0.2450
vn 0.4530 0.8910 -0.0301
vn 0.4375 0.8776 -0.1960
vn 0.6174 0.7651 -0.1829
vn 0.3862 0.9131 -0.1310
vn -0.3868 0.6311 -0.6724
vn -0.1956 0.8264 -0.5281
vn -0.3918 0.6326 -0.6680
vn -0.3957 0.5965 -0.6983
vn -0.1780 0.8498 -0.4962
vn 0.0234 0.9200 -0.3912
vn -0.4404 0.6465 -0.6230
vn 0.2380 0.9153 -0.3249
vn 0.2529 0.9567 -0.1442
vn 0.0437 0.9504 -0.3080
vn 0.1250 0.9829 -0.1356
vn 0.0309 0.9728 -0.2298
vn 0.1523 0.9516 -0.2670
vn 0.2257 0.9711 -0.0774
vn 0.2224 0.9579 -0.1815
vn 0.3693 0.6431 -0.6708
vn 0.3545 0.8148 -0.4587
vn 0.2852 0.6633 -0.6918
vn 0.3943 0.5138 -0.7619
vn 0.3781 0.8585 -0.3465
vn 0.6416 0.7368 -0.2133
vn 0.3181 0.8179 -0.4795
vn 0.2362 0.9705 0.0485
vn 0.4096 0.9093 0.0739
vn 0.5370 0.8268 -0.1672
vn 0.3283 0.9171 -0.2262
vn 0.3778 0.8969 -0.2301
vn 0.4926 0.8581 -0.1452
vn 0.5909 0.8040 -0.0666
vn 0.0410 -0.5528 -0.8323
vn 0.0294 -0.4410 -0.8970
vn 0.0416 -0.3566 -0.9333
vn 0.0576 -0.3098 -0.9490
vn 0.0379 -0.2568 -0.9657
vn 0.0960 -0.2382 -0.9665
vn 0.0715 -0.0728 -0.9948
vn 0.0780 -0.0954 -0.9924
vn 0.0790 -0.0961 -0.9922
vn 0.2347 -0.1325 -0.9630
vn 0.4037 -0.0986 -0.9096
vn 0.8645 -0.0034 -0.5026
vn 0.9234 -0.0501 -0.3805
vn 0.8470 -0.5056 -0.1643
vn 0.7681 -0.5933 -0.2406
vn 0.7377 -0.6613 -0.1356
vn 0.6829 -0.7305 0.0098
vn 0.5515 -0.8338 0.0255
vn 0.4684 -0.8835 -0.0072
vn 0.3547 -0.9324 -0.0695
vn 0.1895 -0.9818 0.0149
vn 0.2343 -0.9720 0.0199
vn 0.2328 -0.9712 -0.0506
vn 0.2106 -0.9729 -0.0950
vn 0.1465 -0.9425 -0.3005
vn 0.1360 -0.9211 -0.3647
vn 0.0929 -0.8969 -0.4324
vn 0.0375 -0.8398 -0.5415
vn 0.0199 -0.7767 -0.6295
vn 0.0323 -0.7263 -0.6867
vn 0.0563 -0.6709 -0.7394
vn 0.0358 -0.7512 -0.6592
vn -0.0249 -0.7316 -0.6813
vn 0.0482 -0.7349 -0.6765
vn 0.0323 -0.8432 -0.5367
vn 0.0112 -0.6713 -0.7411
vn -0.0705 -0.6873 -0.7229
vn -0.1304 -0.6824 -0.7193
vn 0.0200 -0.7279 -0.6854
vn 0.7199 0.0732 -0.6902
vn 0.6820 -0.1437 -0.7171
vn 0.6608 0.0198 -0.7503
vn 0.2194 -0.2137 -0.9519
vn 0.0918 -0.1376 -0.9862
vn 0.3547 -0.2669 -0.8961
vn 0.1459 -0.3259 -0.9341
vn 0.0312 -0.3866 -0.9217
vn 0.4869 -0.1148 -0.8659
vn 0.5703 0.0300 -0.8209
vn 0.5574 -0.8267 -0.0766
vn 0.6275 -0.7771 0.0496
vn 0.6982 -0.7125 -0.0705
vn 0.6445 -0.7616 0.0678
vn 0.6791 -0.7274 0.0991
vn 0.7295 -0.6671 -0.1513
vn 0.6628 -0.7439 0.0855
vn 0.8763 -0.4631 -0.1326
vn 0.1103 -0.9301 -0.3503
vn 0.5584 -0.2425 -0.7933
vn 0.7928 -0.0443 -0.6078
vn 0.8105 0.0994 -0.5772
vn 0.0280 -0.7294 -0.6835
vn 0.0736 -0.4720 -0.8785
vn 0.1615 -0.6024 -0.7817
vn 0.0300 -0.6260 -0.7793
vn 0.2365 -0.4538 -0.8592
vn 0.3060 -0.9482 -0.0850
vn 0.2538 -0.9670 -0.0217
vn 0.2353 -0.9718 -0.0140
vn 0.9927 -0.0336 -0.1159
vn 0.9573 -0.2467 -0.1504
vn 0.9846 -0.0311 -0.1722
vn 0.7917 -0.5514 -0.2629
vn 0.8883 -0.3598 -0.2855
vn 0.9168 -0.1589 -0.3663
vn 0.6054 -0.6420 -0.4704
vn 0.4880 -0.6707 -0.5586
vn 0.6083 -0.5269 -0.5937
vn 0.4345 -0.4355 -0.7884
vn 0.7835 -0.2338 -0.5758
vn 0.6051 -0.4008 -0.6880
vn 0.6146 -0.7258 -0.3091
vn 0.7447 -0.4478 -0.4948
vn 0.1712 -0.8718 -0.4589
vn 0.1548 -0.9508 -0.2684
vn 0.1519 -0.9589 -0.2397
vn 0.2628 -0.8714 -0.4141
vn 0.2769 -0.9361 -0.2167
vn 0.1773 -0.9720 -0.1539
vn 0.4729 -0.6193 -0.6268
vn 0.3430 -0.6083 -0.7158
vn 0.3775 -0.6660 -0.6434
vn 0.2164 -0.6884 -0.6923
vn 0.5215 -0.7006 -0.4870
vn 0.4291 -0.7306 -0.5311
vn 0.1499 -0.7901 -0.5944
vn 0.4725 -0.8614 -0.1864
vn 0.3338 -0.7692 -0.5449
vn 0.4127 -0.6945 -0.5893
vn 0.3779 -0.8390 -0.3916
vn 0.4740 -0.5287 -0.7041
vn 0.3117 -0.7375 -0.5992
vn 0.4730 -0.7930 -0.3840
vn 0.9606 -0.2425 -0.1355
vt 0.122998 0.126001
vt 0.094751 0.126001
vt 0.094751 0.185498
vt 0.310498 0.251001
vt 0.282251 0.251001
vt 0.282251 0.310498
vt 0.251001 0.310498
vt 0.279248 0.251001
vt 0.251001 0.251001
vt 0.123999 0.127002
vt 0.123999 0.186499
vt 0.095752 0.186499
vt 0.372998 0.251001
vt 0.344751 0.251001
vt 0.344751 0.310498
vt 0.313501 0.310498
vt 0.313501 0.251001
vt 0.341748 0.251001
vt 0.373999 0.252002
vt 0.373999 0.311499
vt 0.345752 0.311499
vt 0.747998 0.688501
vt 0.688501 0.747998
vt 0.688501 0.688501
vt 0.310498 0.313501
vt 0.282251 0.313501
vt 0.282251 0.372998
vt 0.876001 0.810498
vt 0.904248 0.782251
vt 0.876001 0.782251
vt 0.685498 0.282251
vt 0.657251 0.282251
vt 0.657251 0.310498
vt 0.626001 0.310498
vt 0.654248 0.282251
vt 0.626001 0.282251
vt 0.655249 0.311499
vt 0.627002 0.311499
vt 0.655249 0.283252
vt 0.686499 0.283252
vt 0.686499 0.311499
vt 0.658252 0.311499
vt 0.905249 0.811499
vt 0.877002 0.811499
vt 0.905249 0.783252
vt 0.311499 0.314502
vt 0.311499 0.373999
vt 0.283252 0.373999
vt 0.279248 0.313501
vt 0.251001 0.313501
vt 0.251001 0.372998
vt 0.372998 0.313501
vt 0.344751 0.313501
vt 0.344751 0.372998
vt 0.313501 0.372998
vt 0.341748 0.313501
vt 0.313501 0.313501
vt 0.685498 0.251001
vt 0.657251 0.251001
vt 0.657251 0.279248
vt 0.626001 0.279248
vt 0.654248 0.251001
vt 0.626001 0.251001
vt 0.655249 0.280249
vt 0.627002 0.280249
vt 0.655249 0.252002
vt 0.686499 0.252002
vt 0.686499 0.280249
vt 0.658252 0.280249
vt 0.342749 0.373999
vt 0.314502 0.373999
vt 0.342749 0.314502
vt 0.373999 0.314502
vt 0.373999 0.373999
vt 0.345752 0.373999
vt 0.280249 0.314502
vt 0.280249 0.373999
vt 0.252002 0.373999
vt 0.032251 0.435498
vt 0.032251 0.376001
vt 0.060498 0.376001
vt 0.685498 0.688501
vt 0.626001 0.688501
vt 0.626001 0.747998
vt 0.001001 0.435498
vt 0.029248 0.376001
vt 0.001001 0.376001
vt 0.063501 0.247998
vt 0.063501 0.188501
vt 0.122998 0.188501
vt 0.372998 0.688501
vt 0.313501 0.747998
vt 0.313501 0.688501
vt 0.094751 0.435498
vt 0.094751 0.376001
vt 0.122998 0.376001
vt 0.091748 0.376001
vt 0.063501 0.435498
vt 0.063501 0.376001
vt 0.092749 0.436499
vt 0.092749 0.377002
vt 0.064502 0.436499
vt 0.095752 0.436499
vt 0.123999 0.436499
vt 0.123999 0.377002
vt 0.373999 0.748999
vt 0.373999 0.689502
vt 0.314502 0.748999
vt 0.064502 0.248999
vt 0.123999 0.248999
vt 0.123999 0.189502
vt 0.030249 0.436499
vt 0.002002 0.436499
vt 0.030249 0.377002
vt 0.686499 0.689502
vt 0.686499 0.748999
vt 0.627002 0.748999
vt 0.033252 0.436499
vt 0.061499 0.436499
vt 0.061499 0.377002
vt 0.032251 0.497998
vt 0.032251 0.438501
vt 0.060498 0.438501
vt 0.029248 0.438501
vt 0.001001 0.497998
vt 0.001001 0.438501
vt 0.094751 0.497998
vt 0.094751 0.438501
vt 0.122998 0.438501
vt 0.091748 0.438501
vt 0.063501 0.497998
vt 0.063501 0.438501
vt 0.092749 0.498999
vt 0.092749 0.439502
vt 0.064502 0.498999
vt 0.095752 0.498999
vt 0.123999 0.498999
vt 0.123999 0.439502
vt 0.030249 0.498999
vt 0.030249 0.439502
vt 0.002002 0.498999
vt 0.033252 0.498999
vt 0.061499 0.498999
vt 0.061499 0.439502
vt 0.719751 0.310498
vt 0.747998 0.282251
vt 0.719751 0.282251
vt 0.407251 0.001001
vt 0.407251 0.060498
vt 0.435498 0.001001
vt 0.688501 0.310498
vt 0.688501 0.282251
vt 0.716748 0.282251
vt 0.376001 0.001001
vt 0.376001 0.060498
vt 0.404248 0.001001
vt 0.497998 0.001001
vt 0.469751 0.001001
vt 0.469751 0.060498
vt 0.438501 0.001001
vt 0.438501 0.060498
vt 0.466748 0.001001
vt 0.435498 0.063501
vt 0.407251 0.063501
vt 0.407251 0.122998
vt 0.436499 0.064502
vt 0.436499 0.123999
vt 0.408252 0.123999
vt 0.439502 0.061499
vt 0.467749 0.002002
vt 0.467749 0.061499
vt 0.498999 0.002002
vt 0.498999 0.061499
vt 0.470752 0.061499
vt 0.377002 0.061499
vt 0.405249 0.002002
vt 0.405249 0.061499
vt 0.689502 0.311499
vt 0.717749 0.311499
vt 0.717749 0.283252
vt 0.408252 0.061499
vt 0.436499 0.002002
vt 0.436499 0.061499
vt 0.748999 0.311499
vt 0.720752 0.311499
vt 0.748999 0.283252
vt 0.376001 0.122998
vt 0.376001 0.063501
vt 0.404248 0.063501
vt 0.310498 0.688501
vt 0.251001 0.688501
vt 0.251001 0.747998
vt 0.469751 0.122998
vt 0.497998 0.063501
vt 0.469751 0.063501
vt 0.438501 0.122998
vt 0.438501 0.063501
vt 0.466748 0.063501
vt 0.185498 0.376001
vt 0.157251 0.435498
vt 0.157251 0.376001
vt 0.126001 0.435498
vt 0.126001 0.376001
vt 0.154248 0.376001
vt 0.247998 0.376001
vt 0.219751 0.435498
vt 0.219751 0.376001
vt 0.248999 0.436499
vt 0.248999 0.377002
vt 0.220752 0.436499
vt 0.127002 0.436499
vt 0.155249 0.436499
vt 0.155249 0.377002
vt 0.186499 0.436499
vt 0.186499 0.377002
vt 0.158252 0.436499
vt 0.439502 0.123999
vt 0.467749 0.123999
vt 0.467749 0.064502
vt 0.498999 0.123999
vt 0.470752 0.123999
vt 0.498999 0.064502
vt 0.311499 0.689502
vt 0.311499 0.748999
vt 0.252002 0.748999
vt 0.377002 0.123999
vt 0.405249 0.123999
vt 0.405249 0.064502
vt 0.719751 0.279248
vt 0.747998 0.251001
vt 0.719751 0.251001
vt 0.313501 0.626001
vt 0.313501 0.685498
vt 0.372998 0.626001
vt 0.688501 0.279248
vt 0.688501 0.251001
vt 0.716748 0.251001
vt 0.188501 0.376001
vt 0.188501 0.435498
vt 0.216748 0.376001
vt 0.185498 0.438501
vt 0.157251 0.438501
vt 0.157251 0.497998
vt 0.126001 0.438501
vt 0.126001 0.497998
vt 0.154248 0.438501
vt 0.247998 0.438501
vt 0.219751 0.438501
vt 0.219751 0.497998
vt 0.248999 0.439502
vt 0.248999 0.498999
vt 0.220752 0.498999
vt 0.127002 0.498999
vt 0.155249 0.439502
vt 0.155249 0.498999
vt 0.186499 0.439502
vt 0.186499 0.498999
vt 0.158252 0.498999
vt 0.189502 0.436499
vt 0.217749 0.377002
vt 0.217749 0.436499
vt 0.689502 0.280249
vt 0.717749 0.280249
vt 0.717749 0.252002
vt 0.314502 0.686499
vt 0.373999 0.627002
vt 0.373999 0.686499
vt 0.748999 0.280249
vt 0.720752 0.280249
vt 0.748999 0.252002
vt 0.657251 0.344751
vt 0.685498 0.344751
vt 0.657251 0.372998
vt 0.626001 0.372998
vt 0.626001 0.344751
vt 0.654248 0.344751
vt 0.657251 0.313501
vt 0.685498 0.313501
vt 0.657251 0.341748
vt 0.626001 0.341748
vt 0.626001 0.313501
vt 0.654248 0.313501
vt 0.627002 0.342749
vt 0.655249 0.342749
vt 0.655249 0.314502
vt 0.686499 0.314502
vt 0.658252 0.342749
vt 0.686499 0.342749
vt 0.627002 0.373999
vt 0.655249 0.373999
vt 0.655249 0.345752
vt 0.686499 0.345752
vt 0.658252 0.373999
vt 0.686499 0.373999
vt 0.188501 0.497998
vt 0.188501 0.438501
vt 0.216748 0.438501
vt 0.310498 0.626001
vt 0.251001 0.685498
vt 0.251001 0.626001
vt 0.954126 0.404248
vt 0.954126 0.376001
vt 0.966748 0.376001
vt 0.747998 0.344751
vt 0.719751 0.344751
vt 0.719751 0.372998
vt 0.938501 0.404248
vt 0.951123 0.376001
vt 0.938501 0.376001
vt 0.716748 0.344751
vt 0.688501 0.344751
vt 0.688501 0.372998
vt 0.719751 0.341748
vt 0.747998 0.313501
vt 0.719751 0.313501
vt 0.716748 0.313501
vt 0.688501 0.313501
vt 0.688501 0.341748
vt 0.407251 0.685498
vt 0.435498 0.657251
vt 0.407251 0.657251
vt 0.436499 0.686499
vt 0.408252 0.686499
vt 0.436499 0.658252
vt 0.717749 0.314502
vt 0.717749 0.342749
vt 0.689502 0.342749
vt 0.748999 0.342749
vt 0.720752 0.342749
vt 0.748999 0.314502
vt 0.717749 0.345752
vt 0.717749 0.373999
vt 0.689502 0.373999
vt 0.952124 0.405249
vt 0.939502 0.405249
vt 0.952124 0.377002
vt 0.748999 0.345752
vt 0.748999 0.373999
vt 0.720752 0.373999
vt 0.955127 0.405249
vt 0.967749 0.405249
vt 0.967749 0.377002
vt 0.985376 0.404248
vt 0.985376 0.376001
vt 0.997998 0.376001
vt 0.404248 0.657251
vt 0.376001 0.657251
vt 0.376001 0.685498
vt 0.969751 0.404248
vt 0.982373 0.376001
vt 0.969751 0.376001
vt 0.435498 0.626001
vt 0.407251 0.626001
vt 0.407251 0.654248
vt 0.376001 0.654248
vt 0.404248 0.626001
vt 0.376001 0.626001
vt 0.497998 0.657251
vt 0.469751 0.657251
vt 0.469751 0.685498
vt 0.438501 0.685498
vt 0.466748 0.657251
vt 0.438501 0.657251
vt 0.467749 0.686499
vt 0.439502 0.686499
vt 0.467749 0.658252
vt 0.498999 0.658252
vt 0.498999 0.686499
vt 0.470752 0.686499
vt 0.405249 0.655249
vt 0.377002 0.655249
vt 0.405249 0.627002
vt 0.436499 0.627002
vt 0.436499 0.655249
vt 0.408252 0.655249
vt 0.983374 0.405249
vt 0.970752 0.405249
vt 0.983374 0.377002
vt 0.405249 0.658252
vt 0.405249 0.686499
vt 0.377002 0.686499
vt 0.986377 0.405249
vt 0.998999 0.405249
vt 0.998999 0.377002
vt 0.469751 0.654248
vt 0.469751 0.626001
vt 0.497998 0.626001
vt 0.252002 0.686499
vt 0.311499 0.686499
vt 0.311499 0.627002
vt 0.438501 0.654248
vt 0.466748 0.626001
vt 0.438501 0.626001
vt 0.748999 0.689502
vt 0.748999 0.748999
vt 0.689502 0.748999
vt 0.435498 0.126001
vt 0.407251 0.185498
vt 0.407251 0.126001
vt 0.314502 0.311499
vt 0.342749 0.252002
vt 0.342749 0.311499
vt 0.376001 0.126001
vt 0.376001 0.185498
vt 0.404248 0.126001
vt 0.436499 0.186499
vt 0.436499 0.127002
vt 0.408252 0.186499
vt 0.247998 0.688501
vt 0.188501 0.688501
vt 0.188501 0.747998
vt 0.467749 0.655249
vt 0.439502 0.655249
vt 0.467749 0.627002
vt 0.126001 0.747998
vt 0.126001 0.688501
vt 0.185498 0.688501
vt 0.470752 0.655249
vt 0.498999 0.655249
vt 0.498999 0.627002
vt 0.247998 0.626001
vt 0.188501 0.626001
vt 0.188501 0.685498
vt 0.469751 0.185498
vt 0.497998 0.126001
vt 0.469751 0.126001
vt 0.126001 0.685498
vt 0.126001 0.626001
vt 0.185498 0.626001
vt 0.688501 0.247998
vt 0.747998 0.188501
vt 0.688501 0.188501
vt 0.626001 0.247998
vt 0.626001 0.188501
vt 0.685498 0.188501
vt 0.747998 0.126001
vt 0.688501 0.185498
vt 0.688501 0.126001
vt 0.748999 0.186499
vt 0.748999 0.127002
vt 0.689502 0.186499
vt 0.627002 0.248999
vt 0.686499 0.248999
vt 0.686499 0.189502
vt 0.748999 0.248999
vt 0.689502 0.248999
vt 0.748999 0.189502
vt 0.127002 0.686499
vt 0.186499 0.686499
vt 0.186499 0.627002
vt 0.498999 0.186499
vt 0.470752 0.186499
vt 0.498999 0.127002
vt 0.248999 0.627002
vt 0.248999 0.686499
vt 0.189502 0.686499
vt 0.466748 0.126001
vt 0.438501 0.126001
vt 0.438501 0.185498
vt 0.841748 0.876001
vt 0.782251 0.876001
vt 0.782251 0.888623
vt 0.435498 0.188501
vt 0.407251 0.188501
vt 0.407251 0.247998
vt 0.579126 0.997998
vt 0.591748 0.938501
vt 0.579126 0.938501
vt 0.376001 0.247998
vt 0.404248 0.188501
vt 0.376001 0.188501
vt 0.405249 0.248999
vt 0.377002 0.248999
vt 0.405249 0.189502
vt 0.592749 0.998999
vt 0.580127 0.998999
vt 0.592749 0.939502
vt 0.436499 0.189502
vt 0.436499 0.248999
vt 0.408252 0.248999
vt 0.842749 0.889624
vt 0.842749 0.877002
vt 0.783252 0.889624
vt 0.497998 0.188501
vt 0.469751 0.188501
vt 0.469751 0.247998
vt 0.563501 0.997998
vt 0.576123 0.938501
vt 0.563501 0.938501
vt 0.610376 0.997998
vt 0.622998 0.938501
vt 0.610376 0.938501
vt 0.438501 0.188501
vt 0.466748 0.188501
vt 0.438501 0.247998
vt 0.623999 0.998999
vt 0.611377 0.998999
vt 0.623999 0.939502
vt 0.282251 0.435498
vt 0.310498 0.376001
vt 0.282251 0.376001
vt 0.685498 0.126001
vt 0.626001 0.185498
vt 0.626001 0.126001
vt 0.594751 0.938501
vt 0.607373 0.938501
vt 0.594751 0.997998
vt 0.251001 0.435498
vt 0.251001 0.376001
vt 0.279248 0.376001
vt 0.516626 0.997998
vt 0.529248 0.938501
vt 0.516626 0.938501
vt 0.530249 0.998999
vt 0.517627 0.998999
vt 0.530249 0.939502
vt 0.470752 0.248999
vt 0.498999 0.248999
vt 0.498999 0.189502
vt 0.608374 0.939502
vt 0.595752 0.998999
vt 0.608374 0.998999
vt 0.407251 0.747998
vt 0.435498 0.719751
vt 0.407251 0.719751
vt 0.063501 0.688501
vt 0.122998 0.688501
vt 0.063501 0.747998
vt 0.376001 0.747998
vt 0.376001 0.719751
vt 0.404248 0.719751
vt 0.123999 0.689502
vt 0.064502 0.748999
vt 0.123999 0.748999
vt 0.436499 0.748999
vt 0.408252 0.748999
vt 0.436499 0.720752
vt 0.377002 0.748999
vt 0.405249 0.748999
vt 0.405249 0.720752
vt 0.372998 0.376001
vt 0.344751 0.376001
vt 0.344751 0.435498
vt 0.283252 0.436499
vt 0.311499 0.436499
vt 0.311499 0.377002
vt 0.060498 0.688501
vt 0.001001 0.688501
vt 0.001001 0.747998
vt 0.341748 0.376001
vt 0.313501 0.435498
vt 0.313501 0.376001
vt 0.061499 0.689502
vt 0.061499 0.748999
vt 0.002002 0.748999
vt 0.282251 0.497998
vt 0.282251 0.438501
vt 0.310498 0.438501
vt 0.373999 0.377002
vt 0.373999 0.436499
vt 0.345752 0.436499
vt 0.342749 0.436499
vt 0.342749 0.377002
vt 0.314502 0.436499
vt 0.279248 0.438501
vt 0.251001 0.438501
vt 0.251001 0.497998
vt 0.280249 0.439502
vt 0.280249 0.498999
vt 0.252002 0.498999
vt 0.372998 0.438501
vt 0.344751 0.438501
vt 0.344751 0.497998
vt 0.313501 0.438501
vt 0.341748 0.438501
vt 0.313501 0.497998
vt 0.513623 0.938501
vt 0.501001 0.938501
vt 0.501001 0.997998
vt 0.547876 0.997998
vt 0.560498 0.938501
vt 0.547876 0.938501
vt 0.063501 0.685498
vt 0.063501 0.626001
vt 0.122998 0.626001
vt 0.544873 0.938501
vt 0.532251 0.938501
vt 0.532251 0.997998
vt 0.435498 0.251001
vt 0.407251 0.251001
vt 0.407251 0.310498
vt 0.060498 0.626001
vt 0.001001 0.685498
vt 0.001001 0.626001
vt 0.407251 0.716748
vt 0.435498 0.688501
vt 0.407251 0.688501
vt 0.376001 0.310498
vt 0.376001 0.251001
vt 0.404248 0.251001
vt 0.469751 0.251001
vt 0.497998 0.251001
vt 0.469751 0.310498
vt 0.061499 0.686499
vt 0.061499 0.627002
vt 0.002002 0.686499
vt 0.438501 0.310498
vt 0.438501 0.251001
vt 0.466748 0.251001
vt 0.545874 0.939502
vt 0.545874 0.998999
vt 0.533252 0.998999
vt 0.688501 0.063501
vt 0.688501 0.122998
vt 0.747998 0.063501
vt 0.064502 0.686499
vt 0.123999 0.686499
vt 0.123999 0.627002
vt 0.626001 0.063501
vt 0.626001 0.122998
vt 0.685498 0.063501
vt 0.747998 0.001001
vt 0.688501 0.001001
vt 0.688501 0.060498
vt 0.627002 0.123999
vt 0.686499 0.064502
vt 0.686499 0.123999
vt 0.748999 0.002002
vt 0.748999 0.061499
vt 0.689502 0.061499
vt 0.689502 0.123999
vt 0.748999 0.064502
vt 0.748999 0.123999
vt 0.626001 0.060498
vt 0.626001 0.001001
vt 0.685498 0.001001
vt 0.627002 0.186499
vt 0.686499 0.127002
vt 0.686499 0.186499
vt 0.408252 0.311499
vt 0.436499 0.311499
vt 0.436499 0.252002
vt 0.591748 0.876001
vt 0.579126 0.876001
vt 0.579126 0.935498
vt 0.439502 0.186499
vt 0.467749 0.186499
vt 0.467749 0.127002
vt 0.407251 0.372998
vt 0.435498 0.313501
vt 0.407251 0.313501
vt 0.404248 0.313501
vt 0.376001 0.313501
vt 0.376001 0.372998
vt 0.498999 0.311499
vt 0.470752 0.311499
vt 0.498999 0.252002
vt 0.405249 0.252002
vt 0.405249 0.311499
vt 0.377002 0.311499
vt 0.405249 0.314502
vt 0.405249 0.373999
vt 0.377002 0.373999
vt 0.622998 0.563501
vt 0.563501 0.563501
vt 0.563501 0.622998
vt 0.704126 0.654248
vt 0.716748 0.641626
vt 0.704126 0.641626
vt 0.883814 0.844751
vt 0.883814 0.849560
vt 0.888623 0.844751
vt 0.016626 0.141626
vt 0.029248 0.141626
vt 0.016626 0.154248
vt 0.404248 0.688501
vt 0.376001 0.688501
vt 0.376001 0.716748
vt 0.469751 0.719751
vt 0.497998 0.719751
vt 0.469751 0.747998
vt 0.466748 0.719751
vt 0.438501 0.719751
vt 0.438501 0.747998
vt 0.469751 0.372998
vt 0.497998 0.313501
vt 0.469751 0.313501
vt 0.497998 0.688501
vt 0.469751 0.688501
vt 0.469751 0.716748
vt 0.954126 0.407251
vt 0.966748 0.407251
vt 0.954126 0.435498
vt 0.470752 0.373999
vt 0.498999 0.314502
vt 0.498999 0.373999
vt 0.951123 0.407251
vt 0.938501 0.407251
vt 0.938501 0.435498
vt 0.438501 0.716748
vt 0.438501 0.688501
vt 0.466748 0.688501
vt 0.685498 0.407251
vt 0.657251 0.407251
vt 0.657251 0.435498
vt 0.985376 0.407251
vt 0.997998 0.407251
vt 0.985376 0.435498
vt 0.982373 0.407251
vt 0.969751 0.407251
vt 0.969751 0.435498
vt 0.626001 0.407251
vt 0.654248 0.407251
vt 0.626001 0.435498
vt 0.217749 0.439502
vt 0.189502 0.498999
vt 0.217749 0.498999
vt 0.904248 0.376001
vt 0.891626 0.376001
vt 0.891626 0.404248
vt 0.888623 0.376001
vt 0.876001 0.376001
vt 0.876001 0.404248
vt 0.935498 0.376001
vt 0.922876 0.376001
vt 0.922876 0.404248
vt 0.657251 0.376001
vt 0.685498 0.376001
vt 0.657251 0.404248
vt 0.438501 0.313501
vt 0.466748 0.313501
vt 0.438501 0.372998
vt 0.501001 0.563501
vt 0.560498 0.563501
vt 0.501001 0.622998
vt 0.622998 0.501001
vt 0.563501 0.501001
vt 0.563501 0.560498
vt 0.501001 0.501001
vt 0.560498 0.501001
vt 0.501001 0.560498
vt 0.564502 0.623999
vt 0.623999 0.623999
vt 0.623999 0.564502
vt 0.438501 0.563501
vt 0.497998 0.563501
vt 0.438501 0.622998
vt 0.435498 0.376001
vt 0.407251 0.376001
vt 0.407251 0.435498
vt 0.376001 0.622998
vt 0.435498 0.563501
vt 0.376001 0.563501
vt 0.907251 0.376001
vt 0.919873 0.376001
vt 0.907251 0.404248
vt 0.626001 0.376001
vt 0.654248 0.376001
vt 0.626001 0.404248
vt 0.376001 0.435498
vt 0.376001 0.376001
vt 0.404248 0.376001
vt 0.469751 0.435498
vt 0.497998 0.376001
vt 0.469751 0.376001
vt 0.438501 0.435498
vt 0.438501 0.376001
vt 0.466748 0.376001
vt 0.407251 0.497998
vt 0.407251 0.438501
vt 0.435498 0.438501
vt 0.438501 0.501001
vt 0.438501 0.560498
vt 0.497998 0.501001
vt 0.623999 0.561499
vt 0.623999 0.502002
vt 0.564502 0.561499
vt 0.498999 0.561499
vt 0.498999 0.502002
vt 0.439502 0.561499
vt 0.376001 0.501001
vt 0.376001 0.560498
vt 0.435498 0.501001
vt 0.563501 0.438501
vt 0.563501 0.497998
vt 0.622998 0.438501
vt 0.498999 0.623999
vt 0.498999 0.564502
vt 0.439502 0.623999
vt 0.719751 0.407251
vt 0.747998 0.407251
vt 0.719751 0.435498
vt 0.688501 0.407251
vt 0.716748 0.407251
vt 0.688501 0.435498
vt 0.376001 0.497998
vt 0.404248 0.438501
vt 0.376001 0.438501
vt 0.498999 0.377002
vt 0.470752 0.436499
vt 0.498999 0.436499
vt 0.501001 0.438501
vt 0.501001 0.497998
vt 0.560498 0.438501
vt 0.436499 0.561499
vt 0.436499 0.502002
vt 0.377002 0.561499
vt 0.563501 0.376001
vt 0.563501 0.435498
vt 0.622998 0.376001
vt 0.469751 0.438501
vt 0.497998 0.438501
vt 0.469751 0.497998
vt 0.498999 0.498999
vt 0.470752 0.498999
vt 0.498999 0.439502
vt 0.563501 0.876001
vt 0.576123 0.876001
vt 0.563501 0.935498
vt 0.466748 0.438501
vt 0.438501 0.438501
vt 0.438501 0.497998
vt 0.439502 0.498999
vt 0.467749 0.498999
vt 0.467749 0.439502
vt 0.561499 0.564502
vt 0.561499 0.623999
vt 0.502002 0.623999
vt 0.719751 0.376001
vt 0.747998 0.376001
vt 0.719751 0.404248
vt 0.467749 0.373999
vt 0.467749 0.314502
vt 0.439502 0.373999
vt 0.717749 0.436499
vt 0.689502 0.436499
vt 0.717749 0.408252
vt 0.748999 0.436499
vt 0.720752 0.436499
vt 0.748999 0.408252
vt 0.688501 0.376001
vt 0.688501 0.404248
vt 0.716748 0.376001
vt 0.498999 0.717749
vt 0.498999 0.689502
vt 0.470752 0.717749
vt 0.891626 0.407251
vt 0.904248 0.407251
vt 0.891626 0.435498
vt 0.905249 0.436499
vt 0.892627 0.436499
vt 0.905249 0.408252
vt 0.405249 0.377002
vt 0.405249 0.436499
vt 0.377002 0.436499
vt 0.032251 0.560498
vt 0.032251 0.501001
vt 0.060498 0.501001
vt 0.657251 0.469751
vt 0.685498 0.469751
vt 0.657251 0.497998
vt 0.686499 0.498999
vt 0.658252 0.498999
vt 0.686499 0.470752
vt 0.061499 0.502002
vt 0.033252 0.561499
vt 0.061499 0.561499
vt 0.001001 0.560498
vt 0.029248 0.501001
vt 0.001001 0.501001
vt 0.094751 0.560498
vt 0.094751 0.501001
vt 0.122998 0.501001
vt 0.123999 0.502002
vt 0.123999 0.561499
vt 0.095752 0.561499
vt 0.654248 0.469751
vt 0.626001 0.469751
vt 0.626001 0.497998
vt 0.627002 0.498999
vt 0.655249 0.498999
vt 0.655249 0.470752
vt 0.657251 0.438501
vt 0.685498 0.438501
vt 0.657251 0.466748
vt 0.876001 0.407251
vt 0.876001 0.435498
vt 0.888623 0.407251
vt 0.030249 0.502002
vt 0.030249 0.561499
vt 0.002002 0.561499
vt 0.654248 0.438501
vt 0.626001 0.438501
vt 0.626001 0.466748
vt 0.627002 0.467749
vt 0.655249 0.467749
vt 0.655249 0.439502
vt 0.063501 0.560498
vt 0.091748 0.501001
vt 0.063501 0.501001
vt 0.092749 0.502002
vt 0.064502 0.561499
vt 0.092749 0.561499
vt 0.280249 0.252002
vt 0.280249 0.311499
vt 0.252002 0.311499
vt 0.748999 0.377002
vt 0.748999 0.405249
vt 0.720752 0.405249
vt 0.719751 0.497998
vt 0.719751 0.469751
vt 0.747998 0.469751
vt 0.688501 0.497998
vt 0.688501 0.469751
vt 0.716748 0.469751
vt 0.922876 0.407251
vt 0.922876 0.435498
vt 0.935498 0.407251
vt 0.907251 0.407251
vt 0.907251 0.435498
vt 0.919873 0.407251
vt 0.610376 0.935498
vt 0.622998 0.876001
vt 0.610376 0.876001
vt 0.623999 0.877002
vt 0.623999 0.936499
vt 0.611377 0.936499
vt 0.454126 0.938501
vt 0.454126 0.966748
vt 0.466748 0.938501
vt 0.438501 0.938501
vt 0.438501 0.966748
vt 0.451123 0.938501
vt 0.485376 0.966748
vt 0.485376 0.938501
vt 0.497998 0.938501
vt 0.469751 0.966748
vt 0.469751 0.938501
vt 0.482373 0.938501
vt 0.454126 0.969751
vt 0.454126 0.997998
vt 0.466748 0.969751
vt 0.438501 0.969751
vt 0.438501 0.997998
vt 0.451123 0.969751
vt 0.594751 0.935498
vt 0.607373 0.876001
vt 0.594751 0.876001
vt 0.516626 0.935498
vt 0.529248 0.876001
vt 0.516626 0.876001
vt 0.485376 0.997998
vt 0.485376 0.969751
vt 0.497998 0.969751
vt 0.469751 0.997998
vt 0.469751 0.969751
vt 0.482373 0.969751
vt 0.391626 0.966748
vt 0.391626 0.938501
vt 0.404248 0.938501
vt 0.376001 0.966748
vt 0.376001 0.938501
vt 0.388623 0.938501
vt 0.719751 0.438501
vt 0.747998 0.438501
vt 0.719751 0.466748
vt 0.422876 0.938501
vt 0.435498 0.938501
vt 0.422876 0.966748
vt 0.032251 0.622998
vt 0.032251 0.563501
vt 0.060498 0.563501
vt 0.001001 0.622998
vt 0.001001 0.563501
vt 0.029248 0.563501
vt 0.688501 0.438501
vt 0.688501 0.466748
vt 0.716748 0.438501
vt 0.532251 0.657251
vt 0.532251 0.685498
vt 0.560498 0.657251
vt 0.501001 0.657251
vt 0.501001 0.685498
vt 0.529248 0.657251
vt 0.532251 0.626001
vt 0.532251 0.654248
vt 0.560498 0.626001
vt 0.419873 0.938501
vt 0.407251 0.966748
vt 0.407251 0.938501
vt 0.391626 0.969751
vt 0.391626 0.997998
vt 0.404248 0.969751
vt 0.388623 0.969751
vt 0.376001 0.997998
vt 0.376001 0.969751
vt 0.422876 0.969751
vt 0.422876 0.997998
vt 0.435498 0.969751
vt 0.407251 0.997998
vt 0.419873 0.969751
vt 0.407251 0.969751
vt 0.001001 0.154248
vt 0.013623 0.141626
vt 0.001001 0.141626
vt 0.016626 0.138623
vt 0.029248 0.126001
vt 0.016626 0.126001
vt 0.501001 0.626001
vt 0.529248 0.626001
vt 0.501001 0.654248
vt 0.888623 0.813501
vt 0.883814 0.813501
vt 0.883814 0.841748
vt 0.094751 0.622998
vt 0.122998 0.563501
vt 0.094751 0.563501
vt 0.915064 0.657251
vt 0.919873 0.657251
vt 0.915064 0.685498
vt 0.013623 0.126001
vt 0.001001 0.126001
vt 0.001001 0.138623
vt 0.594751 0.685498
vt 0.622998 0.657251
vt 0.594751 0.657251
vt 0.454126 0.876001
vt 0.466748 0.876001
vt 0.454126 0.904248
vt 0.876001 0.880810
vt 0.876001 0.876001
vt 0.888623 0.876001
vt 0.438501 0.904248
vt 0.451123 0.876001
vt 0.438501 0.876001
vt 0.907251 0.657251
vt 0.912060 0.657251
vt 0.907251 0.685498
vt 0.883814 0.852564
vt 0.888623 0.852564
vt 0.883814 0.857373
vt 0.930689 0.685498
vt 0.935498 0.657251
vt 0.930689 0.657251
vt 0.913061 0.686499
vt 0.908252 0.686499
vt 0.913061 0.658252
vt 0.060498 0.141626
vt 0.047876 0.141626
vt 0.047876 0.154248
vt 0.563501 0.685498
vt 0.591748 0.657251
vt 0.563501 0.657251
vt 0.485376 0.876001
vt 0.497998 0.876001
vt 0.485376 0.904248
vt 0.669873 0.938501
vt 0.665064 0.938501
vt 0.665064 0.951123
vt 0.452124 0.877002
vt 0.439502 0.905249
vt 0.452124 0.905249
vt 0.662060 0.938501
vt 0.657251 0.938501
vt 0.657251 0.951123
vt 0.680689 0.938501
vt 0.685498 0.938501
vt 0.680689 0.951123
vt 0.922876 0.657251
vt 0.927685 0.657251
vt 0.922876 0.685498
vt 0.467749 0.877002
vt 0.467749 0.905249
vt 0.455127 0.905249
vt 0.622998 0.626001
vt 0.594751 0.654248
vt 0.594751 0.626001
vt 0.883814 0.685498
vt 0.883814 0.657251
vt 0.888623 0.657251
vt 0.563501 0.626001
vt 0.591748 0.626001
vt 0.563501 0.654248
vt 0.532251 0.747998
vt 0.560498 0.719751
vt 0.532251 0.719751
vt 0.561499 0.502002
vt 0.561499 0.561499
vt 0.502002 0.561499
vt 0.469751 0.904248
vt 0.482373 0.876001
vt 0.469751 0.876001
vt 0.672876 0.951123
vt 0.677685 0.938501
vt 0.672876 0.938501
vt 0.883814 0.758814
vt 0.888623 0.758814
vt 0.883814 0.763623
vt 0.876001 0.758814
vt 0.880810 0.758814
vt 0.876001 0.763623
vt 0.454126 0.907251
vt 0.466748 0.907251
vt 0.454126 0.935498
vt 0.883814 0.755810
vt 0.888623 0.751001
vt 0.883814 0.751001
vt 0.880810 0.751001
vt 0.876001 0.755810
vt 0.876001 0.751001
vt 0.665064 0.954126
vt 0.669873 0.954126
vt 0.665064 0.966748
vt 0.657251 0.954126
vt 0.657251 0.966748
vt 0.662060 0.954126
vt 0.680689 0.954126
vt 0.680689 0.966748
vt 0.685498 0.954126
vt 0.451123 0.907251
vt 0.438501 0.935498
vt 0.438501 0.907251
vt 0.501001 0.747998
vt 0.501001 0.719751
vt 0.529248 0.719751
vt 0.532251 0.716748
vt 0.560498 0.688501
vt 0.532251 0.688501
vt 0.044873 0.141626
vt 0.032251 0.154248
vt 0.032251 0.141626
vt 0.672876 0.954126
vt 0.672876 0.966748
vt 0.677685 0.954126
vt 0.060498 0.126001
vt 0.047876 0.138623
vt 0.047876 0.126001
vt 0.485376 0.935498
vt 0.485376 0.907251
vt 0.497998 0.907251
vt 0.501001 0.688501
vt 0.529248 0.688501
vt 0.501001 0.716748
vt 0.876001 0.657251
vt 0.876001 0.685498
vt 0.880810 0.657251
vt 0.594751 0.747998
vt 0.594751 0.719751
vt 0.622998 0.719751
vt 0.591748 0.719751
vt 0.563501 0.747998
vt 0.563501 0.719751
vt 0.594751 0.688501
vt 0.622998 0.688501
vt 0.594751 0.716748
vt 0.469751 0.935498
vt 0.469751 0.907251
vt 0.482373 0.907251
vt 0.391626 0.876001
vt 0.391626 0.904248
vt 0.404248 0.876001
vt 0.376001 0.904248
vt 0.388623 0.876001
vt 0.376001 0.876001
vt 0.591748 0.688501
vt 0.563501 0.716748
vt 0.563501 0.688501
vt 0.657251 0.532251
vt 0.657251 0.560498
vt 0.685498 0.532251
vt 0.899439 0.657251
vt 0.899439 0.685498
vt 0.904248 0.657251
vt 0.626001 0.532251
vt 0.654248 0.532251
vt 0.626001 0.560498
vt 0.657251 0.529248
vt 0.685498 0.501001
vt 0.657251 0.501001
vt 0.626001 0.501001
vt 0.654248 0.501001
vt 0.626001 0.529248
vt 0.719751 0.560498
vt 0.747998 0.532251
vt 0.719751 0.532251
vt 0.716748 0.532251
vt 0.688501 0.560498
vt 0.688501 0.532251
vt 0.719751 0.501001
vt 0.747998 0.501001
vt 0.719751 0.529248
vt 0.716748 0.501001
vt 0.688501 0.529248
vt 0.688501 0.501001
vt 0.435498 0.876001
vt 0.422876 0.876001
vt 0.422876 0.904248
vt 0.032251 0.138623
vt 0.044873 0.126001
vt 0.032251 0.126001
vt 0.016626 0.172876
vt 0.029248 0.172876
vt 0.016626 0.185498
vt 0.638623 0.938501
vt 0.633814 0.938501
vt 0.633814 0.951123
vt 0.626001 0.938501
vt 0.630810 0.938501
vt 0.626001 0.951123
vt 0.407251 0.904248
vt 0.407251 0.876001
vt 0.419873 0.876001
vt 0.904248 0.758814
vt 0.899439 0.758814
vt 0.899439 0.763623
vt 0.391626 0.935498
vt 0.404248 0.907251
vt 0.391626 0.907251
vt 0.654248 0.938501
vt 0.649439 0.938501
vt 0.649439 0.951123
vt 0.663061 0.967749
vt 0.658252 0.967749
vt 0.663061 0.955127
vt 0.891626 0.758814
vt 0.891626 0.763623
vt 0.896435 0.758814
vt 0.891626 0.685498
vt 0.896435 0.657251
vt 0.891626 0.657251
vt 0.915064 0.626001
vt 0.919873 0.626001
vt 0.915064 0.654248
vt 0.685498 0.594751
vt 0.657251 0.622998
vt 0.657251 0.594751
vt 0.904248 0.751001
vt 0.899439 0.755810
vt 0.899439 0.751001
vt 0.646435 0.938501
vt 0.641626 0.951123
vt 0.641626 0.938501
vt 0.013623 0.172876
vt 0.001001 0.185498
vt 0.001001 0.172876
vt 0.376001 0.907251
vt 0.376001 0.935498
vt 0.388623 0.907251
vt 0.016626 0.169873
vt 0.029248 0.157251
vt 0.016626 0.157251
vt 0.633814 0.954126
vt 0.633814 0.966748
vt 0.638623 0.954126
vt 0.626001 0.594751
vt 0.626001 0.622998
vt 0.654248 0.594751
vt 0.891626 0.751001
vt 0.891626 0.755810
vt 0.896435 0.751001
vt 0.013623 0.157251
vt 0.001001 0.169873
vt 0.001001 0.157251
vt 0.883814 0.779248
vt 0.883814 0.774439
vt 0.888623 0.774439
vt 0.907251 0.654248
vt 0.912060 0.626001
vt 0.907251 0.626001
vt 0.913061 0.627002
vt 0.908252 0.655249
vt 0.913061 0.655249
vt 0.626001 0.954126
vt 0.626001 0.966748
vt 0.630810 0.954126
vt 0.467749 0.908252
vt 0.455127 0.936499
vt 0.467749 0.936499
vt 0.930689 0.654248
vt 0.930689 0.626001
vt 0.935498 0.626001
vt 0.649439 0.954126
vt 0.649439 0.966748
vt 0.654248 0.954126
vt 0.655249 0.967749
vt 0.655249 0.955127
vt 0.650440 0.967749
vt 0.646435 0.954126
vt 0.641626 0.966748
vt 0.641626 0.954126
vt 0.642627 0.967749
vt 0.647436 0.955127
vt 0.647436 0.967749
vt 0.732373 0.969751
vt 0.727564 0.982373
vt 0.727564 0.969751
vt 0.728565 0.983374
vt 0.733374 0.970752
vt 0.733374 0.983374
vt 0.724560 0.969751
vt 0.719751 0.982373
vt 0.719751 0.969751
vt 0.720752 0.983374
vt 0.725561 0.970752
vt 0.725561 0.983374
vt 0.889624 0.780249
vt 0.889624 0.775440
vt 0.884815 0.780249
vt 0.422876 0.935498
vt 0.435498 0.907251
vt 0.422876 0.907251
vt 0.922876 0.654248
vt 0.922876 0.626001
vt 0.927685 0.626001
vt 0.876001 0.774439
vt 0.876001 0.779248
vt 0.880810 0.774439
vt 0.883814 0.766626
vt 0.883814 0.771435
vt 0.888623 0.766626
vt 0.876001 0.766626
vt 0.880810 0.766626
vt 0.876001 0.771435
vt 0.747998 0.969751
vt 0.743189 0.982373
vt 0.743189 0.969751
vt 0.904248 0.774439
vt 0.899439 0.774439
vt 0.899439 0.779248
vt 0.883814 0.654248
vt 0.888623 0.626001
vt 0.883814 0.626001
vt 0.889624 0.627002
vt 0.884815 0.655249
vt 0.889624 0.655249
vt 0.735376 0.969751
vt 0.735376 0.982373
vt 0.740185 0.969751
vt 0.407251 0.935498
vt 0.419873 0.907251
vt 0.407251 0.907251
vt 0.727564 0.997998
vt 0.727564 0.985376
vt 0.732373 0.985376
vt 0.891626 0.774439
vt 0.896435 0.774439
vt 0.891626 0.779248
vt 0.329126 0.966748
vt 0.341748 0.938501
vt 0.329126 0.938501
vt 0.719751 0.997998
vt 0.719751 0.985376
vt 0.724560 0.985376
vt 0.743189 0.985376
vt 0.743189 0.997998
vt 0.747998 0.985376
vt 0.748999 0.998999
vt 0.748999 0.986377
vt 0.744190 0.998999
vt 0.876001 0.654248
vt 0.876001 0.626001
vt 0.880810 0.626001
vt 0.881811 0.627002
vt 0.881811 0.655249
vt 0.877002 0.655249
vt 0.899439 0.654248
vt 0.899439 0.626001
vt 0.904248 0.626001
vt 0.891626 0.654248
vt 0.891626 0.626001
vt 0.896435 0.626001
vt 0.735376 0.985376
vt 0.735376 0.997998
vt 0.740185 0.985376
vt 0.741186 0.998999
vt 0.741186 0.986377
vt 0.736377 0.998999
vt 0.326123 0.938501
vt 0.313501 0.938501
vt 0.313501 0.966748
vt 0.360376 0.938501
vt 0.372998 0.938501
vt 0.360376 0.966748
vt 0.685498 0.563501
vt 0.657251 0.563501
vt 0.657251 0.591748
vt 0.344751 0.938501
vt 0.357373 0.938501
vt 0.344751 0.966748
vt 0.654248 0.563501
vt 0.626001 0.591748
vt 0.626001 0.563501
vt 0.329126 0.969751
vt 0.329126 0.997998
vt 0.341748 0.969751
vt 0.047876 0.172876
vt 0.060498 0.172876
vt 0.047876 0.185498
vt 0.696314 0.969751
vt 0.701123 0.969751
vt 0.696314 0.982373
vt 0.044873 0.172876
vt 0.032251 0.172876
vt 0.032251 0.185498
vt 0.060498 0.157251
vt 0.047876 0.157251
vt 0.047876 0.169873
vt 0.313501 0.969751
vt 0.326123 0.969751
vt 0.313501 0.997998
vt 0.693310 0.969751
vt 0.688501 0.969751
vt 0.688501 0.982373
vt 0.360376 0.969751
vt 0.372998 0.969751
vt 0.360376 0.997998
vt 0.982373 0.657251
vt 0.977564 0.657251
vt 0.977564 0.685498
vt 0.719751 0.594751
vt 0.719751 0.622998
vt 0.747998 0.594751
vt 0.716748 0.594751
vt 0.688501 0.594751
vt 0.688501 0.622998
vt 0.876001 0.813501
vt 0.880810 0.813501
vt 0.876001 0.872998
vt 0.071314 0.126001
vt 0.076123 0.126001
vt 0.071314 0.185498
vt 0.501001 0.876001
vt 0.513623 0.876001
vt 0.501001 0.935498
vt 0.063501 0.126001
vt 0.068310 0.126001
vt 0.063501 0.185498
vt 0.063501 0.563501
vt 0.091748 0.563501
vt 0.063501 0.622998
vt 0.547876 0.876001
vt 0.560498 0.876001
vt 0.547876 0.935498
vt 0.560498 0.001001
vt 0.532251 0.001001
vt 0.532251 0.060498
vt 0.544873 0.876001
vt 0.532251 0.876001
vt 0.532251 0.935498
vt 0.501001 0.001001
vt 0.529248 0.001001
vt 0.501001 0.060498
vt 0.954126 0.563501
vt 0.966748 0.563501
vt 0.954126 0.622998
vt 0.951123 0.563501
vt 0.938501 0.563501
vt 0.938501 0.622998
vt 0.091748 0.126001
vt 0.086939 0.126001
vt 0.086939 0.185498
vt 0.622998 0.001001
vt 0.594751 0.001001
vt 0.594751 0.060498
vt 0.985376 0.563501
vt 0.997998 0.563501
vt 0.985376 0.622998
vt 0.591748 0.001001
vt 0.563501 0.001001
vt 0.563501 0.060498
vt 0.344751 0.969751
vt 0.357373 0.969751
vt 0.344751 0.997998
vt 0.279248 0.938501
vt 0.266626 0.938501
vt 0.266626 0.966748
vt 0.969751 0.657251
vt 0.974560 0.657251
vt 0.969751 0.685498
vt 0.032251 0.157251
vt 0.044873 0.157251
vt 0.032251 0.169873
vt 0.711939 0.969751
vt 0.716748 0.969751
vt 0.711939 0.982373
vt 0.204126 0.079126
vt 0.216748 0.079126
vt 0.204126 0.091748
vt 0.704126 0.969751
vt 0.708935 0.969751
vt 0.704126 0.982373
vt 0.251001 0.938501
vt 0.251001 0.966748
vt 0.263623 0.938501
vt 0.188501 0.079126
vt 0.201123 0.079126
vt 0.188501 0.091748
vt 0.696314 0.985376
vt 0.701123 0.985376
vt 0.696314 0.997998
vt 0.688501 0.985376
vt 0.693310 0.985376
vt 0.688501 0.997998
vt 0.216748 0.063501
vt 0.204126 0.063501
vt 0.204126 0.076123
vt 0.716748 0.985376
vt 0.711939 0.985376
vt 0.711939 0.997998
vt 0.704126 0.985376
vt 0.708935 0.985376
vt 0.704126 0.997998
vt 0.727564 0.938501
vt 0.732373 0.938501
vt 0.727564 0.951123
vt 0.724560 0.938501
vt 0.719751 0.938501
vt 0.719751 0.951123
vt 0.743189 0.938501
vt 0.747998 0.938501
vt 0.743189 0.951123
vt 0.297876 0.966748
vt 0.310498 0.938501
vt 0.297876 0.938501
vt 0.188501 0.076123
vt 0.188501 0.063501
vt 0.201123 0.063501
vt 0.735376 0.938501
vt 0.740185 0.938501
vt 0.735376 0.951123
vt 0.235376 0.091748
vt 0.235376 0.079126
vt 0.247998 0.079126
vt 0.232373 0.079126
vt 0.219751 0.079126
vt 0.219751 0.091748
vt 0.282251 0.966748
vt 0.282251 0.938501
vt 0.294873 0.938501
vt 0.247998 0.063501
vt 0.235376 0.063501
vt 0.235376 0.076123
vt 0.232373 0.063501
vt 0.219751 0.063501
vt 0.219751 0.076123
vt 0.216748 0.110376
vt 0.204126 0.110376
vt 0.204126 0.122998
vt 0.732373 0.954126
vt 0.727564 0.954126
vt 0.727564 0.966748
vt 0.719751 0.954126
vt 0.724560 0.954126
vt 0.719751 0.966748
vt 0.188501 0.110376
vt 0.201123 0.110376
vt 0.188501 0.122998
vt 0.670874 0.952124
vt 0.666065 0.952124
vt 0.670874 0.939502
vt 0.204126 0.094751
vt 0.216748 0.094751
vt 0.204126 0.107373
vt 0.743189 0.954126
vt 0.747998 0.954126
vt 0.743189 0.966748
vt 0.740185 0.954126
vt 0.735376 0.954126
vt 0.735376 0.966748
vt 0.701123 0.938501
vt 0.696314 0.938501
vt 0.696314 0.951123
vt 0.993189 0.657251
vt 0.997998 0.657251
vt 0.993189 0.685498
vt 0.985376 0.657251
vt 0.990185 0.657251
vt 0.985376 0.685498
vt 0.266626 0.969751
vt 0.279248 0.969751
vt 0.266626 0.997998
vt 0.920874 0.686499
vt 0.916065 0.686499
vt 0.920874 0.658252
vt 0.946314 0.657251
vt 0.951123 0.657251
vt 0.946314 0.685498
vt 0.943310 0.657251
vt 0.938501 0.657251
vt 0.938501 0.685498
vt 0.966748 0.657251
vt 0.961939 0.657251
vt 0.961939 0.685498
vt 0.263623 0.969751
vt 0.251001 0.969751
vt 0.251001 0.997998
vt 0.201123 0.094751
vt 0.188501 0.094751
vt 0.188501 0.107373
vt 0.247998 0.110376
vt 0.235376 0.110376
vt 0.235376 0.122998
vt 0.217749 0.123999
vt 0.205127 0.123999
vt 0.217749 0.111377
vt 0.688501 0.938501
vt 0.693310 0.938501
vt 0.688501 0.951123
vt 0.954126 0.657251
vt 0.958935 0.657251
vt 0.954126 0.685498
vt 0.983374 0.686499
vt 0.978565 0.686499
vt 0.983374 0.658252
vt 0.977564 0.626001
vt 0.982373 0.626001
vt 0.977564 0.654248
vt 0.420874 0.939502
vt 0.408252 0.967749
vt 0.420874 0.967749
vt 0.297876 0.969751
vt 0.310498 0.969751
vt 0.297876 0.997998
vt 0.219751 0.122998
vt 0.219751 0.110376
vt 0.232373 0.110376
vt 0.235376 0.094751
vt 0.235376 0.107373
vt 0.247998 0.094751
vt 0.282251 0.997998
vt 0.294873 0.969751
vt 0.282251 0.969751
vt 0.329126 0.876001
vt 0.341748 0.876001
vt 0.329126 0.904248
vt 0.313501 0.904248
vt 0.313501 0.876001
vt 0.326123 0.876001
vt 0.372998 0.876001
vt 0.360376 0.876001
vt 0.360376 0.904248
vt 0.219751 0.107373
vt 0.219751 0.094751
vt 0.232373 0.094751
vt 0.719751 0.563501
vt 0.719751 0.591748
vt 0.747998 0.563501
vt 0.357373 0.876001
vt 0.344751 0.904248
vt 0.344751 0.876001
vt 0.702124 0.983374
vt 0.702124 0.970752
vt 0.697315 0.983374
vt 0.969751 0.654248
vt 0.974560 0.626001
vt 0.969751 0.626001
vt 0.688501 0.591748
vt 0.716748 0.563501
vt 0.688501 0.563501
vt 0.532251 0.063501
vt 0.532251 0.122998
vt 0.560498 0.063501
vt 0.993189 0.626001
vt 0.993189 0.654248
vt 0.997998 0.626001
vt 0.060498 0.032251
vt 0.032251 0.032251
vt 0.032251 0.060498
vt 0.083935 0.126001
vt 0.079126 0.185498
vt 0.079126 0.126001
vt 0.029248 0.032251
vt 0.001001 0.060498
vt 0.001001 0.032251
vt 0.498999 0.877002
vt 0.498999 0.905249
vt 0.486377 0.905249
vt 0.060498 0.001001
vt 0.032251 0.029248
vt 0.032251 0.001001
vt 0.408252 0.436499
vt 0.436499 0.377002
vt 0.436499 0.436499
vt 0.141626 0.079126
vt 0.141626 0.091748
vt 0.154248 0.079126
vt 0.329126 0.935498
vt 0.329126 0.907251
vt 0.341748 0.907251
vt 0.029248 0.001001
vt 0.001001 0.029248
vt 0.001001 0.001001
vt 0.326123 0.907251
vt 0.313501 0.907251
vt 0.313501 0.935498
vt 0.748999 0.592749
vt 0.720752 0.592749
vt 0.748999 0.564502
vt 0.126001 0.079126
vt 0.126001 0.091748
vt 0.138623 0.079126
vt 0.985376 0.654248
vt 0.985376 0.626001
vt 0.990185 0.626001
vt 0.122998 0.032251
vt 0.094751 0.060498
vt 0.094751 0.032251
vt 0.711939 0.938501
vt 0.716748 0.938501
vt 0.711939 0.951123
vt 0.704126 0.938501
vt 0.708935 0.938501
vt 0.704126 0.951123
vt 0.642627 0.952124
vt 0.647436 0.952124
vt 0.647436 0.939502
vt 0.063501 0.060498
vt 0.091748 0.032251
vt 0.063501 0.032251
vt 0.141626 0.063501
vt 0.154248 0.063501
vt 0.141626 0.076123
vt 0.126001 0.063501
vt 0.126001 0.076123
vt 0.138623 0.063501
vt 0.172876 0.079126
vt 0.172876 0.091748
vt 0.185498 0.079126
vt 0.360376 0.935498
vt 0.372998 0.907251
vt 0.360376 0.907251
vt 0.344751 0.935498
vt 0.344751 0.907251
vt 0.357373 0.907251
vt 0.169873 0.079126
vt 0.157251 0.079126
vt 0.157251 0.091748
vt 0.701123 0.954126
vt 0.696314 0.954126
vt 0.696314 0.966748
vt 0.266626 0.876001
vt 0.266626 0.904248
vt 0.279248 0.876001
vt 0.251001 0.876001
vt 0.251001 0.904248
vt 0.263623 0.876001
vt 0.172876 0.063501
vt 0.185498 0.063501
vt 0.172876 0.076123
vt 0.157251 0.063501
vt 0.169873 0.063501
vt 0.157251 0.076123
vt 0.688501 0.954126
vt 0.693310 0.954126
vt 0.688501 0.966748
vt 0.141626 0.110376
vt 0.154248 0.110376
vt 0.141626 0.122998
vt 0.138623 0.110376
vt 0.126001 0.110376
vt 0.126001 0.122998
vt 0.716748 0.954126
vt 0.711939 0.954126
vt 0.711939 0.966748
vt 0.141626 0.107373
vt 0.141626 0.094751
vt 0.154248 0.094751
vt 0.126001 0.107373
vt 0.126001 0.094751
vt 0.138623 0.094751
vt 0.172876 0.122998
vt 0.172876 0.110376
vt 0.185498 0.110376
vt 0.157251 0.122998
vt 0.157251 0.110376
vt 0.169873 0.110376
vt 0.297876 0.876001
vt 0.297876 0.904248
vt 0.310498 0.876001
vt 0.122998 0.001001
vt 0.094751 0.029248
vt 0.094751 0.001001
vt 0.185498 0.094751
vt 0.172876 0.094751
vt 0.172876 0.107373
vt 0.282251 0.876001
vt 0.282251 0.904248
vt 0.294873 0.876001
vt 0.279248 0.907251
vt 0.266626 0.935498
vt 0.266626 0.907251
vt 0.595752 0.936499
vt 0.608374 0.936499
vt 0.608374 0.877002
vt 0.517627 0.936499
vt 0.530249 0.936499
vt 0.530249 0.877002
vt 0.033252 0.623999
vt 0.061499 0.623999
vt 0.061499 0.564502
vt 0.501001 0.063501
vt 0.529248 0.063501
vt 0.501001 0.122998
vt 0.263623 0.907251
vt 0.251001 0.907251
vt 0.251001 0.935498
vt 0.946314 0.626001
vt 0.951123 0.626001
vt 0.946314 0.654248
vt 0.592749 0.717749
vt 0.564502 0.717749
vt 0.592749 0.689502
vt 0.063501 0.001001
vt 0.063501 0.029248
vt 0.091748 0.001001
vt 0.297876 0.907251
vt 0.310498 0.907251
vt 0.297876 0.935498
vt 0.157251 0.094751
vt 0.169873 0.094751
vt 0.157251 0.107373
vt 0.708935 0.954126
vt 0.704126 0.954126
vt 0.704126 0.966748
vt 0.165064 0.282251
vt 0.169873 0.282251
vt 0.165064 0.294873
vt 0.142627 0.123999
vt 0.155249 0.123999
vt 0.155249 0.111377
vt 0.162060 0.282251
vt 0.157251 0.282251
vt 0.157251 0.294873
vt 0.294873 0.907251
vt 0.282251 0.907251
vt 0.282251 0.935498
vt 0.127002 0.108374
vt 0.139624 0.108374
vt 0.139624 0.095752
vt 0.954126 0.313501
vt 0.966748 0.313501
vt 0.954126 0.341748
vt 0.951123 0.313501
vt 0.938501 0.313501
vt 0.938501 0.341748
vt 0.560498 0.376001
vt 0.501001 0.376001
vt 0.501001 0.435498
vt 0.594751 0.122998
vt 0.594751 0.063501
vt 0.622998 0.063501
vt 0.030249 0.623999
vt 0.002002 0.623999
vt 0.030249 0.564502
vt 0.591748 0.063501
vt 0.563501 0.063501
vt 0.563501 0.122998
vt 0.216748 0.016626
vt 0.204126 0.016626
vt 0.204126 0.029248
vt 0.201123 0.016626
vt 0.188501 0.016626
vt 0.188501 0.029248
vt 0.997998 0.313501
vt 0.985376 0.341748
vt 0.985376 0.313501
vt 0.969751 0.313501
vt 0.969751 0.341748
vt 0.982373 0.313501
vt 0.702124 0.998999
vt 0.697315 0.998999
vt 0.702124 0.986377
vt 0.180689 0.282251
vt 0.185498 0.282251
vt 0.180689 0.294873
vt 0.954126 0.372998
vt 0.954126 0.344751
vt 0.966748 0.344751
vt 0.204126 0.013623
vt 0.204126 0.001001
vt 0.216748 0.001001
vt 0.201123 0.001001
vt 0.188501 0.001001
vt 0.188501 0.013623
vt 0.705127 0.983374
vt 0.709936 0.983374
vt 0.709936 0.970752
vt 0.172876 0.282251
vt 0.177685 0.282251
vt 0.172876 0.294873
vt 0.165064 0.297876
vt 0.169873 0.297876
vt 0.165064 0.310498
vt 0.162060 0.297876
vt 0.157251 0.297876
vt 0.157251 0.310498
vt 0.166065 0.311499
vt 0.170874 0.311499
vt 0.170874 0.298877
vt 0.235376 0.029248
vt 0.235376 0.016626
vt 0.247998 0.016626
vt 0.232373 0.016626
vt 0.219751 0.016626
vt 0.219751 0.029248
vt 0.235376 0.001001
vt 0.247998 0.001001
vt 0.235376 0.013623
vt 0.219751 0.001001
vt 0.232373 0.001001
vt 0.219751 0.013623
vt 0.969751 0.622998
vt 0.982373 0.563501
vt 0.969751 0.563501
vt 0.938501 0.372998
vt 0.938501 0.344751
vt 0.951123 0.344751
vt 0.985376 0.372998
vt 0.997998 0.344751
vt 0.985376 0.344751
vt 0.969751 0.372998
vt 0.982373 0.344751
vt 0.969751 0.344751
vt 0.216748 0.047876
vt 0.204126 0.047876
vt 0.204126 0.060498
vt 0.712940 0.983374
vt 0.717749 0.983374
vt 0.717749 0.970752
vt 0.392627 0.905249
vt 0.405249 0.877002
vt 0.405249 0.905249
vt 0.139624 0.077124
vt 0.127002 0.077124
vt 0.139624 0.064502
vt 0.180689 0.297876
vt 0.185498 0.297876
vt 0.180689 0.310498
vt 0.177685 0.297876
vt 0.172876 0.297876
vt 0.172876 0.310498
vt 0.188501 0.060498
vt 0.201123 0.047876
vt 0.188501 0.047876
vt 0.216748 0.032251
vt 0.204126 0.032251
vt 0.204126 0.044873
vt 0.133814 0.282251
vt 0.138623 0.282251
vt 0.133814 0.294873
vt 0.126001 0.282251
vt 0.130810 0.282251
vt 0.126001 0.294873
vt 0.186499 0.295874
vt 0.181690 0.295874
vt 0.186499 0.283252
vt 0.188501 0.032251
vt 0.201123 0.032251
vt 0.188501 0.044873
vt 0.149439 0.282251
vt 0.154248 0.282251
vt 0.149439 0.294873
vt 0.247998 0.047876
vt 0.235376 0.047876
vt 0.235376 0.060498
vt 0.141626 0.282251
vt 0.146435 0.282251
vt 0.141626 0.294873
vt 0.904248 0.313501
vt 0.891626 0.341748
vt 0.891626 0.313501
vt 0.876001 0.313501
vt 0.876001 0.341748
vt 0.888623 0.313501
vt 0.219751 0.060498
vt 0.232373 0.047876
vt 0.219751 0.047876
vt 0.235376 0.044873
vt 0.235376 0.032251
vt 0.247998 0.032251
vt 0.943310 0.626001
vt 0.938501 0.626001
vt 0.938501 0.654248
vt 0.935498 0.313501
vt 0.922876 0.313501
vt 0.922876 0.341748
vt 0.138623 0.297876
vt 0.133814 0.297876
vt 0.133814 0.310498
vt 0.219751 0.032251
vt 0.232373 0.032251
vt 0.219751 0.044873
vt 0.702124 0.952124
vt 0.697315 0.952124
vt 0.702124 0.939502
vt 0.126001 0.297876
vt 0.130810 0.297876
vt 0.126001 0.310498
vt 0.154248 0.297876
vt 0.149439 0.297876
vt 0.149439 0.310498
vt 0.907251 0.313501
vt 0.907251 0.341748
vt 0.919873 0.313501
vt 0.891626 0.344751
vt 0.904248 0.344751
vt 0.891626 0.372998
vt 0.532251 0.126001
vt 0.560498 0.126001
vt 0.532251 0.185498
vt 0.876001 0.344751
vt 0.888623 0.344751
vt 0.876001 0.372998
vt 0.961939 0.654248
vt 0.961939 0.626001
vt 0.966748 0.626001
vt 0.595752 0.655249
vt 0.623999 0.627002
vt 0.623999 0.655249
vt 0.922876 0.372998
vt 0.935498 0.344751
vt 0.922876 0.344751
vt 0.060498 0.094751
vt 0.032251 0.094751
vt 0.032251 0.122998
vt 0.954126 0.654248
vt 0.954126 0.626001
vt 0.958935 0.626001
vt 0.501001 0.126001
vt 0.501001 0.185498
vt 0.529248 0.126001
vt 0.502002 0.186499
vt 0.530249 0.127002
vt 0.530249 0.186499
vt 0.959936 0.655249
vt 0.959936 0.627002
vt 0.955127 0.655249
vt 0.907251 0.372998
vt 0.907251 0.344751
vt 0.919873 0.344751
vt 0.966748 0.251001
vt 0.954126 0.279248
vt 0.954126 0.251001
vt 0.891626 0.563501
vt 0.904248 0.563501
vt 0.891626 0.622998
vt 0.905249 0.405249
vt 0.905249 0.377002
vt 0.892627 0.405249
vt 0.146435 0.297876
vt 0.141626 0.297876
vt 0.141626 0.310498
vt 0.905249 0.686499
vt 0.900440 0.686499
vt 0.905249 0.658252
vt 0.938501 0.279248
vt 0.951123 0.251001
vt 0.938501 0.251001
vt 0.029248 0.094751
vt 0.001001 0.122998
vt 0.001001 0.094751
vt 0.985376 0.279248
vt 0.985376 0.251001
vt 0.997998 0.251001
vt 0.969751 0.251001
vt 0.969751 0.279248
vt 0.982373 0.251001
vt 0.905249 0.314502
vt 0.892627 0.342749
vt 0.905249 0.342749
vt 0.622998 0.126001
vt 0.594751 0.126001
vt 0.594751 0.185498
vt 0.686499 0.623999
vt 0.658252 0.623999
vt 0.686499 0.595752
vt 0.392627 0.967749
vt 0.405249 0.939502
vt 0.405249 0.967749
vt 0.280249 0.905249
vt 0.280249 0.877002
vt 0.267627 0.905249
vt 0.389624 0.970752
vt 0.377002 0.998999
vt 0.389624 0.998999
vt 0.141626 0.029248
vt 0.141626 0.016626
vt 0.154248 0.016626
vt 0.138623 0.016626
vt 0.126001 0.016626
vt 0.126001 0.029248
vt 0.165064 0.251001
vt 0.169873 0.251001
vt 0.165064 0.263623
vt 0.157251 0.251001
vt 0.162060 0.251001
vt 0.157251 0.263623
vt 0.185498 0.251001
vt 0.180689 0.251001
vt 0.180689 0.263623
vt 0.954126 0.282251
vt 0.954126 0.310498
vt 0.966748 0.282251
vt 0.899439 0.766626
vt 0.899439 0.771435
vt 0.904248 0.766626
vt 0.172876 0.251001
vt 0.177685 0.251001
vt 0.172876 0.263623
vt 0.165064 0.266626
vt 0.169873 0.266626
vt 0.165064 0.279248
vt 0.141626 0.001001
vt 0.141626 0.013623
vt 0.154248 0.001001
vt 0.938501 0.282251
vt 0.938501 0.310498
vt 0.951123 0.282251
vt 0.126001 0.001001
vt 0.138623 0.001001
vt 0.126001 0.013623
vt 0.185498 0.016626
vt 0.172876 0.029248
vt 0.172876 0.016626
vt 0.157251 0.029248
vt 0.157251 0.016626
vt 0.169873 0.016626
vt 0.172876 0.001001
vt 0.172876 0.013623
vt 0.185498 0.001001
vt 0.997998 0.282251
vt 0.985376 0.310498
vt 0.985376 0.282251
vt 0.157251 0.279248
vt 0.157251 0.266626
vt 0.162060 0.266626
vt 0.915064 0.719751
vt 0.915064 0.747998
vt 0.919873 0.719751
vt 0.912060 0.719751
vt 0.907251 0.747998
vt 0.907251 0.719751
vt 0.891626 0.766626
vt 0.896435 0.766626
vt 0.891626 0.771435
vt 0.758814 0.883814
vt 0.763623 0.883814
vt 0.758814 0.888623
vt 0.967749 0.658252
vt 0.962940 0.686499
vt 0.967749 0.686499
vt 0.639624 0.955127
vt 0.639624 0.967749
vt 0.634815 0.967749
vt 0.930689 0.747998
vt 0.935498 0.719751
vt 0.930689 0.719751
vt 0.922876 0.747998
vt 0.922876 0.719751
vt 0.927685 0.719751
vt 0.751001 0.883814
vt 0.755810 0.883814
vt 0.751001 0.888623
vt 0.967749 0.655249
vt 0.967749 0.627002
vt 0.962940 0.655249
vt 0.982373 0.282251
vt 0.969751 0.310498
vt 0.969751 0.282251
vt 0.888623 0.719751
vt 0.883814 0.719751
vt 0.883814 0.747998
vt 0.884815 0.748999
vt 0.889624 0.748999
vt 0.889624 0.720752
vt 0.032251 0.063501
vt 0.060498 0.063501
vt 0.032251 0.091748
vt 0.001001 0.063501
vt 0.029248 0.063501
vt 0.001001 0.091748
vt 0.655249 0.436499
vt 0.627002 0.436499
vt 0.655249 0.408252
vt 0.094751 0.094751
vt 0.122998 0.094751
vt 0.094751 0.122998
vt 0.063501 0.122998
vt 0.063501 0.094751
vt 0.091748 0.094751
vt 0.092749 0.095752
vt 0.092749 0.123999
vt 0.064502 0.123999
vt 0.094751 0.091748
vt 0.094751 0.063501
vt 0.122998 0.063501
vt 0.717749 0.533252
vt 0.717749 0.561499
vt 0.689502 0.561499
vt 0.880810 0.719751
vt 0.876001 0.719751
vt 0.876001 0.747998
vt 0.063501 0.091748
vt 0.063501 0.063501
vt 0.091748 0.063501
vt 0.810498 0.032251
vt 0.782251 0.032251
vt 0.782251 0.060498
vt 0.783252 0.061499
vt 0.811499 0.061499
vt 0.811499 0.033252
vt 0.751001 0.060498
vt 0.751001 0.032251
vt 0.779248 0.032251
vt 0.780249 0.033252
vt 0.780249 0.061499
vt 0.752002 0.061499
vt 0.185498 0.266626
vt 0.180689 0.266626
vt 0.180689 0.279248
vt 0.127002 0.295874
vt 0.131811 0.295874
vt 0.131811 0.283252
vt 0.904248 0.251001
vt 0.891626 0.279248
vt 0.891626 0.251001
vt 0.157251 0.001001
vt 0.157251 0.013623
vt 0.169873 0.001001
vt 0.876001 0.279248
vt 0.876001 0.251001
vt 0.888623 0.251001
vt 0.922876 0.279248
vt 0.922876 0.251001
vt 0.935498 0.251001
vt 0.782251 0.029248
vt 0.810498 0.001001
vt 0.782251 0.001001
vt 0.907251 0.279248
vt 0.907251 0.251001
vt 0.919873 0.251001
vt 0.779248 0.001001
vt 0.751001 0.029248
vt 0.751001 0.001001
vt 0.844751 0.060498
vt 0.844751 0.032251
vt 0.872998 0.032251
vt 0.813501 0.032251
vt 0.813501 0.060498
vt 0.841748 0.032251
vt 0.844751 0.001001
vt 0.844751 0.029248
vt 0.872998 0.001001
vt 0.813501 0.001001
vt 0.813501 0.029248
vt 0.841748 0.001001
vt 0.952124 0.373999
vt 0.952124 0.345752
vt 0.939502 0.373999
vt 0.177685 0.266626
vt 0.172876 0.266626
vt 0.172876 0.279248
vt 0.373999 0.998999
vt 0.373999 0.970752
vt 0.361377 0.998999
vt 0.891626 0.282251
vt 0.891626 0.310498
vt 0.904248 0.282251
vt 0.295874 0.877002
vt 0.283252 0.905249
vt 0.295874 0.905249
vt 0.405249 0.970752
vt 0.405249 0.998999
vt 0.392627 0.998999
vt 0.952124 0.314502
vt 0.939502 0.342749
vt 0.952124 0.342749
vt 0.876001 0.310498
vt 0.888623 0.282251
vt 0.876001 0.282251
vt 0.935498 0.282251
vt 0.922876 0.310498
vt 0.922876 0.282251
vt 0.907251 0.282251
vt 0.907251 0.310498
vt 0.919873 0.282251
vt 0.204126 0.938501
vt 0.204126 0.966748
vt 0.216748 0.938501
vt 0.188501 0.938501
vt 0.188501 0.966748
vt 0.201123 0.938501
vt 0.782251 0.122998
vt 0.782251 0.094751
vt 0.810498 0.094751
vt 0.247998 0.938501
vt 0.235376 0.938501
vt 0.235376 0.966748
vt 0.219751 0.966748
vt 0.232373 0.938501
vt 0.219751 0.938501
vt 0.141626 0.047876
vt 0.154248 0.047876
vt 0.141626 0.060498
vt 0.138623 0.047876
vt 0.126001 0.060498
vt 0.126001 0.047876
vt 0.141626 0.032251
vt 0.141626 0.044873
vt 0.154248 0.032251
vt 0.138623 0.032251
vt 0.126001 0.044873
vt 0.126001 0.032251
vt 0.705127 0.655249
vt 0.717749 0.655249
vt 0.717749 0.642627
vt 0.204126 0.969751
vt 0.204126 0.997998
vt 0.216748 0.969751
vt 0.172876 0.047876
vt 0.185498 0.047876
vt 0.172876 0.060498
vt 0.201123 0.969751
vt 0.188501 0.969751
vt 0.188501 0.997998
vt 0.169873 0.047876
vt 0.157251 0.047876
vt 0.157251 0.060498
vt 0.172876 0.044873
vt 0.172876 0.032251
vt 0.185498 0.032251
vt 0.157251 0.032251
vt 0.169873 0.032251
vt 0.157251 0.044873
vt 0.204126 0.204126
vt 0.216748 0.204126
vt 0.204126 0.216748
vt 0.876001 0.622998
vt 0.888623 0.563501
vt 0.876001 0.563501
vt 0.186499 0.689502
vt 0.127002 0.748999
vt 0.186499 0.748999
vt 0.922876 0.622998
vt 0.935498 0.563501
vt 0.922876 0.563501
vt 0.563501 0.372998
vt 0.563501 0.313501
vt 0.622998 0.313501
vt 0.436499 0.908252
vt 0.436499 0.936499
vt 0.423877 0.936499
vt 0.563501 0.126001
vt 0.563501 0.185498
vt 0.591748 0.126001
vt 0.235376 0.997998
vt 0.235376 0.969751
vt 0.247998 0.969751
vt 0.779248 0.094751
vt 0.751001 0.122998
vt 0.751001 0.094751
vt 0.123999 0.061499
vt 0.095752 0.061499
vt 0.123999 0.033252
vt 0.899439 0.747998
vt 0.904248 0.719751
vt 0.899439 0.719751
vt 0.561499 0.127002
vt 0.533252 0.186499
vt 0.561499 0.186499
vt 0.896435 0.719751
vt 0.891626 0.719751
vt 0.891626 0.747998
vt 0.915064 0.688501
vt 0.919873 0.688501
vt 0.915064 0.716748
vt 0.040064 0.247998
vt 0.044873 0.188501
vt 0.040064 0.188501
vt 0.595752 0.123999
vt 0.623999 0.064502
vt 0.623999 0.123999
vt 0.983374 0.627002
vt 0.983374 0.655249
vt 0.978565 0.655249
vt 0.782251 0.063501
vt 0.782251 0.091748
vt 0.810498 0.063501
vt 0.779248 0.063501
vt 0.751001 0.091748
vt 0.751001 0.063501
vt 0.532251 0.188501
vt 0.560498 0.188501
vt 0.532251 0.247998
vt 0.897436 0.658252
vt 0.892627 0.686499
vt 0.897436 0.686499
vt 0.501001 0.247998
vt 0.501001 0.188501
vt 0.529248 0.188501
vt 0.561499 0.436499
vt 0.561499 0.377002
vt 0.502002 0.436499
vt 0.905249 0.564502
vt 0.892627 0.623999
vt 0.905249 0.623999
vt 0.758814 0.876001
vt 0.763623 0.876001
vt 0.758814 0.880810
vt 0.133814 0.263623
vt 0.138623 0.251001
vt 0.133814 0.251001
vt 0.844751 0.122998
vt 0.844751 0.094751
vt 0.872998 0.094751
vt 0.813501 0.122998
vt 0.813501 0.094751
vt 0.841748 0.094751
vt 0.844751 0.063501
vt 0.872998 0.063501
vt 0.844751 0.091748
vt 0.873999 0.092749
vt 0.845752 0.092749
vt 0.873999 0.064502
vt 0.841748 0.063501
vt 0.813501 0.063501
vt 0.813501 0.091748
vt 0.219751 0.997998
vt 0.232373 0.969751
vt 0.219751 0.969751
vt 0.060498 0.782251
vt 0.032251 0.782251
vt 0.032251 0.810498
vt 0.001001 0.782251
vt 0.029248 0.782251
vt 0.001001 0.810498
vt 0.188501 0.204126
vt 0.188501 0.216748
vt 0.201123 0.204126
vt 0.141626 0.938501
vt 0.141626 0.966748
vt 0.154248 0.938501
vt 0.126001 0.966748
vt 0.126001 0.938501
vt 0.138623 0.938501
vt 0.342749 0.939502
vt 0.330127 0.967749
vt 0.342749 0.967749
vt 0.216748 0.188501
vt 0.204126 0.201123
vt 0.204126 0.188501
vt 0.142627 0.014624
vt 0.155249 0.002002
vt 0.155249 0.014624
vt 0.188501 0.201123
vt 0.201123 0.188501
vt 0.188501 0.188501
vt 0.060498 0.751001
vt 0.032251 0.751001
vt 0.032251 0.779248
vt 0.373999 0.967749
vt 0.361377 0.967749
vt 0.373999 0.939502
vt 0.185498 0.938501
vt 0.172876 0.938501
vt 0.172876 0.966748
vt 0.235376 0.216748
vt 0.235376 0.204126
vt 0.247998 0.204126
vt 0.219751 0.216748
vt 0.232373 0.204126
vt 0.219751 0.204126
vt 0.170874 0.033252
vt 0.170874 0.045874
vt 0.158252 0.045874
vt 0.235376 0.188501
vt 0.235376 0.201123
vt 0.247998 0.188501
vt 0.001001 0.751001
vt 0.029248 0.751001
vt 0.001001 0.779248
vt 0.030249 0.780249
vt 0.030249 0.752002
vt 0.002002 0.780249
vt 0.912060 0.688501
vt 0.907251 0.688501
vt 0.907251 0.716748
vt 0.094751 0.782251
vt 0.094751 0.810498
vt 0.122998 0.782251
vt 0.091748 0.782251
vt 0.063501 0.810498
vt 0.063501 0.782251
vt 0.169873 0.938501
vt 0.157251 0.938501
vt 0.157251 0.966748
vt 0.141626 0.969751
vt 0.154248 0.969751
vt 0.141626 0.997998
vt 0.094751 0.751001
vt 0.094751 0.779248
vt 0.122998 0.751001
vt 0.126001 0.997998
vt 0.138623 0.969751
vt 0.126001 0.969751
vt 0.091748 0.751001
vt 0.063501 0.779248
vt 0.063501 0.751001
vt 0.126001 0.251001
vt 0.130810 0.251001
vt 0.126001 0.263623
vt 0.219751 0.201123
vt 0.219751 0.188501
vt 0.232373 0.188501
vt 0.172876 0.997998
vt 0.185498 0.969751
vt 0.172876 0.969751
vt 0.881811 0.814502
vt 0.877002 0.873999
vt 0.881811 0.873999
vt 0.907251 0.622998
vt 0.919873 0.563501
vt 0.907251 0.563501
vt 0.755810 0.876001
vt 0.751001 0.876001
vt 0.751001 0.880810
vt 0.752002 0.881811
vt 0.756811 0.881811
vt 0.756811 0.877002
vt 0.032251 0.247998
vt 0.037060 0.188501
vt 0.032251 0.188501
vt 0.069311 0.127002
vt 0.069311 0.186499
vt 0.064502 0.186499
vt 0.779248 0.883814
vt 0.774439 0.883814
vt 0.774439 0.888623
vt 0.892627 0.780249
vt 0.897436 0.780249
vt 0.897436 0.775440
vt 0.084936 0.127002
vt 0.084936 0.186499
vt 0.080127 0.186499
vt 0.935498 0.688501
vt 0.930689 0.688501
vt 0.930689 0.716748
vt 0.123999 0.002002
vt 0.095752 0.030249
vt 0.123999 0.030249
vt 0.032251 0.844751
vt 0.060498 0.844751
vt 0.032251 0.872998
vt 0.717749 0.623999
vt 0.689502 0.623999
vt 0.717749 0.595752
vt 0.561499 0.061499
vt 0.561499 0.002002
vt 0.533252 0.061499
vt 0.954126 0.560498
vt 0.954126 0.501001
vt 0.966748 0.501001
vt 0.501001 0.372998
vt 0.560498 0.313501
vt 0.501001 0.313501
vt 0.951123 0.501001
vt 0.938501 0.501001
vt 0.938501 0.560498
vt 0.997998 0.501001
vt 0.985376 0.560498
vt 0.985376 0.501001
vt 0.001001 0.844751
vt 0.001001 0.872998
vt 0.029248 0.844751
vt 0.030249 0.095752
vt 0.030249 0.123999
vt 0.002002 0.123999
vt 0.032251 0.813501
vt 0.032251 0.841748
vt 0.060498 0.813501
vt 0.563501 0.310498
vt 0.622998 0.251001
vt 0.563501 0.251001
vt 0.001001 0.813501
vt 0.029248 0.813501
vt 0.001001 0.841748
vt 0.030249 0.842749
vt 0.030249 0.814502
vt 0.002002 0.842749
vt 0.202124 0.967749
vt 0.202124 0.939502
vt 0.189502 0.967749
vt 0.060498 0.188501
vt 0.055689 0.247998
vt 0.055689 0.188501
vt 0.094751 0.872998
vt 0.122998 0.844751
vt 0.094751 0.844751
vt 0.063501 0.844751
vt 0.091748 0.844751
vt 0.063501 0.872998
vt 0.202124 0.095752
vt 0.189502 0.108374
vt 0.202124 0.108374
vt 0.173877 0.123999
vt 0.186499 0.123999
vt 0.186499 0.111377
vt 0.094751 0.841748
vt 0.094751 0.813501
vt 0.122998 0.813501
vt 0.922876 0.688501
vt 0.927685 0.688501
vt 0.922876 0.716748
vt 0.030249 0.845752
vt 0.030249 0.873999
vt 0.002002 0.873999
vt 0.063501 0.841748
vt 0.063501 0.813501
vt 0.091748 0.813501
vt 0.936499 0.436499
vt 0.923877 0.436499
vt 0.936499 0.408252
vt 0.157251 0.969751
vt 0.169873 0.969751
vt 0.157251 0.997998
vt 0.810498 0.157251
vt 0.782251 0.157251
vt 0.782251 0.185498
vt 0.779248 0.157251
vt 0.751001 0.157251
vt 0.751001 0.185498
vt 0.782251 0.126001
vt 0.782251 0.154248
vt 0.810498 0.126001
vt 0.751001 0.126001
vt 0.751001 0.154248
vt 0.779248 0.126001
vt 0.883814 0.688501
vt 0.888623 0.688501
vt 0.883814 0.716748
vt 0.986377 0.436499
vt 0.998999 0.436499
vt 0.998999 0.408252
vt 0.216748 0.876001
vt 0.204126 0.876001
vt 0.204126 0.904248
vt 0.872998 0.157251
vt 0.844751 0.157251
vt 0.844751 0.185498
vt 0.841748 0.157251
vt 0.813501 0.157251
vt 0.813501 0.185498
vt 0.188501 0.876001
vt 0.201123 0.876001
vt 0.188501 0.904248
vt 0.235376 0.876001
vt 0.247998 0.876001
vt 0.235376 0.904248
vt 0.844751 0.126001
vt 0.872998 0.126001
vt 0.844751 0.154248
vt 0.219751 0.876001
vt 0.232373 0.876001
vt 0.219751 0.904248
vt 0.658252 0.405249
vt 0.686499 0.405249
vt 0.686499 0.377002
vt 0.841748 0.126001
vt 0.813501 0.126001
vt 0.813501 0.154248
vt 0.217749 0.905249
vt 0.205127 0.905249
vt 0.217749 0.877002
vt 0.782251 0.219751
vt 0.810498 0.219751
vt 0.782251 0.247998
vt 0.216748 0.907251
vt 0.204126 0.907251
vt 0.204126 0.935498
vt 0.201123 0.907251
vt 0.188501 0.907251
vt 0.188501 0.935498
vt 0.189502 0.936499
vt 0.202124 0.936499
vt 0.202124 0.908252
vt 0.247998 0.907251
vt 0.235376 0.907251
vt 0.235376 0.935498
vt 0.779248 0.219751
vt 0.751001 0.219751
vt 0.751001 0.247998
vt 0.783252 0.092749
vt 0.811499 0.092749
vt 0.811499 0.064502
vt 0.232373 0.907251
vt 0.219751 0.907251
vt 0.219751 0.935498
vt 0.220752 0.936499
vt 0.233374 0.936499
vt 0.233374 0.908252
vt 0.141626 0.876001
vt 0.154248 0.876001
vt 0.141626 0.904248
vt 0.126001 0.876001
vt 0.138623 0.876001
vt 0.126001 0.904248
vt 0.814502 0.155249
vt 0.842749 0.155249
vt 0.842749 0.127002
vt 0.185498 0.876001
vt 0.172876 0.876001
vt 0.172876 0.904248
vt 0.420874 0.905249
vt 0.408252 0.905249
vt 0.420874 0.877002
vt 0.936499 0.405249
vt 0.923877 0.405249
vt 0.936499 0.377002
vt 0.186499 0.905249
vt 0.173877 0.905249
vt 0.186499 0.877002
vt 0.157251 0.876001
vt 0.169873 0.876001
vt 0.157251 0.904248
vt 0.141626 0.907251
vt 0.154248 0.907251
vt 0.141626 0.935498
vt 0.126001 0.907251
vt 0.138623 0.907251
vt 0.126001 0.935498
vt 0.127002 0.936499
vt 0.139624 0.936499
vt 0.139624 0.908252
vt 0.947315 0.655249
vt 0.952124 0.655249
vt 0.952124 0.627002
vt 0.782251 0.188501
vt 0.810498 0.188501
vt 0.782251 0.216748
vt 0.751001 0.188501
vt 0.779248 0.188501
vt 0.751001 0.216748
vt 0.172876 0.907251
vt 0.185498 0.907251
vt 0.172876 0.935498
vt 0.186499 0.936499
vt 0.173877 0.936499
vt 0.186499 0.908252
vt 0.169873 0.907251
vt 0.157251 0.907251
vt 0.157251 0.935498
vt 0.470752 0.998999
vt 0.483374 0.998999
vt 0.483374 0.970752
vt 0.954126 0.188501
vt 0.966748 0.188501
vt 0.954126 0.216748
vt 0.938501 0.188501
vt 0.951123 0.188501
vt 0.938501 0.216748
vt 0.154248 0.251001
vt 0.149439 0.251001
vt 0.149439 0.263623
vt 0.141626 0.251001
vt 0.146435 0.251001
vt 0.141626 0.263623
vt 0.204126 0.235376
vt 0.216748 0.235376
vt 0.204126 0.247998
vt 0.236377 0.123999
vt 0.248999 0.123999
vt 0.248999 0.111377
vt 0.188501 0.235376
vt 0.201123 0.235376
vt 0.188501 0.247998
vt 0.985376 0.188501
vt 0.997998 0.188501
vt 0.985376 0.216748
vt 0.982373 0.188501
vt 0.969751 0.188501
vt 0.969751 0.216748
vt 0.955127 0.686499
vt 0.959936 0.686499
vt 0.959936 0.658252
vt 0.844751 0.219751
vt 0.872998 0.219751
vt 0.844751 0.247998
vt 0.813501 0.219751
vt 0.841748 0.219751
vt 0.813501 0.247998
vt 0.966748 0.219751
vt 0.954126 0.219751
vt 0.954126 0.247998
vt 0.470752 0.967749
vt 0.483374 0.967749
vt 0.483374 0.939502
vt 0.951123 0.219751
vt 0.938501 0.219751
vt 0.938501 0.247998
vt 0.467749 0.998999
vt 0.455127 0.998999
vt 0.467749 0.970752
vt 0.138623 0.266626
vt 0.133814 0.266626
vt 0.133814 0.279248
vt 0.766626 0.883814
vt 0.771435 0.883814
vt 0.766626 0.888623
vt 0.204126 0.232373
vt 0.216748 0.219751
vt 0.204126 0.219751
vt 0.126001 0.279248
vt 0.126001 0.266626
vt 0.130810 0.266626
vt 0.188501 0.232373
vt 0.188501 0.219751
vt 0.201123 0.219751
vt 0.235376 0.247998
vt 0.235376 0.235376
vt 0.247998 0.235376
vt 0.178686 0.295874
vt 0.173877 0.295874
vt 0.178686 0.283252
vt 0.154248 0.266626
vt 0.149439 0.266626
vt 0.149439 0.279248
vt 0.146435 0.266626
vt 0.141626 0.266626
vt 0.141626 0.279248
vt 0.880810 0.688501
vt 0.876001 0.688501
vt 0.876001 0.716748
vt 0.844751 0.188501
vt 0.872998 0.188501
vt 0.844751 0.216748
vt 0.920874 0.373999
vt 0.908252 0.373999
vt 0.920874 0.345752
vt 0.899439 0.688501
vt 0.904248 0.688501
vt 0.899439 0.716748
vt 0.877002 0.436499
vt 0.889624 0.436499
vt 0.889624 0.408252
vt 0.219751 0.235376
vt 0.232373 0.235376
vt 0.219751 0.247998
vt 0.779248 0.876001
vt 0.774439 0.876001
vt 0.774439 0.880810
vt 0.766626 0.876001
vt 0.771435 0.876001
vt 0.766626 0.880810
vt 0.763623 0.899439
vt 0.758814 0.904248
vt 0.758814 0.899439
vt 0.755810 0.899439
vt 0.751001 0.899439
vt 0.751001 0.904248
vt 0.227564 0.282251
vt 0.227564 0.294873
vt 0.232373 0.282251
vt 0.219751 0.282251
vt 0.224560 0.282251
vt 0.219751 0.294873
vt 0.247998 0.282251
vt 0.243189 0.282251
vt 0.243189 0.294873
vt 0.240185 0.282251
vt 0.235376 0.282251
vt 0.235376 0.294873
vt 0.235376 0.232373
vt 0.235376 0.219751
vt 0.247998 0.219751
vt 0.748999 0.952124
vt 0.744190 0.952124
vt 0.748999 0.939502
vt 0.232373 0.297876
vt 0.227564 0.297876
vt 0.227564 0.310498
vt 0.219751 0.219751
vt 0.232373 0.219751
vt 0.219751 0.232373
vt 0.141626 0.204126
vt 0.154248 0.204126
vt 0.141626 0.216748
vt 0.219751 0.297876
vt 0.224560 0.297876
vt 0.219751 0.310498
vt 0.138623 0.204126
vt 0.126001 0.204126
vt 0.126001 0.216748
vt 0.243189 0.297876
vt 0.247998 0.297876
vt 0.243189 0.310498
vt 0.891626 0.688501
vt 0.896435 0.688501
vt 0.891626 0.716748
vt 0.977564 0.719751
vt 0.982373 0.719751
vt 0.977564 0.747998
vt 0.974560 0.719751
vt 0.969751 0.719751
vt 0.969751 0.747998
vt 0.997998 0.719751
vt 0.993189 0.719751
vt 0.993189 0.747998
vt 0.990185 0.719751
vt 0.985376 0.719751
vt 0.985376 0.747998
vt 0.141626 0.188501
vt 0.154248 0.188501
vt 0.141626 0.201123
vt 0.946314 0.719751
vt 0.951123 0.719751
vt 0.946314 0.747998
vt 0.938501 0.719751
vt 0.943310 0.719751
vt 0.938501 0.747998
vt 0.436499 0.498999
vt 0.436499 0.439502
vt 0.408252 0.498999
vt 0.961939 0.747998
vt 0.961939 0.719751
vt 0.966748 0.719751
vt 0.623999 0.377002
vt 0.564502 0.436499
vt 0.623999 0.436499
vt 0.126001 0.201123
vt 0.138623 0.188501
vt 0.126001 0.188501
vt 0.985376 0.247998
vt 0.997998 0.219751
vt 0.985376 0.219751
vt 0.467749 0.720752
vt 0.439502 0.748999
vt 0.467749 0.748999
vt 0.783252 0.030249
vt 0.811499 0.030249
vt 0.811499 0.002002
vt 0.982373 0.219751
vt 0.969751 0.219751
vt 0.969751 0.247998
vt 0.061499 0.030249
vt 0.061499 0.002002
vt 0.033252 0.030249
vt 0.235376 0.297876
vt 0.235376 0.310498
vt 0.240185 0.297876
vt 0.891626 0.216748
vt 0.891626 0.188501
vt 0.904248 0.188501
vt 0.876001 0.216748
vt 0.888623 0.188501
vt 0.876001 0.188501
vt 0.172876 0.204126
vt 0.185498 0.204126
vt 0.172876 0.216748
vt 0.157251 0.204126
vt 0.169873 0.204126
vt 0.157251 0.216748
vt 0.813501 0.216748
vt 0.841748 0.188501
vt 0.813501 0.188501
vt 0.186499 0.092749
vt 0.173877 0.092749
vt 0.186499 0.080127
vt 0.594751 0.247998
vt 0.622998 0.188501
vt 0.594751 0.188501
vt 0.123999 0.814502
vt 0.123999 0.842749
vt 0.095752 0.842749
vt 0.185498 0.782251
vt 0.157251 0.782251
vt 0.157251 0.810498
vt 0.126001 0.782251
vt 0.154248 0.782251
vt 0.126001 0.810498
vt 0.185498 0.751001
vt 0.157251 0.779248
vt 0.157251 0.751001
vt 0.780249 0.064502
vt 0.752002 0.092749
vt 0.780249 0.092749
vt 0.873999 0.186499
vt 0.845752 0.186499
vt 0.873999 0.158252
vt 0.064502 0.811499
vt 0.092749 0.811499
vt 0.092749 0.783252
vt 0.154248 0.751001
vt 0.126001 0.751001
vt 0.126001 0.779248
vt 0.247998 0.782251
vt 0.219751 0.782251
vt 0.219751 0.810498
vt 0.216748 0.782251
vt 0.188501 0.782251
vt 0.188501 0.810498
vt 0.219751 0.779248
vt 0.219751 0.751001
vt 0.247998 0.751001
vt 0.248999 0.752002
vt 0.248999 0.780249
vt 0.220752 0.780249
vt 0.155249 0.936499
vt 0.142627 0.936499
vt 0.155249 0.908252
vt 0.935498 0.188501
vt 0.922876 0.188501
vt 0.922876 0.216748
vt 0.958935 0.719751
vt 0.954126 0.719751
vt 0.954126 0.747998
vt 0.748999 0.623999
vt 0.748999 0.595752
vt 0.720752 0.623999
vt 0.188501 0.751001
vt 0.216748 0.751001
vt 0.188501 0.779248
vt 0.185498 0.844751
vt 0.157251 0.844751
vt 0.157251 0.872998
vt 0.955127 0.217749
vt 0.967749 0.217749
vt 0.967749 0.189502
vt 0.907251 0.188501
vt 0.919873 0.188501
vt 0.907251 0.216748
vt 0.658252 0.436499
vt 0.686499 0.436499
vt 0.686499 0.408252
vt 0.783252 0.217749
vt 0.811499 0.217749
vt 0.811499 0.189502
vt 0.154248 0.844751
vt 0.126001 0.844751
vt 0.126001 0.872998
vt 0.158252 0.811499
vt 0.186499 0.811499
vt 0.186499 0.783252
vt 0.780249 0.248999
vt 0.752002 0.248999
vt 0.780249 0.220752
vt 0.157251 0.813501
vt 0.185498 0.813501
vt 0.157251 0.841748
vt 0.783252 0.248999
vt 0.811499 0.248999
vt 0.811499 0.220752
vt 0.717749 0.470752
vt 0.717749 0.498999
vt 0.689502 0.498999
vt 0.170874 0.905249
vt 0.158252 0.905249
vt 0.170874 0.877002
vt 0.752002 0.217749
vt 0.780249 0.217749
vt 0.780249 0.189502
vt 0.154248 0.813501
vt 0.126001 0.813501
vt 0.126001 0.841748
vt 0.033252 0.061499
vt 0.061499 0.061499
vt 0.061499 0.033252
vt 0.967749 0.311499
vt 0.967749 0.283252
vt 0.955127 0.311499
vt 0.891626 0.219751
vt 0.891626 0.247998
vt 0.904248 0.219751
vt 0.873999 0.002002
vt 0.873999 0.030249
vt 0.845752 0.030249
vt 0.247998 0.844751
vt 0.219751 0.844751
vt 0.219751 0.872998
vt 0.185498 0.188501
vt 0.172876 0.188501
vt 0.172876 0.201123
vt 0.186499 0.967749
vt 0.173877 0.967749
vt 0.186499 0.939502
vt 0.967749 0.436499
vt 0.955127 0.436499
vt 0.967749 0.408252
vt 0.188501 0.844751
vt 0.216748 0.844751
vt 0.188501 0.872998
vt 0.247998 0.813501
vt 0.219751 0.813501
vt 0.219751 0.841748
vt 0.216748 0.813501
vt 0.188501 0.813501
vt 0.188501 0.841748
vt 0.310498 0.782251
vt 0.282251 0.782251
vt 0.282251 0.810498
vt 0.033252 0.780249
vt 0.061499 0.780249
vt 0.061499 0.752002
vt 0.908252 0.748999
vt 0.913061 0.748999
vt 0.913061 0.720752
vt 0.251001 0.782251
vt 0.251001 0.810498
vt 0.279248 0.782251
vt 0.998999 0.248999
vt 0.998999 0.220752
vt 0.986377 0.248999
vt 0.888623 0.219751
vt 0.876001 0.247998
vt 0.876001 0.219751
vt 0.196314 0.282251
vt 0.196314 0.294873
vt 0.201123 0.282251
vt 0.935498 0.219751
vt 0.922876 0.219751
vt 0.922876 0.247998
vt 0.095752 0.811499
vt 0.123999 0.811499
vt 0.123999 0.783252
vt 0.298877 0.905249
vt 0.311499 0.905249
vt 0.311499 0.877002
vt 0.248999 0.002002
vt 0.248999 0.014624
vt 0.236377 0.014624
vt 0.919873 0.219751
vt 0.907251 0.247998
vt 0.907251 0.219751
vt 0.954126 0.126001
vt 0.954126 0.154248
vt 0.966748 0.126001
vt 0.158252 0.295874
vt 0.163061 0.283252
vt 0.163061 0.295874
vt 0.188501 0.282251
vt 0.188501 0.294873
vt 0.193310 0.282251
vt 0.951123 0.126001
vt 0.938501 0.126001
vt 0.938501 0.154248
vt 0.211939 0.282251
vt 0.216748 0.282251
vt 0.211939 0.294873
vt 0.157251 0.201123
vt 0.157251 0.188501
vt 0.169873 0.188501
vt 0.892627 0.311499
vt 0.905249 0.311499
vt 0.905249 0.283252
vt 0.154248 0.235376
vt 0.141626 0.235376
vt 0.141626 0.247998
vt 0.208935 0.282251
vt 0.204126 0.282251
vt 0.204126 0.294873
vt 0.201123 0.297876
vt 0.196314 0.297876
vt 0.196314 0.310498
vt 0.220752 0.014624
vt 0.233374 0.014624
vt 0.233374 0.002002
vt 0.138623 0.235376
vt 0.126001 0.235376
vt 0.126001 0.247998
vt 0.188501 0.297876
vt 0.193310 0.297876
vt 0.188501 0.310498
vt 0.141626 0.219751
vt 0.154248 0.219751
vt 0.141626 0.232373
vt 0.126001 0.219751
vt 0.138623 0.219751
vt 0.126001 0.232373
vt 0.220752 0.202124
vt 0.233374 0.189502
vt 0.233374 0.202124
vt 0.211939 0.297876
vt 0.211939 0.310498
vt 0.216748 0.297876
vt 0.985376 0.126001
vt 0.997998 0.126001
vt 0.985376 0.154248
vt 0.204126 0.310498
vt 0.208935 0.297876
vt 0.204126 0.297876
vt 0.227564 0.251001
vt 0.232373 0.251001
vt 0.227564 0.263623
vt 0.969751 0.154248
vt 0.982373 0.126001
vt 0.969751 0.126001
vt 0.954126 0.157251
vt 0.966748 0.157251
vt 0.954126 0.185498
vt 0.185498 0.235376
vt 0.172876 0.247998
vt 0.172876 0.235376
vt 0.763623 0.891626
vt 0.758814 0.896435
vt 0.758814 0.891626
vt 0.219751 0.251001
vt 0.219751 0.263623
vt 0.224560 0.251001
vt 0.166065 0.295874
vt 0.170874 0.295874
vt 0.170874 0.283252
vt 0.282251 0.751001
vt 0.310498 0.751001
vt 0.282251 0.779248
vt 0.936499 0.748999
vt 0.931690 0.748999
vt 0.936499 0.720752
vt 0.279248 0.751001
vt 0.251001 0.779248
vt 0.251001 0.751001
vt 0.938501 0.157251
vt 0.938501 0.185498
vt 0.951123 0.157251
vt 0.470752 0.748999
vt 0.498999 0.748999
vt 0.498999 0.720752
vt 0.170874 0.908252
vt 0.170874 0.936499
vt 0.158252 0.936499
vt 0.344751 0.782251
vt 0.344751 0.810498
vt 0.372998 0.782251
vt 0.982373 0.688501
vt 0.977564 0.688501
vt 0.977564 0.716748
vt 0.985376 0.157251
vt 0.997998 0.157251
vt 0.985376 0.185498
vt 0.169873 0.235376
vt 0.157251 0.247998
vt 0.157251 0.235376
vt 0.247998 0.251001
vt 0.243189 0.251001
vt 0.243189 0.263623
vt 0.313501 0.810498
vt 0.313501 0.782251
vt 0.341748 0.782251
vt 0.969751 0.716748
vt 0.974560 0.688501
vt 0.969751 0.688501
vt 0.344751 0.751001
vt 0.372998 0.751001
vt 0.344751 0.779248
vt 0.341748 0.751001
vt 0.313501 0.779248
vt 0.313501 0.751001
vt 0.563501 0.247998
vt 0.591748 0.188501
vt 0.563501 0.188501
vt 0.969751 0.157251
vt 0.982373 0.157251
vt 0.969751 0.185498
vt 0.891626 0.126001
vt 0.904248 0.126001
vt 0.891626 0.154248
vt 0.983374 0.186499
vt 0.970752 0.186499
vt 0.983374 0.158252
vt 0.905249 0.155249
vt 0.892627 0.155249
vt 0.905249 0.127002
vt 0.876001 0.126001
vt 0.888623 0.126001
vt 0.876001 0.154248
vt 0.123999 0.095752
vt 0.095752 0.123999
vt 0.123999 0.123999
vt 0.310498 0.844751
vt 0.282251 0.844751
vt 0.282251 0.872998
vt 0.922876 0.126001
vt 0.935498 0.126001
vt 0.922876 0.154248
vt 0.251001 0.872998
vt 0.279248 0.844751
vt 0.251001 0.844751
vt 0.530249 0.720752
vt 0.530249 0.748999
vt 0.502002 0.748999
vt 0.282251 0.813501
vt 0.282251 0.841748
vt 0.310498 0.813501
vt 0.311499 0.842749
vt 0.311499 0.814502
vt 0.283252 0.842749
vt 0.251001 0.813501
vt 0.251001 0.841748
vt 0.279248 0.813501
vt 0.280249 0.842749
vt 0.280249 0.814502
vt 0.252002 0.842749
vt 0.344751 0.844751
vt 0.344751 0.872998
vt 0.372998 0.844751
vt 0.313501 0.844751
vt 0.313501 0.872998
vt 0.341748 0.844751
vt 0.344751 0.813501
vt 0.344751 0.841748
vt 0.372998 0.813501
vt 0.252002 0.811499
vt 0.280249 0.783252
vt 0.280249 0.811499
vt 0.919873 0.126001
vt 0.907251 0.126001
vt 0.907251 0.154248
vt 0.311499 0.873999
vt 0.311499 0.845752
vt 0.283252 0.873999
vt 0.313501 0.813501
vt 0.313501 0.841748
vt 0.341748 0.813501
vt 0.986377 0.748999
vt 0.991186 0.748999
vt 0.991186 0.720752
vt 0.993189 0.688501
vt 0.997998 0.688501
vt 0.993189 0.716748
vt 0.782251 0.310498
vt 0.810498 0.282251
vt 0.782251 0.282251
vt 0.779248 0.282251
vt 0.751001 0.282251
vt 0.751001 0.310498
vt 0.904248 0.157251
vt 0.891626 0.157251
vt 0.891626 0.185498
vt 0.892627 0.186499
vt 0.905249 0.186499
vt 0.905249 0.158252
vt 0.127002 0.905249
vt 0.139624 0.905249
vt 0.139624 0.877002
vt 0.220752 0.905249
vt 0.233374 0.905249
vt 0.233374 0.877002
vt 0.436499 0.689502
vt 0.436499 0.717749
vt 0.408252 0.717749
vt 0.157251 0.560498
vt 0.157251 0.501001
vt 0.185498 0.501001
vt 0.126001 0.501001
vt 0.126001 0.560498
vt 0.154248 0.501001
vt 0.280249 0.436499
vt 0.280249 0.377002
vt 0.252002 0.436499
vt 0.873999 0.123999
vt 0.845752 0.123999
vt 0.873999 0.095752
vt 0.782251 0.251001
vt 0.810498 0.251001
vt 0.782251 0.279248
vt 0.283252 0.811499
vt 0.311499 0.811499
vt 0.311499 0.783252
vt 0.779248 0.251001
vt 0.751001 0.251001
vt 0.751001 0.279248
vt 0.872998 0.282251
vt 0.844751 0.282251
vt 0.844751 0.310498
vt 0.873999 0.283252
vt 0.873999 0.311499
vt 0.845752 0.311499
vt 0.186499 0.873999
vt 0.186499 0.845752
vt 0.158252 0.873999
vt 0.813501 0.282251
vt 0.813501 0.310498
vt 0.841748 0.282251
vt 0.844751 0.251001
vt 0.872998 0.251001
vt 0.844751 0.279248
vt 0.813501 0.251001
vt 0.841748 0.251001
vt 0.813501 0.279248
vt 0.219751 0.560498
vt 0.219751 0.501001
vt 0.247998 0.501001
vt 0.248999 0.502002
vt 0.248999 0.561499
vt 0.220752 0.561499
vt 0.876001 0.157251
vt 0.888623 0.157251
vt 0.876001 0.185498
vt 0.922876 0.157251
vt 0.935498 0.157251
vt 0.922876 0.185498
vt 0.782251 0.372998
vt 0.810498 0.344751
vt 0.782251 0.344751
vt 0.342749 0.439502
vt 0.314502 0.498999
vt 0.342749 0.498999
vt 0.907251 0.157251
vt 0.919873 0.157251
vt 0.907251 0.185498
vt 0.091748 0.938501
vt 0.079126 0.938501
vt 0.079126 0.966748
vt 0.142627 0.905249
vt 0.155249 0.905249
vt 0.155249 0.877002
vt 0.076123 0.938501
vt 0.063501 0.938501
vt 0.063501 0.966748
vt 0.186499 0.502002
vt 0.186499 0.561499
vt 0.158252 0.561499
vt 0.751001 0.372998
vt 0.751001 0.344751
vt 0.779248 0.344751
vt 0.188501 0.501001
vt 0.188501 0.560498
vt 0.216748 0.501001
vt 0.436499 0.373999
vt 0.436499 0.314502
vt 0.408252 0.373999
vt 0.842749 0.123999
vt 0.814502 0.123999
vt 0.842749 0.095752
vt 0.592749 0.655249
vt 0.564502 0.655249
vt 0.592749 0.627002
vt 0.810498 0.313501
vt 0.782251 0.313501
vt 0.782251 0.341748
vt 0.779248 0.313501
vt 0.751001 0.313501
vt 0.751001 0.341748
vt 0.844751 0.372998
vt 0.872998 0.344751
vt 0.844751 0.344751
vt 0.813501 0.372998
vt 0.841748 0.344751
vt 0.813501 0.344751
vt 0.689502 0.592749
vt 0.717749 0.564502
vt 0.717749 0.592749
vt 0.122998 0.938501
vt 0.110376 0.966748
vt 0.110376 0.938501
vt 0.939502 0.248999
vt 0.952124 0.220752
vt 0.952124 0.248999
vt 0.094751 0.938501
vt 0.094751 0.966748
vt 0.107373 0.938501
vt 0.079126 0.997998
vt 0.091748 0.969751
vt 0.079126 0.969751
vt 0.452124 0.939502
vt 0.452124 0.967749
vt 0.439502 0.967749
vt 0.076123 0.969751
vt 0.063501 0.997998
vt 0.063501 0.969751
vt 0.185498 0.219751
vt 0.172876 0.232373
vt 0.172876 0.219751
vt 0.844751 0.341748
vt 0.872998 0.313501
vt 0.844751 0.313501
vt 0.110376 0.997998
vt 0.122998 0.969751
vt 0.110376 0.969751
vt 0.094751 0.969751
vt 0.107373 0.969751
vt 0.094751 0.997998
vt 0.029248 0.938501
vt 0.016626 0.938501
vt 0.016626 0.966748
vt 0.013623 0.938501
vt 0.001001 0.938501
vt 0.001001 0.966748
vt 0.877002 0.405249
vt 0.889624 0.405249
vt 0.889624 0.377002
vt 0.813501 0.341748
vt 0.813501 0.313501
vt 0.841748 0.313501
vt 0.810498 0.407251
vt 0.782251 0.407251
vt 0.782251 0.435498
vt 0.373999 0.439502
vt 0.373999 0.498999
vt 0.345752 0.498999
vt 0.814502 0.342749
vt 0.842749 0.342749
vt 0.842749 0.314502
vt 0.717749 0.467749
vt 0.689502 0.467749
vt 0.717749 0.439502
vt 0.751001 0.407251
vt 0.779248 0.407251
vt 0.751001 0.435498
vt 0.060498 0.938501
vt 0.047876 0.938501
vt 0.047876 0.966748
vt 0.377002 0.905249
vt 0.389624 0.905249
vt 0.389624 0.877002
vt 0.032251 0.966748
vt 0.044873 0.938501
vt 0.032251 0.938501
vt 0.016626 0.997998
vt 0.029248 0.969751
vt 0.016626 0.969751
vt 0.001001 0.997998
vt 0.013623 0.969751
vt 0.001001 0.969751
vt 0.169873 0.219751
vt 0.157251 0.232373
vt 0.157251 0.219751
vt 0.216748 0.141626
vt 0.204126 0.154248
vt 0.204126 0.141626
vt 0.240185 0.251001
vt 0.235376 0.263623
vt 0.235376 0.251001
vt 0.047876 0.997998
vt 0.060498 0.969751
vt 0.047876 0.969751
vt 0.975561 0.720752
vt 0.975561 0.748999
vt 0.970752 0.748999
vt 0.220752 0.092749
vt 0.233374 0.080127
vt 0.233374 0.092749
vt 0.188501 0.154248
vt 0.201123 0.141626
vt 0.188501 0.141626
vt 0.810498 0.376001
vt 0.782251 0.404248
vt 0.782251 0.376001
vt 0.889624 0.314502
vt 0.877002 0.342749
vt 0.889624 0.342749
vt 0.030249 0.967749
vt 0.017627 0.967749
vt 0.030249 0.939502
vt 0.990185 0.688501
vt 0.985376 0.688501
vt 0.985376 0.716748
vt 0.952124 0.155249
vt 0.939502 0.155249
vt 0.952124 0.127002
vt 0.947315 0.686499
vt 0.952124 0.686499
vt 0.952124 0.658252
vt 0.814502 0.280249
vt 0.842749 0.280249
vt 0.842749 0.252002
vt 0.779248 0.376001
vt 0.751001 0.376001
vt 0.751001 0.404248
vt 0.189502 0.780249
vt 0.217749 0.780249
vt 0.217749 0.752002
vt 0.158252 0.780249
vt 0.186499 0.780249
vt 0.186499 0.752002
vt 0.155249 0.780249
vt 0.127002 0.780249
vt 0.155249 0.752002
vt 0.498999 0.967749
vt 0.486377 0.967749
vt 0.498999 0.939502
vt 0.044873 0.969751
vt 0.032251 0.969751
vt 0.032251 0.997998
vt 0.091748 0.876001
vt 0.079126 0.876001
vt 0.079126 0.904248
vt 0.063501 0.904248
vt 0.063501 0.876001
vt 0.076123 0.876001
vt 0.216748 0.126001
vt 0.204126 0.126001
vt 0.204126 0.138623
vt 0.188501 0.138623
vt 0.201123 0.126001
vt 0.188501 0.126001
vt 0.235376 0.154248
vt 0.247998 0.141626
vt 0.235376 0.141626
vt 0.219751 0.154248
vt 0.232373 0.141626
vt 0.219751 0.141626
vt 0.232373 0.266626
vt 0.227564 0.279248
vt 0.227564 0.266626
vt 0.946314 0.716748
vt 0.951123 0.688501
vt 0.946314 0.688501
vt 0.938501 0.716748
vt 0.938501 0.688501
vt 0.943310 0.688501
vt 0.224560 0.266626
vt 0.219751 0.279248
vt 0.219751 0.266626
vt 0.755810 0.891626
vt 0.751001 0.896435
vt 0.751001 0.891626
vt 0.122998 0.876001
vt 0.110376 0.904248
vt 0.110376 0.876001
vt 0.235376 0.138623
vt 0.247998 0.126001
vt 0.235376 0.126001
vt 0.181690 0.264624
vt 0.186499 0.264624
vt 0.186499 0.252002
vt 0.220752 0.311499
vt 0.225561 0.311499
vt 0.225561 0.298877
vt 0.728565 0.967749
vt 0.733374 0.967749
vt 0.733374 0.955127
vt 0.689502 0.998999
vt 0.694311 0.998999
vt 0.694311 0.986377
vt 0.219751 0.138623
vt 0.219751 0.126001
vt 0.232373 0.126001
vt 0.216748 0.172876
vt 0.204126 0.172876
vt 0.204126 0.185498
vt 0.094751 0.904248
vt 0.094751 0.876001
vt 0.107373 0.876001
vt 0.188501 0.185498
vt 0.188501 0.172876
vt 0.201123 0.172876
vt 0.186499 0.061499
vt 0.173877 0.061499
vt 0.186499 0.048877
vt 0.204126 0.157251
vt 0.216748 0.157251
vt 0.204126 0.169873
vt 0.201123 0.157251
vt 0.188501 0.157251
vt 0.188501 0.169873
vt 0.147436 0.295874
vt 0.142627 0.295874
vt 0.147436 0.283252
vt 0.235376 0.185498
vt 0.247998 0.172876
vt 0.235376 0.172876
vt 0.248999 0.189502
vt 0.236377 0.202124
vt 0.248999 0.202124
vt 0.248999 0.142627
vt 0.236377 0.155249
vt 0.248999 0.155249
vt 0.247998 0.266626
vt 0.243189 0.279248
vt 0.243189 0.266626
vt 0.779248 0.899439
vt 0.774439 0.904248
vt 0.774439 0.899439
vt 0.771435 0.899439
vt 0.766626 0.904248
vt 0.766626 0.899439
vt 0.235376 0.279248
vt 0.240185 0.266626
vt 0.235376 0.266626
vt 0.139624 0.298877
vt 0.139624 0.311499
vt 0.134815 0.311499
vt 0.752002 0.897436
vt 0.756811 0.892627
vt 0.756811 0.897436
vt 0.774439 0.896435
vt 0.779248 0.891626
vt 0.774439 0.891626
vt 0.232373 0.172876
vt 0.219751 0.185498
vt 0.219751 0.172876
vt 0.196314 0.263623
vt 0.201123 0.251001
vt 0.196314 0.251001
vt 0.966748 0.688501
vt 0.961939 0.688501
vt 0.961939 0.716748
vt 0.193310 0.251001
vt 0.188501 0.251001
vt 0.188501 0.263623
vt 0.247998 0.157251
vt 0.235376 0.157251
vt 0.235376 0.169873
vt 0.202124 0.186499
vt 0.202124 0.173877
vt 0.189502 0.186499
vt 0.079126 0.907251
vt 0.091748 0.907251
vt 0.079126 0.935498
vt 0.954126 0.688501
vt 0.958935 0.688501
vt 0.954126 0.716748
vt 0.063501 0.907251
vt 0.076123 0.907251
vt 0.063501 0.935498
vt 0.122998 0.907251
vt 0.110376 0.907251
vt 0.110376 0.935498
vt 0.955127 0.248999
vt 0.967749 0.248999
vt 0.967749 0.220752
vt 0.107373 0.907251
vt 0.094751 0.907251
vt 0.094751 0.935498
vt 0.994190 0.686499
vt 0.998999 0.686499
vt 0.998999 0.658252
vt 0.233374 0.998999
vt 0.220752 0.998999
vt 0.233374 0.970752
vt 0.155249 0.873999
vt 0.155249 0.845752
vt 0.127002 0.873999
vt 0.811499 0.252002
vt 0.783252 0.280249
vt 0.811499 0.280249
vt 0.665064 0.907251
vt 0.669873 0.907251
vt 0.665064 0.935498
vt 0.030249 0.033252
vt 0.030249 0.061499
vt 0.002002 0.061499
vt 0.844751 0.435498
vt 0.872998 0.407251
vt 0.844751 0.407251
vt 0.813501 0.435498
vt 0.813501 0.407251
vt 0.841748 0.407251
vt 0.030249 0.811499
vt 0.002002 0.811499
vt 0.030249 0.783252
vt 0.908252 0.342749
vt 0.920874 0.342749
vt 0.920874 0.314502
vt 0.219751 0.169873
vt 0.232373 0.157251
vt 0.219751 0.157251
vt 0.141626 0.154248
vt 0.141626 0.141626
vt 0.154248 0.141626
vt 0.029248 0.876001
vt 0.016626 0.876001
vt 0.016626 0.904248
vt 0.872998 0.376001
vt 0.844751 0.376001
vt 0.844751 0.404248
vt 0.013623 0.876001
vt 0.001001 0.904248
vt 0.001001 0.876001
vt 0.841748 0.376001
vt 0.813501 0.376001
vt 0.813501 0.404248
vt 0.810498 0.469751
vt 0.782251 0.469751
vt 0.782251 0.497998
vt 0.220752 0.811499
vt 0.248999 0.811499
vt 0.248999 0.783252
vt 0.267627 0.936499
vt 0.280249 0.936499
vt 0.280249 0.908252
vt 0.047876 0.876001
vt 0.060498 0.876001
vt 0.047876 0.904248
vt 0.032251 0.876001
vt 0.044873 0.876001
vt 0.032251 0.904248
vt 0.373999 0.811499
vt 0.345752 0.811499
vt 0.373999 0.783252
vt 0.751001 0.497998
vt 0.751001 0.469751
vt 0.779248 0.469751
vt 0.873999 0.280249
vt 0.873999 0.252002
vt 0.845752 0.280249
vt 0.782251 0.438501
vt 0.810498 0.438501
vt 0.782251 0.466748
vt 0.686499 0.561499
vt 0.658252 0.561499
vt 0.686499 0.533252
vt 0.016626 0.935498
vt 0.016626 0.907251
vt 0.029248 0.907251
vt 0.873999 0.220752
vt 0.873999 0.248999
vt 0.845752 0.248999
vt 0.920874 0.217749
vt 0.920874 0.189502
vt 0.908252 0.217749
vt 0.498999 0.998999
vt 0.498999 0.970752
vt 0.486377 0.998999
vt 0.936499 0.155249
vt 0.923877 0.155249
vt 0.936499 0.127002
vt 0.001001 0.907251
vt 0.013623 0.907251
vt 0.001001 0.935498
vt 0.720752 0.467749
vt 0.748999 0.467749
vt 0.748999 0.439502
vt 0.779248 0.438501
vt 0.751001 0.438501
vt 0.751001 0.466748
vt 0.533252 0.123999
vt 0.561499 0.123999
vt 0.561499 0.064502
vt 0.844751 0.497998
vt 0.844751 0.469751
vt 0.872998 0.469751
vt 0.467749 0.248999
vt 0.439502 0.248999
vt 0.467749 0.189502
vt 0.185498 0.563501
vt 0.157251 0.563501
vt 0.157251 0.622998
vt 0.564502 0.998999
vt 0.577124 0.998999
vt 0.577124 0.939502
vt 0.681690 0.952124
vt 0.686499 0.952124
vt 0.686499 0.939502
vt 0.142627 0.311499
vt 0.147436 0.311499
vt 0.147436 0.298877
vt 0.138623 0.141626
vt 0.126001 0.141626
vt 0.126001 0.154248
vt 0.154248 0.126001
vt 0.141626 0.126001
vt 0.141626 0.138623
vt 0.060498 0.907251
vt 0.047876 0.935498
vt 0.047876 0.907251
vt 0.267627 0.998999
vt 0.280249 0.970752
vt 0.280249 0.998999
vt 0.173877 0.998999
vt 0.186499 0.970752
vt 0.186499 0.998999
vt 0.126001 0.126001
vt 0.126001 0.138623
vt 0.138623 0.126001
vt 0.202124 0.877002
vt 0.202124 0.905249
vt 0.189502 0.905249
vt 0.032251 0.935498
vt 0.032251 0.907251
vt 0.044873 0.907251
vt 0.952124 0.252002
vt 0.952124 0.280249
vt 0.939502 0.280249
vt 0.983374 0.283252
vt 0.983374 0.311499
vt 0.970752 0.311499
vt 0.172876 0.141626
vt 0.172876 0.154248
vt 0.185498 0.141626
vt 0.157251 0.141626
vt 0.157251 0.154248
vt 0.169873 0.141626
vt 0.954126 0.091748
vt 0.954126 0.063501
vt 0.966748 0.063501
vt 0.938501 0.091748
vt 0.938501 0.063501
vt 0.951123 0.063501
vt 0.985376 0.091748
vt 0.985376 0.063501
vt 0.997998 0.063501
vt 0.969751 0.091748
vt 0.969751 0.063501
vt 0.982373 0.063501
vt 0.920874 0.283252
vt 0.908252 0.311499
vt 0.920874 0.311499
vt 0.954126 0.122998
vt 0.966748 0.094751
vt 0.954126 0.094751
vt 0.172876 0.138623
vt 0.172876 0.126001
vt 0.185498 0.126001
vt 0.157251 0.138623
vt 0.157251 0.126001
vt 0.169873 0.126001
vt 0.938501 0.122998
vt 0.951123 0.094751
vt 0.938501 0.094751
vt 0.967749 0.064502
vt 0.955127 0.092749
vt 0.967749 0.092749
vt 0.154248 0.172876
vt 0.141626 0.172876
vt 0.141626 0.185498
vt 0.138623 0.172876
vt 0.126001 0.172876
vt 0.126001 0.185498
vt 0.205127 0.311499
vt 0.209936 0.311499
vt 0.209936 0.298877
vt 0.720752 0.967749
vt 0.725561 0.967749
vt 0.725561 0.955127
vt 0.216748 0.251001
vt 0.211939 0.251001
vt 0.211939 0.263623
vt 0.173877 0.280249
vt 0.178686 0.280249
vt 0.178686 0.267627
vt 0.154248 0.157251
vt 0.141626 0.169873
vt 0.141626 0.157251
vt 0.138623 0.157251
vt 0.126001 0.169873
vt 0.126001 0.157251
vt 0.208935 0.251001
vt 0.204126 0.251001
vt 0.204126 0.263623
vt 0.205127 0.264624
vt 0.209936 0.264624
vt 0.209936 0.252002
vt 0.201123 0.266626
vt 0.196314 0.266626
vt 0.196314 0.279248
vt 0.193310 0.266626
vt 0.188501 0.266626
vt 0.188501 0.279248
vt 0.202124 0.030249
vt 0.189502 0.030249
vt 0.202124 0.017627
vt 0.185498 0.172876
vt 0.172876 0.172876
vt 0.172876 0.185498
vt 0.955127 0.342749
vt 0.967749 0.314502
vt 0.967749 0.342749
vt 0.627002 0.592749
vt 0.655249 0.564502
vt 0.655249 0.592749
vt 0.985376 0.094751
vt 0.997998 0.094751
vt 0.985376 0.122998
vt 0.841748 0.469751
vt 0.813501 0.469751
vt 0.813501 0.497998
vt 0.844751 0.438501
vt 0.844751 0.466748
vt 0.872998 0.438501
vt 0.186499 0.842749
vt 0.186499 0.814502
vt 0.158252 0.842749
vt 0.842749 0.186499
vt 0.842749 0.158252
vt 0.814502 0.186499
vt 0.217749 0.811499
vt 0.217749 0.783252
vt 0.189502 0.811499
vt 0.982373 0.094751
vt 0.969751 0.094751
vt 0.969751 0.122998
vt 0.904248 0.063501
vt 0.891626 0.063501
vt 0.891626 0.091748
vt 0.841748 0.438501
vt 0.813501 0.438501
vt 0.813501 0.466748
vt 0.435498 0.782251
vt 0.407251 0.782251
vt 0.407251 0.810498
vt 0.373999 0.877002
vt 0.361377 0.905249
vt 0.373999 0.905249
vt 0.376001 0.810498
vt 0.404248 0.782251
vt 0.376001 0.782251
vt 0.248999 0.064502
vt 0.236377 0.077124
vt 0.248999 0.077124
vt 0.169873 0.172876
vt 0.157251 0.185498
vt 0.157251 0.172876
vt 0.155249 0.033252
vt 0.142627 0.045874
vt 0.155249 0.045874
vt 0.185498 0.157251
vt 0.172876 0.169873
vt 0.172876 0.157251
vt 0.211939 0.279248
vt 0.216748 0.266626
vt 0.211939 0.266626
vt 0.157251 0.169873
vt 0.169873 0.157251
vt 0.157251 0.157251
vt 0.225561 0.283252
vt 0.220752 0.295874
vt 0.225561 0.295874
vt 0.204126 0.279248
vt 0.208935 0.266626
vt 0.204126 0.266626
vt 0.766626 0.891626
vt 0.771435 0.891626
vt 0.766626 0.896435
vt 0.772436 0.897436
vt 0.767627 0.897436
vt 0.772436 0.892627
vt 0.669873 0.665064
vt 0.665064 0.665064
vt 0.665064 0.669873
vt 0.666065 0.670874
vt 0.670874 0.670874
vt 0.670874 0.666065
vt 0.169873 0.344751
vt 0.165064 0.357373
vt 0.165064 0.344751
vt 0.091748 0.329126
vt 0.079126 0.341748
vt 0.079126 0.329126
vt 0.657251 0.669873
vt 0.657251 0.665064
vt 0.662060 0.665064
vt 0.665064 0.662060
vt 0.665064 0.657251
vt 0.669873 0.657251
vt 0.205127 0.014624
vt 0.217749 0.002002
vt 0.217749 0.014624
vt 0.657251 0.657251
vt 0.657251 0.662060
vt 0.662060 0.657251
vt 0.663061 0.663061
vt 0.658252 0.663061
vt 0.663061 0.658252
vt 0.157251 0.357373
vt 0.162060 0.344751
vt 0.157251 0.344751
vt 0.131811 0.267627
vt 0.127002 0.280249
vt 0.131811 0.280249
vt 0.959936 0.689502
vt 0.955127 0.717749
vt 0.959936 0.717749
vt 0.991186 0.658252
vt 0.991186 0.686499
vt 0.986377 0.686499
vt 0.170874 0.939502
vt 0.170874 0.967749
vt 0.158252 0.967749
vt 0.180689 0.357373
vt 0.180689 0.344751
vt 0.185498 0.344751
vt 0.077124 0.908252
vt 0.064502 0.936499
vt 0.077124 0.936499
vt 0.876001 0.091748
vt 0.876001 0.063501
vt 0.888623 0.063501
vt 0.952124 0.408252
vt 0.939502 0.436499
vt 0.952124 0.436499
vt 0.248999 0.908252
vt 0.248999 0.936499
vt 0.236377 0.936499
vt 0.076123 0.329126
vt 0.063501 0.341748
vt 0.063501 0.329126
vt 0.079126 0.313501
vt 0.079126 0.326123
vt 0.091748 0.313501
vt 0.935498 0.063501
vt 0.922876 0.091748
vt 0.922876 0.063501
vt 0.248999 0.967749
vt 0.248999 0.939502
vt 0.236377 0.967749
vt 0.919873 0.063501
vt 0.907251 0.091748
vt 0.907251 0.063501
vt 0.657251 0.907251
vt 0.657251 0.935498
vt 0.662060 0.907251
vt 0.685498 0.907251
vt 0.680689 0.935498
vt 0.680689 0.907251
vt 0.672876 0.907251
vt 0.672876 0.935498
vt 0.677685 0.907251
vt 0.177685 0.344751
vt 0.172876 0.357373
vt 0.172876 0.344751
vt 0.202124 0.311499
vt 0.202124 0.298877
vt 0.197315 0.311499
vt 0.928686 0.689502
vt 0.923877 0.717749
vt 0.928686 0.717749
vt 0.633814 0.935498
vt 0.633814 0.907251
vt 0.638623 0.907251
vt 0.165064 0.372998
vt 0.169873 0.360376
vt 0.165064 0.360376
vt 0.741186 0.939502
vt 0.741186 0.952124
vt 0.736377 0.952124
vt 0.680689 0.665064
vt 0.685498 0.665064
vt 0.680689 0.669873
vt 0.780249 0.881811
vt 0.775440 0.881811
vt 0.780249 0.877002
vt 0.677685 0.665064
vt 0.672876 0.665064
vt 0.672876 0.669873
vt 0.680689 0.657251
vt 0.685498 0.657251
vt 0.680689 0.662060
vt 0.630810 0.907251
vt 0.626001 0.935498
vt 0.626001 0.907251
vt 0.654248 0.907251
vt 0.649439 0.935498
vt 0.649439 0.907251
vt 0.756811 0.905249
vt 0.752002 0.905249
vt 0.756811 0.900440
vt 0.905249 0.780249
vt 0.900440 0.780249
vt 0.905249 0.775440
vt 0.677685 0.657251
vt 0.672876 0.657251
vt 0.672876 0.662060
vt 0.673877 0.663061
vt 0.678686 0.663061
vt 0.678686 0.658252
vt 0.641626 0.935498
vt 0.646435 0.907251
vt 0.641626 0.907251
vt 0.952124 0.720752
vt 0.952124 0.748999
vt 0.947315 0.748999
vt 0.162060 0.360376
vt 0.157251 0.360376
vt 0.157251 0.372998
vt 0.435498 0.751001
vt 0.407251 0.779248
vt 0.407251 0.751001
vt 0.904248 0.094751
vt 0.891626 0.122998
vt 0.891626 0.094751
vt 0.063501 0.326123
vt 0.076123 0.313501
vt 0.063501 0.313501
vt 0.122998 0.329126
vt 0.110376 0.341748
vt 0.110376 0.329126
vt 0.017627 0.905249
vt 0.030249 0.877002
vt 0.030249 0.905249
vt 0.678686 0.936499
vt 0.678686 0.908252
vt 0.673877 0.936499
vt 0.936499 0.220752
vt 0.923877 0.248999
vt 0.936499 0.248999
vt 0.975561 0.627002
vt 0.975561 0.655249
vt 0.970752 0.655249
vt 0.107373 0.329126
vt 0.094751 0.329126
vt 0.094751 0.341748
vt 0.705127 0.967749
vt 0.709936 0.967749
vt 0.709936 0.955127
vt 0.876001 0.094751
vt 0.876001 0.122998
vt 0.888623 0.094751
vt 0.122998 0.313501
vt 0.110376 0.313501
vt 0.110376 0.326123
vt 0.376001 0.779248
vt 0.404248 0.751001
vt 0.376001 0.751001
vt 0.469751 0.810498
vt 0.469751 0.782251
vt 0.497998 0.782251
vt 0.842749 0.498999
vt 0.814502 0.498999
vt 0.842749 0.470752
vt 0.923877 0.311499
vt 0.936499 0.311499
vt 0.936499 0.283252
vt 0.045874 0.967749
vt 0.033252 0.967749
vt 0.045874 0.939502
vt 0.935498 0.094751
vt 0.922876 0.094751
vt 0.922876 0.122998
vt 0.466748 0.782251
vt 0.438501 0.782251
vt 0.438501 0.810498
vt 0.919873 0.094751
vt 0.907251 0.094751
vt 0.907251 0.122998
vt 0.373999 0.936499
vt 0.361377 0.936499
vt 0.373999 0.908252
vt 0.991186 0.717749
vt 0.986377 0.717749
vt 0.991186 0.689502
vt 0.752002 0.155249
vt 0.780249 0.155249
vt 0.780249 0.127002
vt 0.469751 0.779248
vt 0.469751 0.751001
vt 0.497998 0.751001
vt 0.954126 0.001001
vt 0.966748 0.001001
vt 0.954126 0.029248
vt 0.311499 0.311499
vt 0.283252 0.311499
vt 0.311499 0.252002
vt 0.998999 0.623999
vt 0.986377 0.623999
vt 0.998999 0.564502
vt 0.623999 0.061499
vt 0.595752 0.061499
vt 0.623999 0.002002
vt 0.592749 0.123999
vt 0.564502 0.123999
vt 0.592749 0.064502
vt 0.052685 0.188501
vt 0.047876 0.188501
vt 0.047876 0.247998
vt 0.982373 0.501001
vt 0.969751 0.501001
vt 0.969751 0.560498
vt 0.154248 0.563501
vt 0.126001 0.563501
vt 0.126001 0.622998
vt 0.904248 0.501001
vt 0.891626 0.501001
vt 0.891626 0.560498
vt 0.951123 0.001001
vt 0.938501 0.001001
vt 0.938501 0.029248
vt 0.997998 0.001001
vt 0.985376 0.001001
vt 0.985376 0.029248
vt 0.665064 0.876001
vt 0.669873 0.876001
vt 0.665064 0.904248
vt 0.969751 0.001001
vt 0.982373 0.001001
vt 0.969751 0.029248
vt 0.876001 0.560498
vt 0.876001 0.501001
vt 0.888623 0.501001
vt 0.501001 0.251001
vt 0.560498 0.251001
vt 0.501001 0.310498
vt 0.219751 0.563501
vt 0.219751 0.622998
vt 0.247998 0.563501
vt 0.405249 0.439502
vt 0.377002 0.498999
vt 0.405249 0.498999
vt 0.873999 0.217749
vt 0.845752 0.217749
vt 0.873999 0.189502
vt 0.780249 0.373999
vt 0.752002 0.373999
vt 0.780249 0.345752
vt 0.123999 0.873999
vt 0.095752 0.873999
vt 0.123999 0.845752
vt 0.561499 0.314502
vt 0.561499 0.373999
vt 0.502002 0.373999
vt 0.561499 0.498999
vt 0.561499 0.439502
vt 0.502002 0.498999
vt 0.405249 0.127002
vt 0.405249 0.186499
vt 0.377002 0.186499
vt 0.623999 0.686499
vt 0.595752 0.686499
vt 0.623999 0.658252
vt 0.188501 0.563501
vt 0.188501 0.622998
vt 0.216748 0.563501
vt 0.248999 0.564502
vt 0.248999 0.623999
vt 0.220752 0.623999
vt 0.310498 0.501001
vt 0.282251 0.560498
vt 0.282251 0.501001
vt 0.623999 0.717749
vt 0.623999 0.689502
vt 0.595752 0.717749
vt 0.438501 0.751001
vt 0.466748 0.751001
vt 0.438501 0.779248
vt 0.873999 0.155249
vt 0.873999 0.127002
vt 0.845752 0.155249
vt 0.002002 0.030249
vt 0.030249 0.030249
vt 0.030249 0.002002
vt 0.920874 0.377002
vt 0.920874 0.405249
vt 0.908252 0.405249
vt 0.952124 0.189502
vt 0.952124 0.217749
vt 0.939502 0.217749
vt 0.998999 0.064502
vt 0.986377 0.092749
vt 0.998999 0.092749
vt 0.967749 0.345752
vt 0.967749 0.373999
vt 0.955127 0.373999
vt 0.061499 0.877002
vt 0.061499 0.905249
vt 0.048877 0.905249
vt 0.407251 0.872998
vt 0.407251 0.844751
vt 0.435498 0.844751
vt 0.954126 0.060498
vt 0.954126 0.032251
vt 0.966748 0.032251
vt 0.657251 0.904248
vt 0.657251 0.876001
vt 0.662060 0.876001
vt 0.345752 0.936499
vt 0.358374 0.908252
vt 0.358374 0.936499
vt 0.951123 0.032251
vt 0.938501 0.060498
vt 0.938501 0.032251
vt 0.002002 0.139624
vt 0.014624 0.127002
vt 0.014624 0.139624
vt 0.185498 0.360376
vt 0.180689 0.360376
vt 0.180689 0.372998
vt 0.811499 0.470752
vt 0.811499 0.498999
vt 0.783252 0.498999
vt 0.248999 0.877002
vt 0.236377 0.905249
vt 0.248999 0.905249
vt 0.680689 0.904248
vt 0.685498 0.876001
vt 0.680689 0.876001
vt 0.936499 0.689502
vt 0.936499 0.717749
vt 0.931690 0.717749
vt 0.985376 0.060498
vt 0.985376 0.032251
vt 0.997998 0.032251
vt 0.969751 0.060498
vt 0.982373 0.032251
vt 0.969751 0.032251
vt 0.672876 0.904248
vt 0.672876 0.876001
vt 0.677685 0.876001
vt 0.202124 0.202124
vt 0.189502 0.202124
vt 0.202124 0.189502
vt 0.139624 0.045874
vt 0.127002 0.045874
vt 0.139624 0.033252
vt 0.891626 0.001001
vt 0.904248 0.001001
vt 0.891626 0.029248
vt 0.876001 0.029248
vt 0.876001 0.001001
vt 0.888623 0.001001
vt 0.251001 0.501001
vt 0.279248 0.501001
vt 0.251001 0.560498
vt 0.780249 0.436499
vt 0.752002 0.436499
vt 0.780249 0.408252
vt 0.655249 0.405249
vt 0.627002 0.405249
vt 0.655249 0.377002
vt 0.638623 0.876001
vt 0.633814 0.876001
vt 0.633814 0.904248
vt 0.939502 0.686499
vt 0.944311 0.686499
vt 0.944311 0.658252
vt 0.404248 0.844751
vt 0.376001 0.844751
vt 0.376001 0.872998
vt 0.435498 0.813501
vt 0.407251 0.813501
vt 0.407251 0.841748
vt 0.314502 0.873999
vt 0.342749 0.873999
vt 0.342749 0.845752
vt 0.916065 0.717749
vt 0.920874 0.717749
vt 0.920874 0.689502
vt 0.630810 0.876001
vt 0.626001 0.876001
vt 0.626001 0.904248
vt 0.922876 0.001001
vt 0.922876 0.029248
vt 0.935498 0.001001
vt 0.889624 0.752002
vt 0.884815 0.756811
vt 0.889624 0.756811
vt 0.907251 0.001001
vt 0.919873 0.001001
vt 0.907251 0.029248
vt 0.155249 0.170874
vt 0.142627 0.170874
vt 0.155249 0.158252
vt 0.127002 0.998999
vt 0.139624 0.998999
vt 0.139624 0.970752
vt 0.107373 0.313501
vt 0.094751 0.313501
vt 0.094751 0.326123
vt 0.342749 0.783252
vt 0.342749 0.811499
vt 0.314502 0.811499
vt 0.891626 0.060498
vt 0.891626 0.032251
vt 0.904248 0.032251
vt 0.139624 0.202124
vt 0.127002 0.202124
vt 0.139624 0.189502
vt 0.079126 0.360376
vt 0.091748 0.360376
vt 0.079126 0.372998
vt 0.177685 0.360376
vt 0.172876 0.360376
vt 0.172876 0.372998
vt 0.123999 0.327124
vt 0.111377 0.327124
vt 0.123999 0.314502
vt 0.233374 0.939502
vt 0.233374 0.967749
vt 0.220752 0.967749
vt 0.876001 0.060498
vt 0.876001 0.032251
vt 0.888623 0.032251
vt 0.220752 0.248999
vt 0.233374 0.248999
vt 0.233374 0.236377
vt 0.922876 0.032251
vt 0.935498 0.032251
vt 0.922876 0.060498
vt 0.907251 0.032251
vt 0.919873 0.032251
vt 0.907251 0.060498
vt 0.095752 0.327124
vt 0.108374 0.327124
vt 0.108374 0.314502
vt 0.908252 0.248999
vt 0.920874 0.248999
vt 0.920874 0.220752
vt 0.045874 0.970752
vt 0.045874 0.998999
vt 0.033252 0.998999
vt 0.889624 0.252002
vt 0.889624 0.280249
vt 0.877002 0.280249
vt 0.063501 0.360376
vt 0.063501 0.372998
vt 0.076123 0.360376
vt 0.079126 0.344751
vt 0.079126 0.357373
vt 0.091748 0.344751
vt 0.076123 0.344751
vt 0.063501 0.344751
vt 0.063501 0.357373
vt 0.122998 0.360376
vt 0.110376 0.360376
vt 0.110376 0.372998
vt 0.155249 0.811499
vt 0.127002 0.811499
vt 0.155249 0.783252
vt 0.780249 0.280249
vt 0.752002 0.280249
vt 0.780249 0.252002
vt 0.829126 0.813501
vt 0.841748 0.813501
vt 0.829126 0.841748
vt 0.826123 0.813501
vt 0.813501 0.813501
vt 0.813501 0.841748
vt 0.623999 0.373999
vt 0.564502 0.373999
vt 0.623999 0.314502
vt 0.094751 0.360376
vt 0.094751 0.372998
vt 0.107373 0.360376
vt 0.110376 0.344751
vt 0.110376 0.357373
vt 0.122998 0.344751
vt 0.094751 0.357373
vt 0.094751 0.344751
vt 0.107373 0.344751
vt 0.108374 0.345752
vt 0.108374 0.358374
vt 0.095752 0.358374
vt 0.920874 0.095752
vt 0.920874 0.123999
vt 0.908252 0.123999
vt 0.389624 0.939502
vt 0.389624 0.967749
vt 0.377002 0.967749
vt 0.092749 0.358374
vt 0.092749 0.345752
vt 0.080127 0.358374
vt 0.077124 0.373999
vt 0.077124 0.361377
vt 0.064502 0.373999
vt 0.029248 0.329126
vt 0.016626 0.329126
vt 0.016626 0.341748
vt 0.142627 0.186499
vt 0.155249 0.186499
vt 0.155249 0.173877
vt 0.860376 0.841748
vt 0.860376 0.813501
vt 0.872998 0.813501
vt 0.873999 0.814502
vt 0.873999 0.842749
vt 0.861377 0.842749
vt 0.013623 0.329126
vt 0.001001 0.329126
vt 0.001001 0.341748
vt 0.205127 0.092749
vt 0.217749 0.092749
vt 0.217749 0.080127
vt 0.844751 0.813501
vt 0.844751 0.841748
vt 0.857373 0.813501
vt 0.858374 0.842749
vt 0.858374 0.814502
vt 0.845752 0.842749
vt 0.829126 0.872998
vt 0.829126 0.844751
vt 0.841748 0.844751
vt 0.842749 0.845752
vt 0.842749 0.873999
vt 0.830127 0.873999
vt 0.967749 0.158252
vt 0.955127 0.186499
vt 0.967749 0.186499
vt 0.905249 0.064502
vt 0.892627 0.092749
vt 0.905249 0.092749
vt 0.016626 0.326123
vt 0.016626 0.313501
vt 0.029248 0.313501
vt 0.123999 0.345752
vt 0.123999 0.358374
vt 0.111377 0.358374
vt 0.967749 0.033252
vt 0.967749 0.061499
vt 0.955127 0.061499
vt 0.813501 0.872998
vt 0.813501 0.844751
vt 0.826123 0.844751
vt 0.013623 0.313501
vt 0.001001 0.326123
vt 0.001001 0.313501
vt 0.002002 0.327124
vt 0.014624 0.314502
vt 0.014624 0.327124
vt 0.970752 0.623999
vt 0.983374 0.564502
vt 0.983374 0.623999
vt 0.872998 0.844751
vt 0.860376 0.872998
vt 0.860376 0.844751
vt 0.844751 0.844751
vt 0.857373 0.844751
vt 0.844751 0.872998
vt 0.779248 0.813501
vt 0.766626 0.813501
vt 0.766626 0.841748
vt 0.423877 0.967749
vt 0.436499 0.967749
vt 0.436499 0.939502
vt 0.404248 0.813501
vt 0.376001 0.813501
vt 0.376001 0.841748
vt 0.845752 0.467749
vt 0.873999 0.467749
vt 0.873999 0.439502
vt 0.342749 0.752002
vt 0.342749 0.780249
vt 0.314502 0.780249
vt 0.327124 0.967749
vt 0.314502 0.967749
vt 0.327124 0.939502
vt 0.045874 0.905249
vt 0.033252 0.905249
vt 0.045874 0.877002
vt 0.469751 0.872998
vt 0.469751 0.844751
vt 0.497998 0.844751
vt 0.752002 0.123999
vt 0.780249 0.123999
vt 0.780249 0.095752
vt 0.047876 0.329126
vt 0.060498 0.329126
vt 0.047876 0.341748
vt 0.032251 0.329126
vt 0.044873 0.329126
vt 0.032251 0.341748
vt 0.920874 0.033252
vt 0.920874 0.061499
vt 0.908252 0.061499
vt 0.686499 0.564502
vt 0.686499 0.592749
vt 0.658252 0.592749
vt 0.751001 0.841748
vt 0.763623 0.813501
vt 0.751001 0.813501
vt 0.797876 0.841748
vt 0.810498 0.813501
vt 0.797876 0.813501
vt 0.905249 0.689502
vt 0.900440 0.717749
vt 0.905249 0.717749
vt 0.936499 0.314502
vt 0.923877 0.342749
vt 0.936499 0.342749
vt 0.155249 0.298877
vt 0.150440 0.311499
vt 0.155249 0.311499
vt 0.133814 0.357373
vt 0.138623 0.344751
vt 0.133814 0.344751
vt 0.649439 0.876001
vt 0.649439 0.904248
vt 0.654248 0.876001
vt 0.908252 0.717749
vt 0.913061 0.689502
vt 0.913061 0.717749
vt 0.212940 0.280249
vt 0.217749 0.267627
vt 0.217749 0.280249
vt 0.158252 0.170874
vt 0.170874 0.158252
vt 0.170874 0.170874
vt 0.794873 0.813501
vt 0.782251 0.841748
vt 0.782251 0.813501
vt 0.002002 0.905249
vt 0.014624 0.877002
vt 0.014624 0.905249
vt 0.108374 0.330127
vt 0.095752 0.342749
vt 0.108374 0.342749
vt 0.047876 0.326123
vt 0.047876 0.313501
vt 0.060498 0.313501
vt 0.139624 0.158252
vt 0.127002 0.170874
vt 0.139624 0.170874
vt 0.139624 0.127002
vt 0.139624 0.139624
vt 0.127002 0.139624
vt 0.998999 0.252002
vt 0.998999 0.280249
vt 0.986377 0.280249
vt 0.952124 0.033252
vt 0.952124 0.061499
vt 0.939502 0.061499
vt 0.920874 0.030249
vt 0.920874 0.002002
vt 0.908252 0.030249
vt 0.045874 0.342749
vt 0.045874 0.330127
vt 0.033252 0.342749
vt 0.248999 0.033252
vt 0.248999 0.045874
vt 0.236377 0.045874
vt 0.345752 0.967749
vt 0.358374 0.939502
vt 0.358374 0.967749
vt 0.779248 0.844751
vt 0.766626 0.872998
vt 0.766626 0.844751
vt 0.044873 0.313501
vt 0.032251 0.326123
vt 0.032251 0.313501
vt 0.092749 0.327124
vt 0.092749 0.314502
vt 0.080127 0.327124
vt 0.763623 0.844751
vt 0.751001 0.872998
vt 0.751001 0.844751
vt 0.978565 0.717749
vt 0.983374 0.689502
vt 0.983374 0.717749
vt 0.810498 0.844751
vt 0.797876 0.872998
vt 0.797876 0.844751
vt 0.889624 0.686499
vt 0.889624 0.658252
vt 0.884815 0.686499
vt 0.641626 0.904248
vt 0.646435 0.876001
vt 0.641626 0.876001
vt 0.782251 0.872998
vt 0.782251 0.844751
vt 0.794873 0.844751
vt 0.147436 0.252002
vt 0.142627 0.264624
vt 0.147436 0.264624
vt 0.170874 0.252002
vt 0.170874 0.264624
vt 0.166065 0.264624
vt 0.663061 0.877002
vt 0.658252 0.905249
vt 0.663061 0.905249
vt 0.655249 0.877002
vt 0.655249 0.905249
vt 0.650440 0.905249
vt 0.923877 0.748999
vt 0.928686 0.720752
vt 0.928686 0.748999
vt 0.681690 0.905249
vt 0.686499 0.877002
vt 0.686499 0.905249
vt 0.038061 0.189502
vt 0.033252 0.248999
vt 0.038061 0.248999
vt 0.008814 0.247998
vt 0.008814 0.188501
vt 0.013623 0.188501
vt 0.016626 0.360376
vt 0.016626 0.372998
vt 0.029248 0.360376
vt 0.001001 0.360376
vt 0.013623 0.360376
vt 0.001001 0.372998
vt 0.186499 0.127002
vt 0.186499 0.139624
vt 0.173877 0.139624
vt 0.016626 0.357373
vt 0.016626 0.344751
vt 0.029248 0.344751
vt 0.952124 0.186499
vt 0.952124 0.158252
vt 0.939502 0.186499
vt 0.264624 0.998999
vt 0.264624 0.970752
vt 0.252002 0.998999
vt 0.170874 0.139624
vt 0.170874 0.127002
vt 0.158252 0.139624
vt 0.001001 0.344751
vt 0.001001 0.357373
vt 0.013623 0.344751
vt 0.014624 0.936499
vt 0.014624 0.908252
vt 0.002002 0.936499
vt 0.047876 0.360376
vt 0.047876 0.372998
vt 0.060498 0.360376
vt 0.032251 0.372998
vt 0.032251 0.360376
vt 0.044873 0.360376
vt 0.060498 0.344751
vt 0.047876 0.344751
vt 0.047876 0.357373
vt 0.829126 0.751001
vt 0.829126 0.779248
vt 0.841748 0.751001
vt 0.967749 0.155249
vt 0.967749 0.127002
vt 0.955127 0.155249
vt 0.842749 0.752002
vt 0.830127 0.780249
vt 0.842749 0.780249
vt 0.813501 0.779248
vt 0.813501 0.751001
vt 0.826123 0.751001
vt 0.920874 0.408252
vt 0.908252 0.436499
vt 0.920874 0.436499
vt 0.436499 0.970752
vt 0.436499 0.998999
vt 0.423877 0.998999
vt 0.248999 0.080127
vt 0.248999 0.092749
vt 0.236377 0.092749
vt 0.044873 0.344751
vt 0.032251 0.344751
vt 0.032251 0.357373
vt 0.983374 0.314502
vt 0.983374 0.342749
vt 0.970752 0.342749
vt 0.170874 0.173877
vt 0.170874 0.186499
vt 0.158252 0.186499
vt 0.205127 0.202124
vt 0.217749 0.189502
vt 0.217749 0.202124
vt 0.091748 0.266626
vt 0.079126 0.279248
vt 0.079126 0.266626
vt 0.939502 0.030249
vt 0.952124 0.002002
vt 0.952124 0.030249
vt 0.936499 0.217749
vt 0.936499 0.189502
vt 0.923877 0.217749
vt 0.189502 0.045874
vt 0.202124 0.045874
vt 0.202124 0.033252
vt 0.130810 0.344751
vt 0.126001 0.344751
vt 0.126001 0.357373
vt 0.220752 0.233374
vt 0.233374 0.233374
vt 0.233374 0.220752
vt 0.142627 0.217749
vt 0.155249 0.217749
vt 0.155249 0.205127
vt 0.860376 0.751001
vt 0.860376 0.779248
vt 0.872998 0.751001
vt 0.063501 0.266626
vt 0.076123 0.266626
vt 0.063501 0.279248
vt 0.217749 0.139624
vt 0.205127 0.139624
vt 0.217749 0.127002
vt 0.217749 0.170874
vt 0.205127 0.170874
vt 0.217749 0.158252
vt 0.158252 0.264624
vt 0.163061 0.264624
vt 0.163061 0.252002
vt 0.091748 0.251001
vt 0.079126 0.263623
vt 0.079126 0.251001
vt 0.063501 0.251001
vt 0.063501 0.263623
vt 0.076123 0.251001
vt 0.110376 0.266626
vt 0.122998 0.266626
vt 0.110376 0.279248
vt 0.149439 0.344751
vt 0.154248 0.344751
vt 0.149439 0.357373
vt 0.857373 0.751001
vt 0.844751 0.779248
vt 0.844751 0.751001
vt 0.155249 0.233374
vt 0.155249 0.220752
vt 0.142627 0.233374
vt 0.311499 0.908252
vt 0.298877 0.936499
vt 0.311499 0.936499
vt 0.248999 0.127002
vt 0.248999 0.139624
vt 0.236377 0.139624
vt 0.094751 0.279248
vt 0.107373 0.266626
vt 0.094751 0.266626
vt 0.061499 0.158252
vt 0.061499 0.170874
vt 0.048877 0.170874
vt 0.122998 0.251001
vt 0.110376 0.251001
vt 0.110376 0.263623
vt 0.146435 0.344751
vt 0.141626 0.344751
vt 0.141626 0.357373
vt 0.094751 0.263623
vt 0.094751 0.251001
vt 0.107373 0.251001
vt 0.091748 0.297876
vt 0.079126 0.297876
vt 0.079126 0.310498
vt 0.063501 0.310498
vt 0.076123 0.297876
vt 0.063501 0.297876
vt 0.079126 0.282251
vt 0.079126 0.294873
vt 0.091748 0.282251
vt 0.033252 0.936499
vt 0.045874 0.908252
vt 0.045874 0.936499
vt 0.829126 0.782251
vt 0.829126 0.810498
vt 0.841748 0.782251
vt 0.732373 0.907251
vt 0.727564 0.907251
vt 0.727564 0.935498
vt 0.830127 0.811499
vt 0.842749 0.811499
vt 0.842749 0.783252
vt 0.127002 0.030249
vt 0.139624 0.030249
vt 0.139624 0.017627
vt 0.076123 0.282251
vt 0.063501 0.282251
vt 0.063501 0.294873
vt 0.155249 0.295874
vt 0.150440 0.295874
vt 0.155249 0.283252
vt 0.813501 0.782251
vt 0.826123 0.782251
vt 0.813501 0.810498
vt 0.670874 0.936499
vt 0.666065 0.936499
vt 0.670874 0.908252
vt 0.860376 0.782251
vt 0.872998 0.782251
vt 0.860376 0.810498
vt 0.561499 0.998999
vt 0.548877 0.998999
vt 0.561499 0.939502
vt 0.983374 0.561499
vt 0.970752 0.561499
vt 0.983374 0.502002
vt 0.577124 0.936499
vt 0.564502 0.936499
vt 0.577124 0.877002
vt 0.922876 0.501001
vt 0.935498 0.501001
vt 0.922876 0.560498
vt 0.919873 0.501001
vt 0.907251 0.501001
vt 0.907251 0.560498
vt 0.372998 0.501001
vt 0.344751 0.501001
vt 0.344751 0.560498
vt 0.811499 0.345752
vt 0.811499 0.373999
vt 0.783252 0.373999
vt 0.138623 0.360376
vt 0.133814 0.360376
vt 0.133814 0.372998
vt 0.345752 0.561499
vt 0.373999 0.561499
vt 0.373999 0.502002
vt 0.954126 0.497998
vt 0.966748 0.438501
vt 0.954126 0.438501
vt 0.623999 0.439502
vt 0.623999 0.498999
vt 0.564502 0.498999
vt 0.844751 0.810498
vt 0.844751 0.782251
vt 0.857373 0.782251
vt 0.405249 0.873999
vt 0.405249 0.845752
vt 0.377002 0.873999
vt 0.811499 0.405249
vt 0.783252 0.405249
vt 0.811499 0.377002
vt 0.998999 0.158252
vt 0.986377 0.186499
vt 0.998999 0.186499
vt 0.438501 0.872998
vt 0.466748 0.844751
vt 0.438501 0.844751
vt 0.938501 0.438501
vt 0.951123 0.438501
vt 0.938501 0.497998
vt 0.126001 0.360376
vt 0.130810 0.360376
vt 0.126001 0.372998
vt 0.766626 0.779248
vt 0.779248 0.751001
vt 0.766626 0.751001
vt 0.497998 0.813501
vt 0.469751 0.841748
vt 0.469751 0.813501
vt 0.955127 0.030249
vt 0.967749 0.002002
vt 0.967749 0.030249
vt 0.092749 0.280249
vt 0.080127 0.280249
vt 0.092749 0.267627
vt 0.780249 0.752002
vt 0.767627 0.780249
vt 0.780249 0.780249
vt 0.405249 0.783252
vt 0.405249 0.811499
vt 0.377002 0.811499
vt 0.751001 0.751001
vt 0.763623 0.751001
vt 0.751001 0.779248
vt 0.438501 0.813501
vt 0.466748 0.813501
vt 0.438501 0.841748
vt 0.311499 0.498999
vt 0.311499 0.439502
vt 0.283252 0.498999
vt 0.077124 0.939502
vt 0.077124 0.967749
vt 0.064502 0.967749
vt 0.920874 0.158252
vt 0.908252 0.186499
vt 0.920874 0.186499
vt 0.561499 0.311499
vt 0.502002 0.311499
vt 0.561499 0.252002
vt 0.313501 0.501001
vt 0.313501 0.560498
vt 0.341748 0.501001
vt 0.092749 0.939502
vt 0.080127 0.967749
vt 0.092749 0.967749
vt 0.780249 0.283252
vt 0.780249 0.311499
vt 0.752002 0.311499
vt 0.530249 0.689502
vt 0.502002 0.717749
vt 0.530249 0.717749
vt 0.997998 0.438501
vt 0.985376 0.497998
vt 0.985376 0.438501
vt 0.998999 0.498999
vt 0.998999 0.439502
vt 0.986377 0.498999
vt 0.797876 0.751001
vt 0.810498 0.751001
vt 0.797876 0.779248
vt 0.889624 0.373999
vt 0.877002 0.373999
vt 0.889624 0.345752
vt 0.110376 0.310498
vt 0.110376 0.297876
vt 0.122998 0.297876
vt 0.982373 0.438501
vt 0.969751 0.497998
vt 0.969751 0.438501
vt 0.314502 0.561499
vt 0.342749 0.502002
vt 0.342749 0.561499
vt 0.514624 0.877002
vt 0.502002 0.936499
vt 0.514624 0.936499
vt 0.205127 0.967749
vt 0.217749 0.939502
vt 0.217749 0.967749
vt 0.123999 0.936499
vt 0.123999 0.908252
vt 0.111377 0.936499
vt 0.108374 0.970752
vt 0.095752 0.998999
vt 0.108374 0.998999
vt 0.782251 0.779248
vt 0.782251 0.751001
vt 0.794873 0.751001
vt 0.014624 0.189502
vt 0.009815 0.248999
vt 0.014624 0.248999
vt 0.905249 0.502002
vt 0.892627 0.561499
vt 0.905249 0.561499
vt 0.107373 0.297876
vt 0.094751 0.297876
vt 0.094751 0.310498
vt 0.122998 0.282251
vt 0.110376 0.282251
vt 0.110376 0.294873
vt 0.064502 0.327124
vt 0.077124 0.327124
vt 0.077124 0.314502
vt 0.936499 0.345752
vt 0.936499 0.373999
vt 0.923877 0.373999
vt 0.436499 0.877002
vt 0.423877 0.905249
vt 0.436499 0.905249
vt 0.095752 0.967749
vt 0.108374 0.939502
vt 0.108374 0.967749
vt 0.094751 0.282251
vt 0.094751 0.294873
vt 0.107373 0.282251
vt 0.016626 0.266626
vt 0.016626 0.279248
vt 0.029248 0.266626
vt 0.766626 0.810498
vt 0.766626 0.782251
vt 0.779248 0.782251
vt 0.252002 0.780249
vt 0.280249 0.780249
vt 0.280249 0.752002
vt 0.154248 0.360376
vt 0.149439 0.372998
vt 0.149439 0.360376
vt 0.998999 0.030249
vt 0.998999 0.002002
vt 0.986377 0.030249
vt 0.763623 0.782251
vt 0.751001 0.810498
vt 0.751001 0.782251
vt 0.797876 0.810498
vt 0.797876 0.782251
vt 0.810498 0.782251
vt 0.123999 0.970752
vt 0.123999 0.998999
vt 0.111377 0.998999
vt 0.139624 0.123999
vt 0.127002 0.123999
vt 0.139624 0.111377
vt 0.694311 0.967749
vt 0.689502 0.967749
vt 0.694311 0.955127
vt 0.764624 0.752002
vt 0.752002 0.780249
vt 0.764624 0.780249
vt 0.311499 0.939502
vt 0.311499 0.967749
vt 0.298877 0.967749
vt 0.061499 0.361377
vt 0.048877 0.373999
vt 0.061499 0.373999
vt 0.141626 0.372998
vt 0.141626 0.360376
vt 0.146435 0.360376
vt 0.752002 0.889624
vt 0.756811 0.889624
vt 0.756811 0.884815
vt 0.669873 0.680689
vt 0.665064 0.680689
vt 0.665064 0.685498
vt 0.881811 0.764624
vt 0.877002 0.764624
vt 0.881811 0.759815
vt 0.657251 0.685498
vt 0.662060 0.680689
vt 0.657251 0.680689
vt 0.665064 0.677685
vt 0.669873 0.672876
vt 0.665064 0.672876
vt 0.165064 0.326123
vt 0.169873 0.313501
vt 0.165064 0.313501
vt 0.157251 0.326123
vt 0.157251 0.313501
vt 0.162060 0.313501
vt 0.657251 0.677685
vt 0.662060 0.672876
vt 0.657251 0.672876
vt 0.719751 0.935498
vt 0.724560 0.907251
vt 0.719751 0.907251
vt 0.685498 0.680689
vt 0.680689 0.680689
vt 0.680689 0.685498
vt 0.166065 0.280249
vt 0.170874 0.267627
vt 0.170874 0.280249
vt 0.013623 0.266626
vt 0.001001 0.279248
vt 0.001001 0.266626
vt 0.029248 0.251001
vt 0.016626 0.263623
vt 0.016626 0.251001
vt 0.186499 0.033252
vt 0.173877 0.045874
vt 0.186499 0.045874
vt 0.908252 0.280249
vt 0.920874 0.280249
vt 0.920874 0.252002
vt 0.983374 0.030249
vt 0.970752 0.030249
vt 0.983374 0.002002
vt 0.782251 0.532251
vt 0.782251 0.560498
vt 0.810498 0.532251
vt 0.782251 0.782251
vt 0.782251 0.810498
vt 0.794873 0.782251
vt 0.811499 0.783252
vt 0.811499 0.811499
vt 0.798877 0.811499
vt 0.704126 0.841748
vt 0.704126 0.813501
vt 0.716748 0.813501
vt 0.983374 0.217749
vt 0.970752 0.217749
vt 0.983374 0.189502
vt 0.185498 0.313501
vt 0.180689 0.313501
vt 0.180689 0.326123
vt 0.779248 0.532251
vt 0.751001 0.532251
vt 0.751001 0.560498
vt 0.814502 0.217749
vt 0.842749 0.217749
vt 0.842749 0.189502
vt 0.782251 0.501001
vt 0.810498 0.501001
vt 0.782251 0.529248
vt 0.220752 0.842749
vt 0.248999 0.842749
vt 0.248999 0.814502
vt 0.592749 0.936499
vt 0.580127 0.936499
vt 0.592749 0.877002
vt 0.280249 0.561499
vt 0.252002 0.561499
vt 0.280249 0.502002
vt 0.282251 0.563501
vt 0.310498 0.563501
vt 0.282251 0.622998
vt 0.279248 0.563501
vt 0.251001 0.563501
vt 0.251001 0.622998
vt 0.564502 0.186499
vt 0.592749 0.186499
vt 0.592749 0.127002
vt 0.904248 0.438501
vt 0.891626 0.438501
vt 0.891626 0.497998
vt 0.923877 0.623999
vt 0.936499 0.623999
vt 0.936499 0.564502
vt 0.283252 0.623999
vt 0.311499 0.623999
vt 0.311499 0.564502
vt 0.548877 0.936499
vt 0.561499 0.936499
vt 0.561499 0.877002
vt 0.502002 0.998999
vt 0.514624 0.998999
vt 0.514624 0.939502
vt 0.877002 0.623999
vt 0.889624 0.623999
vt 0.889624 0.564502
vt 0.345752 0.998999
vt 0.358374 0.998999
vt 0.358374 0.970752
vt 0.905249 0.030249
vt 0.892627 0.030249
vt 0.905249 0.002002
vt 0.189502 0.061499
vt 0.202124 0.061499
vt 0.202124 0.048877
vt 0.001001 0.251001
vt 0.013623 0.251001
vt 0.001001 0.263623
vt 0.701123 0.813501
vt 0.688501 0.841748
vt 0.688501 0.813501
vt 0.743189 0.907251
vt 0.743189 0.935498
vt 0.747998 0.907251
vt 0.780249 0.783252
vt 0.767627 0.811499
vt 0.780249 0.811499
vt 0.735376 0.935498
vt 0.735376 0.907251
vt 0.740185 0.907251
vt 0.172876 0.313501
vt 0.177685 0.313501
vt 0.172876 0.326123
vt 0.169873 0.329126
vt 0.165064 0.329126
vt 0.165064 0.341748
vt 0.735376 0.841748
vt 0.747998 0.813501
vt 0.735376 0.813501
vt 0.047876 0.279248
vt 0.047876 0.266626
vt 0.060498 0.266626
vt 0.751001 0.501001
vt 0.751001 0.529248
vt 0.779248 0.501001
vt 0.044873 0.266626
vt 0.032251 0.266626
vt 0.032251 0.279248
vt 0.719751 0.813501
vt 0.732373 0.813501
vt 0.719751 0.841748
vt 0.498999 0.936499
vt 0.486377 0.936499
vt 0.498999 0.908252
vt 0.689502 0.405249
vt 0.717749 0.405249
vt 0.717749 0.377002
vt 0.189502 0.873999
vt 0.217749 0.873999
vt 0.217749 0.845752
vt 0.908252 0.092749
vt 0.920874 0.092749
vt 0.920874 0.064502
vt 0.978565 0.748999
vt 0.983374 0.748999
vt 0.983374 0.720752
vt 0.716748 0.844751
vt 0.704126 0.844751
vt 0.704126 0.872998
vt 0.752002 0.873999
vt 0.764624 0.873999
vt 0.764624 0.845752
vt 0.173877 0.030249
vt 0.186499 0.030249
vt 0.186499 0.017627
vt 0.701123 0.844751
vt 0.688501 0.844751
vt 0.688501 0.872998
vt 0.127002 0.092749
vt 0.139624 0.092749
vt 0.139624 0.080127
vt 0.178686 0.358374
vt 0.173877 0.358374
vt 0.178686 0.345752
vt 0.047876 0.251001
vt 0.047876 0.263623
vt 0.060498 0.251001
vt 0.889624 0.772436
vt 0.884815 0.772436
vt 0.889624 0.767627
vt 0.627002 0.936499
vt 0.631811 0.908252
vt 0.631811 0.936499
vt 0.170874 0.358374
vt 0.170874 0.345752
vt 0.166065 0.358374
vt 0.186499 0.314502
vt 0.181690 0.327124
vt 0.186499 0.327124
vt 0.655249 0.939502
vt 0.655249 0.952124
vt 0.650440 0.952124
vt 0.767627 0.889624
vt 0.772436 0.889624
vt 0.772436 0.884815
vt 0.759815 0.897436
vt 0.764624 0.897436
vt 0.764624 0.892627
vt 0.032251 0.263623
vt 0.044873 0.251001
vt 0.032251 0.251001
vt 0.157251 0.341748
vt 0.157251 0.329126
vt 0.162060 0.329126
vt 0.016626 0.310498
vt 0.029248 0.297876
vt 0.016626 0.297876
vt 0.202124 0.142627
vt 0.202124 0.155249
vt 0.189502 0.155249
vt 0.001001 0.297876
vt 0.013623 0.297876
vt 0.001001 0.310498
vt 0.029248 0.282251
vt 0.016626 0.282251
vt 0.016626 0.294873
vt 0.735376 0.872998
vt 0.735376 0.844751
vt 0.747998 0.844751
vt 0.001001 0.294873
vt 0.001001 0.282251
vt 0.013623 0.282251
vt 0.712940 0.998999
vt 0.717749 0.998999
vt 0.717749 0.986377
vt 0.728565 0.952124
vt 0.733374 0.952124
vt 0.733374 0.939502
vt 0.047876 0.310498
vt 0.047876 0.297876
vt 0.060498 0.297876
vt 0.185498 0.329126
vt 0.180689 0.329126
vt 0.180689 0.341748
vt 0.233374 0.283252
vt 0.233374 0.295874
vt 0.228565 0.295874
vt 0.677685 0.680689
vt 0.672876 0.680689
vt 0.672876 0.685498
vt 0.177685 0.329126
vt 0.172876 0.329126
vt 0.172876 0.341748
vt 0.133814 0.313501
vt 0.138623 0.313501
vt 0.133814 0.326123
vt 0.696314 0.907251
vt 0.701123 0.907251
vt 0.696314 0.935498
vt 0.983374 0.248999
vt 0.970752 0.248999
vt 0.983374 0.220752
vt 0.002002 0.967749
vt 0.014624 0.967749
vt 0.014624 0.939502
vt 0.892627 0.717749
vt 0.897436 0.717749
vt 0.897436 0.689502
vt 0.080127 0.936499
vt 0.092749 0.936499
vt 0.092749 0.908252
vt 0.732373 0.844751
vt 0.719751 0.844751
vt 0.719751 0.872998
vt 0.130810 0.313501
vt 0.126001 0.313501
vt 0.126001 0.326123
vt 0.032251 0.297876
vt 0.044873 0.297876
vt 0.032251 0.310498
vt 0.689502 0.952124
vt 0.694311 0.952124
vt 0.694311 0.939502
vt 0.712940 0.967749
vt 0.717749 0.967749
vt 0.717749 0.955127
vt 0.149439 0.313501
vt 0.154248 0.313501
vt 0.149439 0.326123
vt 0.170874 0.327124
vt 0.166065 0.327124
vt 0.170874 0.314502
vt 0.663061 0.936499
vt 0.658252 0.936499
vt 0.663061 0.908252
vt 0.123999 0.064502
vt 0.095752 0.092749
vt 0.123999 0.092749
vt 0.189502 0.623999
vt 0.217749 0.564502
vt 0.217749 0.623999
vt 0.123999 0.623999
vt 0.095752 0.623999
vt 0.123999 0.564502
vt 0.001001 0.247998
vt 0.001001 0.188501
vt 0.005810 0.188501
vt 0.842749 0.377002
vt 0.842749 0.405249
vt 0.814502 0.405249
vt 0.186499 0.623999
vt 0.186499 0.564502
vt 0.158252 0.623999
vt 0.061499 0.267627
vt 0.061499 0.280249
vt 0.048877 0.280249
vt 0.047876 0.282251
vt 0.047876 0.294873
vt 0.060498 0.282251
vt 0.217749 0.045874
vt 0.217749 0.033252
vt 0.205127 0.045874
vt 0.032251 0.294873
vt 0.044873 0.282251
vt 0.032251 0.282251
vt 0.139624 0.295874
vt 0.134815 0.295874
vt 0.139624 0.283252
vt 0.329126 0.079126
vt 0.329126 0.091748
vt 0.341748 0.079126
vt 0.326123 0.079126
vt 0.313501 0.091748
vt 0.313501 0.079126
vt 0.329126 0.076123
vt 0.329126 0.063501
vt 0.341748 0.063501
vt 0.146435 0.313501
vt 0.141626 0.326123
vt 0.141626 0.313501
vt 0.467749 0.873999
vt 0.467749 0.845752
vt 0.439502 0.873999
vt 0.045874 0.280249
vt 0.045874 0.267627
vt 0.033252 0.280249
vt 0.748999 0.845752
vt 0.736377 0.873999
vt 0.748999 0.873999
vt 0.923877 0.092749
vt 0.936499 0.092749
vt 0.936499 0.064502
vt 0.024439 0.188501
vt 0.029248 0.188501
vt 0.024439 0.247998
vt 0.983374 0.498999
vt 0.970752 0.498999
vt 0.983374 0.439502
vt 0.641626 0.813501
vt 0.654248 0.813501
vt 0.641626 0.841748
vt 0.626001 0.813501
vt 0.638623 0.813501
vt 0.626001 0.841748
vt 0.313501 0.063501
vt 0.326123 0.063501
vt 0.313501 0.076123
vt 0.248999 0.311499
vt 0.244190 0.311499
vt 0.248999 0.298877
vt 0.728565 0.998999
vt 0.733374 0.998999
vt 0.733374 0.986377
vt 0.685498 0.672876
vt 0.680689 0.677685
vt 0.680689 0.672876
vt 0.360376 0.079126
vt 0.360376 0.091748
vt 0.372998 0.079126
vt 0.133814 0.329126
vt 0.138623 0.329126
vt 0.133814 0.341748
vt 0.677685 0.672876
vt 0.672876 0.672876
vt 0.672876 0.677685
vt 0.126001 0.341748
vt 0.126001 0.329126
vt 0.130810 0.329126
vt 0.702124 0.967749
vt 0.697315 0.967749
vt 0.702124 0.955127
vt 0.357373 0.079126
vt 0.344751 0.079126
vt 0.344751 0.091748
vt 0.633814 0.669873
vt 0.633814 0.665064
vt 0.638623 0.665064
vt 0.360376 0.063501
vt 0.360376 0.076123
vt 0.372998 0.063501
vt 0.342749 0.936499
vt 0.342749 0.908252
vt 0.330127 0.936499
vt 0.844751 0.532251
vt 0.872998 0.532251
vt 0.844751 0.560498
vt 0.344751 0.063501
vt 0.344751 0.076123
vt 0.357373 0.063501
vt 0.154248 0.329126
vt 0.149439 0.341748
vt 0.149439 0.329126
vt 0.141626 0.329126
vt 0.146435 0.329126
vt 0.141626 0.341748
vt 0.873999 0.345752
vt 0.845752 0.373999
vt 0.873999 0.373999
vt 0.341748 0.110376
vt 0.329126 0.110376
vt 0.329126 0.122998
vt 0.688501 0.935498
vt 0.688501 0.907251
vt 0.693310 0.907251
vt 0.014624 0.358374
vt 0.002002 0.358374
vt 0.014624 0.345752
vt 0.733374 0.908252
vt 0.728565 0.936499
vt 0.733374 0.936499
vt 0.436499 0.814502
vt 0.436499 0.842749
vt 0.408252 0.842749
vt 0.064502 0.623999
vt 0.092749 0.623999
vt 0.092749 0.564502
vt 0.592749 0.248999
vt 0.564502 0.248999
vt 0.592749 0.189502
vt 0.798877 0.780249
vt 0.811499 0.780249
vt 0.811499 0.752002
vt 0.158252 0.061499
vt 0.170874 0.061499
vt 0.170874 0.048877
vt 0.716748 0.907251
vt 0.711939 0.935498
vt 0.711939 0.907251
vt 0.685498 0.813501
vt 0.672876 0.841748
vt 0.672876 0.813501
vt 0.733374 0.873999
vt 0.733374 0.845752
vt 0.720752 0.873999
vt 0.998999 0.717749
vt 0.994190 0.717749
vt 0.998999 0.689502
vt 0.064502 0.780249
vt 0.092749 0.752002
vt 0.092749 0.780249
vt 0.227564 0.344751
vt 0.227564 0.357373
vt 0.232373 0.344751
vt 0.704126 0.907251
vt 0.704126 0.935498
vt 0.708935 0.907251
vt 0.189502 0.748999
vt 0.248999 0.689502
vt 0.248999 0.748999
vt 0.908252 0.155249
vt 0.920874 0.127002
vt 0.920874 0.155249
vt 0.533252 0.248999
vt 0.561499 0.189502
vt 0.561499 0.248999
vt 0.219751 0.357373
vt 0.219751 0.344751
vt 0.224560 0.344751
vt 0.657251 0.841748
vt 0.669873 0.813501
vt 0.657251 0.813501
vt 0.030249 0.361377
vt 0.030249 0.373999
vt 0.017627 0.373999
vt 0.092749 0.283252
vt 0.092749 0.295874
vt 0.080127 0.295874
vt 0.795874 0.783252
vt 0.783252 0.811499
vt 0.795874 0.811499
vt 0.986377 0.655249
vt 0.991186 0.655249
vt 0.991186 0.627002
vt 0.702124 0.842749
vt 0.689502 0.842749
vt 0.702124 0.814502
vt 0.727564 0.876001
vt 0.727564 0.904248
vt 0.732373 0.876001
vt 0.626001 0.665064
vt 0.626001 0.669873
vt 0.630810 0.665064
vt 0.638623 0.657251
vt 0.633814 0.662060
vt 0.633814 0.657251
vt 0.626001 0.657251
vt 0.630810 0.657251
vt 0.626001 0.662060
vt 0.247998 0.344751
vt 0.243189 0.357373
vt 0.243189 0.344751
vt 0.240185 0.344751
vt 0.235376 0.357373
vt 0.235376 0.344751
vt 0.227564 0.360376
vt 0.227564 0.372998
vt 0.232373 0.360376
vt 0.219751 0.360376
vt 0.219751 0.372998
vt 0.224560 0.360376
vt 0.014624 0.361377
vt 0.014624 0.373999
vt 0.002002 0.373999
vt 0.283252 0.936499
vt 0.295874 0.908252
vt 0.295874 0.936499
vt 0.202124 0.217749
vt 0.202124 0.205127
vt 0.189502 0.217749
vt 0.014624 0.186499
vt 0.002002 0.186499
vt 0.014624 0.173877
vt 0.313501 0.110376
vt 0.326123 0.110376
vt 0.313501 0.122998
vt 0.220752 0.077124
vt 0.233374 0.077124
vt 0.233374 0.064502
vt 0.654248 0.665064
vt 0.649439 0.665064
vt 0.649439 0.669873
vt 0.654248 0.844751
vt 0.641626 0.872998
vt 0.641626 0.844751
vt 0.641626 0.665064
vt 0.641626 0.669873
vt 0.646435 0.665064
vt 0.329126 0.107373
vt 0.329126 0.094751
vt 0.341748 0.094751
vt 0.326123 0.094751
vt 0.313501 0.094751
vt 0.313501 0.107373
vt 0.360376 0.110376
vt 0.360376 0.122998
vt 0.372998 0.110376
vt 0.357373 0.110376
vt 0.344751 0.122998
vt 0.344751 0.110376
vt 0.247998 0.360376
vt 0.243189 0.372998
vt 0.243189 0.360376
vt 0.372998 0.094751
vt 0.360376 0.094751
vt 0.360376 0.107373
vt 0.002002 0.264624
vt 0.014624 0.264624
vt 0.014624 0.252002
vt 0.205127 0.030249
vt 0.217749 0.017627
vt 0.217749 0.030249
vt 0.357373 0.094751
vt 0.344751 0.094751
vt 0.344751 0.107373
vt 0.266626 0.079126
vt 0.266626 0.091748
vt 0.279248 0.079126
vt 0.626001 0.872998
vt 0.626001 0.844751
vt 0.638623 0.844751
vt 0.092749 0.033252
vt 0.092749 0.061499
vt 0.064502 0.061499
vt 0.719751 0.904248
vt 0.724560 0.876001
vt 0.719751 0.876001
vt 0.889624 0.689502
vt 0.889624 0.717749
vt 0.884815 0.717749
vt 0.654248 0.657251
vt 0.649439 0.657251
vt 0.649439 0.662060
vt 0.235376 0.360376
vt 0.240185 0.360376
vt 0.235376 0.372998
vt 0.743189 0.876001
vt 0.747998 0.876001
vt 0.743189 0.904248
vt 0.740185 0.876001
vt 0.735376 0.876001
vt 0.735376 0.904248
vt 0.251001 0.079126
vt 0.263623 0.079126
vt 0.251001 0.091748
vt 0.196314 0.357373
vt 0.201123 0.344751
vt 0.196314 0.344751
vt 0.694311 0.936499
vt 0.694311 0.908252
vt 0.689502 0.936499
vt 0.641626 0.657251
vt 0.646435 0.657251
vt 0.641626 0.662060
vt 0.748999 0.983374
vt 0.748999 0.970752
vt 0.744190 0.983374
vt 0.673877 0.670874
vt 0.678686 0.670874
vt 0.678686 0.666065
vt 0.633814 0.685498
vt 0.638623 0.680689
vt 0.633814 0.680689
vt 0.188501 0.344751
vt 0.193310 0.344751
vt 0.188501 0.357373
vt 0.408252 0.780249
vt 0.436499 0.752002
vt 0.436499 0.780249
vt 0.626001 0.685498
vt 0.630810 0.680689
vt 0.626001 0.680689
vt 0.633814 0.672876
vt 0.638623 0.672876
vt 0.633814 0.677685
vt 0.216748 0.344751
vt 0.211939 0.357373
vt 0.211939 0.344751
vt 0.217749 0.155249
vt 0.205127 0.155249
vt 0.217749 0.142627
vt 0.626001 0.677685
vt 0.630810 0.672876
vt 0.626001 0.672876
vt 0.881811 0.756811
vt 0.877002 0.756811
vt 0.881811 0.752002
vt 0.142627 0.967749
vt 0.155249 0.939502
vt 0.155249 0.967749
vt 0.208935 0.344751
vt 0.204126 0.357373
vt 0.204126 0.344751
vt 0.279248 0.063501
vt 0.266626 0.063501
vt 0.266626 0.076123
vt 0.061499 0.295874
vt 0.061499 0.283252
vt 0.048877 0.295874
vt 0.030249 0.139624
vt 0.017627 0.139624
vt 0.030249 0.127002
vt 0.897436 0.772436
vt 0.897436 0.767627
vt 0.892627 0.772436
vt 0.897436 0.756811
vt 0.892627 0.756811
vt 0.897436 0.752002
vt 0.251001 0.076123
vt 0.251001 0.063501
vt 0.263623 0.063501
vt 0.310498 0.079126
vt 0.297876 0.091748
vt 0.297876 0.079126
vt 0.672876 0.844751
vt 0.685498 0.844751
vt 0.672876 0.872998
vt 0.282251 0.079126
vt 0.282251 0.091748
vt 0.294873 0.079126
vt 0.196314 0.360376
vt 0.196314 0.372998
vt 0.201123 0.360376
vt 0.131811 0.373999
vt 0.131811 0.361377
vt 0.127002 0.373999
vt 0.014624 0.283252
vt 0.002002 0.295874
vt 0.014624 0.295874
vt 0.188501 0.360376
vt 0.193310 0.360376
vt 0.188501 0.372998
vt 0.211939 0.360376
vt 0.216748 0.360376
vt 0.211939 0.372998
vt 0.342749 0.080127
vt 0.330127 0.092749
vt 0.342749 0.092749
vt 0.045874 0.139624
vt 0.033252 0.139624
vt 0.045874 0.127002
vt 0.841748 0.532251
vt 0.813501 0.560498
vt 0.813501 0.532251
vt 0.872998 0.501001
vt 0.844751 0.501001
vt 0.844751 0.529248
vt 0.877002 0.311499
vt 0.889624 0.283252
vt 0.889624 0.311499
vt 0.186499 0.311499
vt 0.186499 0.298877
vt 0.181690 0.311499
vt 0.233374 0.017627
vt 0.233374 0.030249
vt 0.220752 0.030249
vt 0.204126 0.372998
vt 0.208935 0.360376
vt 0.204126 0.360376
vt 0.061499 0.358374
vt 0.061499 0.345752
vt 0.048877 0.358374
vt 0.202124 0.361377
vt 0.197315 0.373999
vt 0.202124 0.373999
vt 0.205127 0.108374
vt 0.217749 0.108374
vt 0.217749 0.095752
vt 0.189502 0.311499
vt 0.194311 0.311499
vt 0.194311 0.298877
vt 0.111377 0.967749
vt 0.123999 0.967749
vt 0.123999 0.939502
vt 0.202124 0.139624
vt 0.202124 0.127002
vt 0.189502 0.139624
vt 0.669873 0.844751
vt 0.657251 0.872998
vt 0.657251 0.844751
vt 0.297876 0.063501
vt 0.297876 0.076123
vt 0.310498 0.063501
vt 0.704126 0.751001
vt 0.704126 0.779248
vt 0.716748 0.751001
vt 0.170874 0.002002
vt 0.170874 0.014624
vt 0.158252 0.014624
vt 0.701123 0.751001
vt 0.688501 0.779248
vt 0.688501 0.751001
vt 0.780249 0.314502
vt 0.780249 0.342749
vt 0.752002 0.342749
vt 0.813501 0.529248
vt 0.813501 0.501001
vt 0.841748 0.501001
vt 0.747998 0.751001
vt 0.735376 0.751001
vt 0.735376 0.779248
vt 0.732373 0.751001
vt 0.719751 0.751001
vt 0.719751 0.779248
vt 0.655249 0.908252
vt 0.655249 0.936499
vt 0.650440 0.936499
vt 0.716748 0.782251
vt 0.704126 0.782251
vt 0.704126 0.810498
vt 0.892627 0.123999
vt 0.905249 0.123999
vt 0.905249 0.095752
vt 0.733374 0.905249
vt 0.733374 0.877002
vt 0.728565 0.905249
vt 0.282251 0.063501
vt 0.282251 0.076123
vt 0.294873 0.063501
vt 0.696314 0.904248
vt 0.696314 0.876001
vt 0.701123 0.876001
vt 0.998999 0.217749
vt 0.998999 0.189502
vt 0.986377 0.217749
vt 0.892627 0.061499
vt 0.905249 0.033252
vt 0.905249 0.061499
vt 0.227564 0.313501
vt 0.232373 0.313501
vt 0.227564 0.326123
vt 0.483374 0.908252
vt 0.470752 0.936499
vt 0.483374 0.936499
vt 0.092749 0.905249
vt 0.092749 0.877002
vt 0.080127 0.905249
vt 0.219751 0.326123
vt 0.224560 0.313501
vt 0.219751 0.313501
vt 0.627002 0.873999
vt 0.639624 0.845752
vt 0.639624 0.873999
vt 0.908252 0.623999
vt 0.920874 0.623999
vt 0.920874 0.564502
vt 0.693310 0.876001
vt 0.688501 0.876001
vt 0.688501 0.904248
vt 0.711939 0.904248
vt 0.711939 0.876001
vt 0.716748 0.876001
vt 0.655249 0.502002
vt 0.655249 0.530249
vt 0.627002 0.530249
vt 0.717749 0.845752
vt 0.717749 0.873999
vt 0.705127 0.873999
vt 0.842749 0.248999
vt 0.814502 0.248999
vt 0.842749 0.220752
vt 0.279248 0.110376
vt 0.266626 0.110376
vt 0.266626 0.122998
vt 0.782251 0.594751
vt 0.810498 0.594751
vt 0.782251 0.622998
vt 0.202124 0.077124
vt 0.202124 0.064502
vt 0.189502 0.077124
vt 0.686499 0.681690
vt 0.686499 0.686499
vt 0.681690 0.686499
vt 0.717749 0.908252
vt 0.712940 0.936499
vt 0.717749 0.936499
vt 0.247998 0.313501
vt 0.243189 0.313501
vt 0.243189 0.326123
vt 0.235376 0.326123
vt 0.235376 0.313501
vt 0.240185 0.313501
vt 0.263623 0.110376
vt 0.251001 0.122998
vt 0.251001 0.110376
vt 0.227564 0.341748
vt 0.232373 0.329126
vt 0.227564 0.329126
vt 0.873999 0.845752
vt 0.861377 0.873999
vt 0.873999 0.873999
vt 0.266626 0.094751
vt 0.266626 0.107373
vt 0.279248 0.094751
vt 0.939502 0.561499
vt 0.952124 0.502002
vt 0.952124 0.561499
vt 0.017627 0.186499
vt 0.030249 0.186499
vt 0.030249 0.173877
vt 0.688501 0.810498
vt 0.688501 0.782251
vt 0.701123 0.782251
vt 0.741186 0.908252
vt 0.736377 0.936499
vt 0.741186 0.936499
vt 0.747998 0.782251
vt 0.735376 0.810498
vt 0.735376 0.782251
vt 0.233374 0.217749
vt 0.233374 0.205127
vt 0.220752 0.217749
vt 0.224560 0.329126
vt 0.219751 0.341748
vt 0.219751 0.329126
vt 0.647436 0.908252
vt 0.642627 0.936499
vt 0.647436 0.936499
vt 0.702124 0.873999
vt 0.702124 0.845752
vt 0.689502 0.873999
vt 0.900440 0.655249
vt 0.905249 0.655249
vt 0.905249 0.627002
vt 0.998999 0.373999
vt 0.998999 0.345752
vt 0.986377 0.373999
vt 0.811499 0.467749
vt 0.811499 0.439502
vt 0.783252 0.467749
vt 0.155249 0.108374
vt 0.155249 0.095752
vt 0.142627 0.108374
vt 0.814502 0.061499
vt 0.842749 0.033252
vt 0.842749 0.061499
vt 0.719751 0.782251
vt 0.719751 0.810498
vt 0.732373 0.782251
vt 0.751001 0.594751
vt 0.779248 0.594751
vt 0.751001 0.622998
vt 0.782251 0.591748
vt 0.782251 0.563501
vt 0.810498 0.563501
vt 0.889624 0.123999
vt 0.877002 0.123999
vt 0.889624 0.095752
vt 0.139624 0.967749
vt 0.127002 0.967749
vt 0.139624 0.939502
vt 0.243189 0.341748
vt 0.243189 0.329126
vt 0.247998 0.329126
vt 0.641626 0.751001
vt 0.641626 0.779248
vt 0.654248 0.751001
vt 0.905249 0.498999
vt 0.892627 0.498999
vt 0.905249 0.439502
vt 0.498999 0.842749
vt 0.470752 0.842749
vt 0.498999 0.814502
vt 0.638623 0.751001
vt 0.626001 0.751001
vt 0.626001 0.779248
vt 0.873999 0.470752
vt 0.845752 0.498999
vt 0.873999 0.498999
vt 0.389624 0.936499
vt 0.377002 0.936499
vt 0.389624 0.908252
vt 0.936499 0.158252
vt 0.936499 0.186499
vt 0.923877 0.186499
vt 0.733374 0.842749
vt 0.733374 0.814502
vt 0.720752 0.842749
vt 0.649439 0.680689
vt 0.649439 0.685498
vt 0.654248 0.680689
vt 0.641626 0.680689
vt 0.646435 0.680689
vt 0.641626 0.685498
vt 0.236377 0.327124
vt 0.241186 0.314502
vt 0.241186 0.327124
vt 0.923877 0.655249
vt 0.928686 0.627002
vt 0.928686 0.655249
vt 0.240185 0.329126
vt 0.235376 0.341748
vt 0.235376 0.329126
vt 0.196314 0.313501
vt 0.196314 0.326123
vt 0.201123 0.313501
vt 0.672876 0.751001
vt 0.685498 0.751001
vt 0.672876 0.779248
vt 0.939502 0.655249
vt 0.944311 0.655249
vt 0.944311 0.627002
vt 0.669873 0.751001
vt 0.657251 0.751001
vt 0.657251 0.779248
vt 0.670874 0.967749
vt 0.670874 0.955127
vt 0.666065 0.967749
vt 0.686499 0.967749
vt 0.686499 0.955127
vt 0.681690 0.967749
vt 0.498999 0.783252
vt 0.470752 0.811499
vt 0.498999 0.811499
vt 0.642627 0.905249
vt 0.647436 0.877002
vt 0.647436 0.905249
vt 0.811499 0.342749
vt 0.783252 0.342749
vt 0.811499 0.314502
vt 0.267627 0.967749
vt 0.280249 0.967749
vt 0.280249 0.939502
vt 0.720752 0.936499
vt 0.725561 0.936499
vt 0.725561 0.908252
vt 0.686499 0.530249
vt 0.658252 0.530249
vt 0.686499 0.502002
vt 0.751001 0.563501
vt 0.751001 0.591748
vt 0.779248 0.563501
vt 0.702124 0.783252
vt 0.702124 0.811499
vt 0.689502 0.811499
vt 0.561499 0.720752
vt 0.561499 0.748999
vt 0.533252 0.748999
vt 0.251001 0.094751
vt 0.251001 0.107373
vt 0.263623 0.094751
vt 0.872998 0.594751
vt 0.844751 0.622998
vt 0.844751 0.594751
vt 0.193310 0.313501
vt 0.188501 0.326123
vt 0.188501 0.313501
vt 0.241186 0.358374
vt 0.236377 0.358374
vt 0.241186 0.345752
vt 0.217749 0.233374
vt 0.217749 0.220752
vt 0.205127 0.233374
vt 0.295874 0.970752
vt 0.295874 0.998999
vt 0.283252 0.998999
vt 0.211939 0.313501
vt 0.211939 0.326123
vt 0.216748 0.313501
vt 0.467749 0.783252
vt 0.467749 0.811499
vt 0.439502 0.811499
vt 0.408252 0.873999
vt 0.436499 0.845752
vt 0.436499 0.873999
vt 0.752002 0.561499
vt 0.780249 0.561499
vt 0.780249 0.533252
vt 0.813501 0.622998
vt 0.813501 0.594751
vt 0.841748 0.594751
vt 0.872998 0.563501
vt 0.844751 0.591748
vt 0.844751 0.563501
vt 0.228565 0.342749
vt 0.233374 0.342749
vt 0.233374 0.330127
vt 0.208935 0.313501
vt 0.204126 0.313501
vt 0.204126 0.326123
vt 0.998999 0.061499
vt 0.986377 0.061499
vt 0.998999 0.033252
vt 0.892627 0.373999
vt 0.905249 0.373999
vt 0.905249 0.345752
vt 0.654248 0.782251
vt 0.641626 0.810498
vt 0.641626 0.782251
vt 0.297876 0.110376
vt 0.297876 0.122998
vt 0.310498 0.110376
vt 0.626001 0.782251
vt 0.638623 0.782251
vt 0.626001 0.810498
vt 0.939502 0.748999
vt 0.944311 0.720752
vt 0.944311 0.748999
vt 0.189502 0.561499
vt 0.217749 0.502002
vt 0.217749 0.561499
vt 0.672876 0.782251
vt 0.672876 0.810498
vt 0.685498 0.782251
vt 0.592749 0.002002
vt 0.592749 0.061499
vt 0.564502 0.061499
vt 0.502002 0.248999
vt 0.530249 0.189502
vt 0.530249 0.248999
vt 0.280249 0.623999
vt 0.252002 0.623999
vt 0.280249 0.564502
vt 0.282251 0.122998
vt 0.282251 0.110376
vt 0.294873 0.110376
vt 0.530249 0.123999
vt 0.530249 0.064502
vt 0.502002 0.123999
vt 0.196314 0.329126
vt 0.201123 0.329126
vt 0.196314 0.341748
vt 0.297876 0.094751
vt 0.310498 0.094751
vt 0.297876 0.107373
vt 0.952124 0.095752
vt 0.939502 0.123999
vt 0.952124 0.123999
vt 0.841748 0.563501
vt 0.813501 0.563501
vt 0.813501 0.591748
vt 0.342749 0.814502
vt 0.314502 0.842749
vt 0.342749 0.842749
vt 0.092749 0.842749
vt 0.064502 0.842749
vt 0.092749 0.814502
vt 0.873999 0.564502
vt 0.845752 0.592749
vt 0.873999 0.592749
vt 0.532251 0.782251
vt 0.560498 0.782251
vt 0.532251 0.810498
vt 0.623999 0.186499
vt 0.595752 0.186499
vt 0.623999 0.127002
vt 0.928686 0.686499
vt 0.923877 0.686499
vt 0.928686 0.658252
vt 0.704126 0.904248
vt 0.708935 0.876001
vt 0.704126 0.876001
vt 0.561499 0.783252
vt 0.533252 0.811499
vt 0.561499 0.811499
vt 0.189502 0.327124
vt 0.194311 0.314502
vt 0.194311 0.327124
vt 0.188501 0.329126
vt 0.188501 0.341748
vt 0.193310 0.329126
vt 0.217749 0.295874
vt 0.217749 0.283252
vt 0.212940 0.295874
vt 0.170874 0.233374
vt 0.158252 0.233374
vt 0.170874 0.220752
vt 0.654248 0.672876
vt 0.649439 0.677685
vt 0.649439 0.672876
vt 0.646435 0.672876
vt 0.641626 0.677685
vt 0.641626 0.672876
vt 0.889624 0.092749
vt 0.889624 0.064502
vt 0.877002 0.092749
vt 0.665064 0.638623
vt 0.669873 0.633814
vt 0.665064 0.633814
vt 0.665064 0.997998
vt 0.669873 0.969751
vt 0.665064 0.969751
vt 0.657251 0.633814
vt 0.657251 0.638623
vt 0.662060 0.633814
vt 0.881811 0.658252
vt 0.877002 0.686499
vt 0.881811 0.686499
vt 0.736377 0.967749
vt 0.741186 0.955127
vt 0.741186 0.967749
vt 0.282251 0.094751
vt 0.282251 0.107373
vt 0.294873 0.094751
vt 0.211939 0.329126
vt 0.216748 0.329126
vt 0.211939 0.341748
vt 0.204126 0.329126
vt 0.204126 0.341748
vt 0.208935 0.329126
vt 0.748999 0.752002
vt 0.748999 0.780249
vt 0.736377 0.780249
vt 0.220752 0.155249
vt 0.233374 0.142627
vt 0.233374 0.155249
vt 0.669873 0.626001
vt 0.665064 0.626001
vt 0.665064 0.630810
vt 0.290064 0.157251
vt 0.294873 0.157251
vt 0.290064 0.169873
vt 0.127002 0.061499
vt 0.139624 0.048877
vt 0.139624 0.061499
vt 0.783252 0.123999
vt 0.811499 0.123999
vt 0.811499 0.095752
vt 0.236377 0.280249
vt 0.241186 0.267627
vt 0.241186 0.280249
vt 0.764624 0.814502
vt 0.752002 0.842749
vt 0.764624 0.842749
vt 0.780249 0.905249
vt 0.775440 0.905249
vt 0.780249 0.900440
vt 0.329126 0.029248
vt 0.341748 0.016626
vt 0.329126 0.016626
vt 0.377002 0.780249
vt 0.405249 0.780249
vt 0.405249 0.752002
vt 0.282251 0.157251
vt 0.287060 0.157251
vt 0.282251 0.169873
vt 0.217749 0.205127
vt 0.205127 0.217749
vt 0.217749 0.217749
vt 0.662060 0.626001
vt 0.657251 0.630810
vt 0.657251 0.626001
vt 0.772436 0.881811
vt 0.772436 0.877002
vt 0.767627 0.881811
vt 0.670874 0.678686
vt 0.670874 0.673877
vt 0.666065 0.678686
vt 0.313501 0.029248
vt 0.326123 0.016626
vt 0.313501 0.016626
vt 0.529248 0.782251
vt 0.501001 0.810498
vt 0.501001 0.782251
vt 0.748999 0.498999
vt 0.720752 0.498999
vt 0.748999 0.470752
vt 0.592749 0.748999
vt 0.564502 0.748999
vt 0.592749 0.720752
vt 0.532251 0.779248
vt 0.532251 0.751001
vt 0.560498 0.751001
vt 0.717749 0.530249
vt 0.717749 0.502002
vt 0.689502 0.530249
vt 0.061499 0.814502
vt 0.061499 0.842749
vt 0.033252 0.842749
vt 0.501001 0.779248
vt 0.529248 0.751001
vt 0.501001 0.751001
vt 0.439502 0.717749
vt 0.467749 0.717749
vt 0.467749 0.689502
vt 0.163061 0.298877
vt 0.163061 0.311499
vt 0.158252 0.311499
vt 0.150440 0.264624
vt 0.155249 0.252002
vt 0.155249 0.264624
vt 0.329126 0.013623
vt 0.341748 0.001001
vt 0.329126 0.001001
vt 0.163061 0.373999
vt 0.158252 0.373999
vt 0.163061 0.361377
vt 0.305689 0.169873
vt 0.305689 0.157251
vt 0.310498 0.157251
vt 0.655249 0.873999
vt 0.642627 0.873999
vt 0.655249 0.845752
vt 0.631811 0.955127
vt 0.631811 0.967749
vt 0.627002 0.967749
vt 0.178686 0.330127
vt 0.178686 0.342749
vt 0.173877 0.342749
vt 0.748999 0.561499
vt 0.748999 0.533252
vt 0.720752 0.561499
vt 0.952124 0.689502
vt 0.947315 0.717749
vt 0.952124 0.717749
vt 0.657251 0.969751
vt 0.662060 0.969751
vt 0.657251 0.997998
vt 0.686499 0.811499
vt 0.686499 0.783252
vt 0.673877 0.811499
vt 0.680689 0.638623
vt 0.680689 0.633814
vt 0.685498 0.633814
vt 0.657251 0.782251
vt 0.657251 0.810498
vt 0.669873 0.782251
vt 0.672876 0.633814
vt 0.677685 0.633814
vt 0.672876 0.638623
vt 0.186499 0.345752
vt 0.181690 0.358374
vt 0.186499 0.358374
vt 0.297876 0.157251
vt 0.297876 0.169873
vt 0.302685 0.157251
vt 0.814502 0.811499
vt 0.827124 0.783252
vt 0.827124 0.811499
vt 0.288061 0.170874
vt 0.283252 0.170874
vt 0.288061 0.158252
vt 0.342749 0.111377
vt 0.342749 0.123999
vt 0.330127 0.123999
vt 0.680689 0.969751
vt 0.680689 0.997998
vt 0.685498 0.969751
vt 0.326123 0.001001
vt 0.313501 0.001001
vt 0.313501 0.013623
vt 0.986377 0.311499
vt 0.998999 0.283252
vt 0.998999 0.311499
vt 0.811499 0.436499
vt 0.811499 0.408252
vt 0.783252 0.436499
vt 0.202124 0.236377
vt 0.202124 0.248999
vt 0.189502 0.248999
vt 0.658252 0.842749
vt 0.670874 0.842749
vt 0.670874 0.814502
vt 0.658252 0.780249
vt 0.670874 0.780249
vt 0.670874 0.752002
vt 0.889624 0.858374
vt 0.889624 0.853565
vt 0.884815 0.858374
vt 0.672876 0.997998
vt 0.672876 0.969751
vt 0.677685 0.969751
vt 0.702124 0.905249
vt 0.702124 0.877002
vt 0.697315 0.905249
vt 0.327124 0.877002
vt 0.327124 0.905249
vt 0.314502 0.905249
vt 0.936499 0.686499
vt 0.931690 0.686499
vt 0.936499 0.658252
vt 0.467749 0.752002
vt 0.439502 0.780249
vt 0.467749 0.780249
vt 0.280249 0.123999
vt 0.267627 0.123999
vt 0.280249 0.111377
vt 0.092749 0.092749
vt 0.064502 0.092749
vt 0.092749 0.064502
vt 0.841748 0.688501
vt 0.829126 0.716748
vt 0.829126 0.688501
vt 0.045874 0.142627
vt 0.045874 0.155249
vt 0.033252 0.155249
vt 0.220752 0.280249
vt 0.225561 0.267627
vt 0.225561 0.280249
vt 0.294873 0.172876
vt 0.290064 0.172876
vt 0.290064 0.185498
vt 0.327124 0.014624
vt 0.314502 0.014624
vt 0.327124 0.002002
vt 0.372998 0.016626
vt 0.360376 0.029248
vt 0.360376 0.016626
vt 0.264624 0.967749
vt 0.264624 0.939502
vt 0.252002 0.967749
vt 0.282251 0.172876
vt 0.282251 0.185498
vt 0.287060 0.172876
vt 0.305689 0.185498
vt 0.310498 0.172876
vt 0.305689 0.172876
vt 0.685498 0.626001
vt 0.680689 0.630810
vt 0.680689 0.626001
vt 0.830127 0.842749
vt 0.842749 0.842749
vt 0.842749 0.814502
vt 0.970752 0.717749
vt 0.975561 0.717749
vt 0.975561 0.689502
vt 0.302685 0.172876
vt 0.297876 0.172876
vt 0.297876 0.185498
vt 0.813501 0.716748
vt 0.813501 0.688501
vt 0.826123 0.688501
vt 0.236377 0.217749
vt 0.248999 0.217749
vt 0.248999 0.205127
vt 0.311499 0.780249
vt 0.311499 0.752002
vt 0.283252 0.780249
vt 0.860376 0.716748
vt 0.872998 0.688501
vt 0.860376 0.688501
vt 0.303686 0.186499
vt 0.298877 0.186499
vt 0.303686 0.173877
vt 0.344751 0.029248
vt 0.344751 0.016626
vt 0.357373 0.016626
vt 0.678686 0.639624
vt 0.673877 0.639624
vt 0.678686 0.634815
vt 0.725561 0.986377
vt 0.720752 0.998999
vt 0.725561 0.998999
vt 0.155249 0.342749
vt 0.150440 0.342749
vt 0.155249 0.330127
vt 0.814502 0.030249
vt 0.842749 0.002002
vt 0.842749 0.030249
vt 0.258814 0.157251
vt 0.263623 0.157251
vt 0.258814 0.169873
vt 0.967749 0.502002
vt 0.967749 0.561499
vt 0.955127 0.561499
vt 0.251001 0.157251
vt 0.251001 0.169873
vt 0.255810 0.157251
vt 0.358374 0.111377
vt 0.345752 0.123999
vt 0.358374 0.123999
vt 0.677685 0.626001
vt 0.672876 0.630810
vt 0.672876 0.626001
vt 0.274439 0.157251
vt 0.279248 0.157251
vt 0.274439 0.169873
vt 0.936499 0.252002
vt 0.936499 0.280249
vt 0.923877 0.280249
vt 0.634815 0.905249
vt 0.639624 0.877002
vt 0.639624 0.905249
vt 0.248999 0.970752
vt 0.248999 0.998999
vt 0.236377 0.998999
vt 0.983374 0.123999
vt 0.970752 0.123999
vt 0.983374 0.095752
vt 0.686499 0.814502
vt 0.673877 0.842749
vt 0.686499 0.842749
vt 0.725561 0.905249
vt 0.720752 0.905249
vt 0.725561 0.877002
vt 0.655249 0.811499
vt 0.655249 0.783252
vt 0.642627 0.811499
vt 0.631811 0.877002
vt 0.631811 0.905249
vt 0.627002 0.905249
vt 0.360376 0.001001
vt 0.360376 0.013623
vt 0.372998 0.001001
vt 0.795874 0.842749
vt 0.795874 0.814502
vt 0.783252 0.842749
vt 0.158252 0.077124
vt 0.170874 0.064502
vt 0.170874 0.077124
vt 0.344751 0.013623
vt 0.357373 0.001001
vt 0.344751 0.001001
vt 0.329126 0.047876
vt 0.329126 0.060498
vt 0.341748 0.047876
vt 0.313501 0.060498
vt 0.326123 0.047876
vt 0.313501 0.047876
vt 0.202124 0.002002
vt 0.189502 0.014624
vt 0.202124 0.014624
vt 0.186499 0.064502
vt 0.173877 0.077124
vt 0.186499 0.077124
vt 0.311499 0.998999
vt 0.311499 0.970752
vt 0.298877 0.998999
vt 0.733374 0.780249
vt 0.720752 0.780249
vt 0.733374 0.752002
vt 0.858374 0.780249
vt 0.858374 0.752002
vt 0.845752 0.780249
vt 0.064502 0.998999
vt 0.077124 0.998999
vt 0.077124 0.970752
vt 0.780249 0.530249
vt 0.780249 0.502002
vt 0.752002 0.530249
vt 0.842749 0.533252
vt 0.842749 0.561499
vt 0.814502 0.561499
vt 0.594751 0.782251
vt 0.594751 0.810498
vt 0.622998 0.782251
vt 0.842749 0.311499
vt 0.842749 0.283252
vt 0.814502 0.311499
vt 0.905249 0.217749
vt 0.892627 0.217749
vt 0.905249 0.189502
vt 0.876001 0.497998
vt 0.888623 0.438501
vt 0.876001 0.438501
vt 0.155249 0.502002
vt 0.155249 0.561499
vt 0.127002 0.561499
vt 0.923877 0.030249
vt 0.936499 0.030249
vt 0.936499 0.002002
vt 0.344751 0.563501
vt 0.344751 0.622998
vt 0.372998 0.563501
vt 0.844751 0.716748
vt 0.857373 0.688501
vt 0.844751 0.688501
vt 0.342749 0.030249
vt 0.342749 0.017627
vt 0.330127 0.030249
vt 0.439502 0.311499
vt 0.467749 0.252002
vt 0.467749 0.311499
vt 0.155249 0.092749
vt 0.142627 0.092749
vt 0.155249 0.080127
vt 0.665064 0.654248
vt 0.669873 0.649439
vt 0.665064 0.649439
vt 0.657251 0.654248
vt 0.662060 0.649439
vt 0.657251 0.649439
vt 0.665064 0.641626
vt 0.665064 0.646435
vt 0.669873 0.641626
vt 0.657251 0.641626
vt 0.657251 0.646435
vt 0.662060 0.641626
vt 0.647436 0.686499
vt 0.642627 0.686499
vt 0.647436 0.681690
vt 0.685498 0.649439
vt 0.680689 0.654248
vt 0.680689 0.649439
vt 0.686499 0.655249
vt 0.686499 0.650440
vt 0.681690 0.655249
vt 0.677685 0.649439
vt 0.672876 0.649439
vt 0.672876 0.654248
vt 0.705127 0.952124
vt 0.709936 0.939502
vt 0.709936 0.952124
vt 0.650440 0.670874
vt 0.655249 0.670874
vt 0.655249 0.666065
vt 0.680689 0.646435
vt 0.685498 0.641626
vt 0.680689 0.641626
vt 0.670874 0.686499
vt 0.666065 0.686499
vt 0.670874 0.681690
vt 0.677685 0.641626
vt 0.672876 0.646435
vt 0.672876 0.641626
vt 0.638623 0.633814
vt 0.633814 0.638623
vt 0.633814 0.633814
vt 0.759815 0.905249
vt 0.764624 0.900440
vt 0.764624 0.905249
vt 0.341748 0.032251
vt 0.329126 0.032251
vt 0.329126 0.044873
vt 0.313501 0.044873
vt 0.326123 0.032251
vt 0.313501 0.032251
vt 0.266626 0.157251
vt 0.266626 0.169873
vt 0.271435 0.157251
vt 0.189502 0.170874
vt 0.202124 0.170874
vt 0.202124 0.158252
vt 0.827124 0.780249
vt 0.827124 0.752002
vt 0.814502 0.780249
vt 0.202124 0.345752
vt 0.202124 0.358374
vt 0.197315 0.358374
vt 0.842749 0.467749
vt 0.814502 0.467749
vt 0.842749 0.439502
vt 0.209936 0.345752
vt 0.209936 0.358374
vt 0.205127 0.358374
vt 0.158252 0.092749
vt 0.170874 0.080127
vt 0.170874 0.092749
vt 0.258814 0.185498
vt 0.263623 0.172876
vt 0.258814 0.172876
vt 0.095752 0.373999
vt 0.108374 0.361377
vt 0.108374 0.373999
vt 0.744190 0.967749
vt 0.748999 0.955127
vt 0.748999 0.967749
vt 0.626001 0.633814
vt 0.630810 0.633814
vt 0.626001 0.638623
vt 0.633814 0.626001
vt 0.638623 0.626001
vt 0.633814 0.630810
vt 0.626001 0.626001
vt 0.630810 0.626001
vt 0.626001 0.630810
vt 0.627002 0.678686
vt 0.631811 0.673877
vt 0.631811 0.678686
vt 0.649439 0.633814
vt 0.649439 0.638623
vt 0.654248 0.633814
vt 0.646435 0.633814
vt 0.641626 0.638623
vt 0.641626 0.633814
vt 0.155249 0.142627
vt 0.142627 0.155249
vt 0.155249 0.155249
vt 0.717749 0.752002
vt 0.705127 0.780249
vt 0.717749 0.780249
vt 0.225561 0.358374
vt 0.225561 0.345752
vt 0.220752 0.358374
vt 0.255810 0.172876
vt 0.251001 0.185498
vt 0.251001 0.172876
vt 0.264624 0.108374
vt 0.252002 0.108374
vt 0.264624 0.095752
vt 0.649439 0.630810
vt 0.649439 0.626001
vt 0.654248 0.626001
vt 0.638623 0.969751
vt 0.633814 0.969751
vt 0.633814 0.997998
vt 0.967749 0.717749
vt 0.967749 0.689502
vt 0.962940 0.717749
vt 0.016626 0.188501
vt 0.016626 0.247998
vt 0.021435 0.188501
vt 0.048877 0.139624
vt 0.061499 0.127002
vt 0.061499 0.139624
vt 0.279248 0.172876
vt 0.274439 0.172876
vt 0.274439 0.185498
vt 0.228565 0.373999
vt 0.233374 0.373999
vt 0.233374 0.361377
vt 0.962940 0.748999
vt 0.967749 0.720752
vt 0.967749 0.748999
vt 0.955127 0.280249
vt 0.967749 0.252002
vt 0.967749 0.280249
vt 0.970752 0.686499
vt 0.975561 0.686499
vt 0.975561 0.658252
vt 0.829126 0.719751
vt 0.841748 0.719751
vt 0.829126 0.747998
vt 0.061499 0.248999
vt 0.061499 0.189502
vt 0.056690 0.248999
vt 0.533252 0.936499
vt 0.545874 0.877002
vt 0.545874 0.936499
vt 0.092749 0.186499
vt 0.092749 0.127002
vt 0.087940 0.186499
vt 0.271435 0.172876
vt 0.266626 0.185498
vt 0.266626 0.172876
vt 0.361377 0.014624
vt 0.373999 0.014624
vt 0.373999 0.002002
vt 0.061499 0.298877
vt 0.048877 0.311499
vt 0.061499 0.311499
vt 0.228565 0.280249
vt 0.233374 0.267627
vt 0.233374 0.280249
vt 0.127002 0.342749
vt 0.131811 0.342749
vt 0.131811 0.330127
vt 0.360376 0.060498
vt 0.372998 0.047876
vt 0.360376 0.047876
vt 0.252002 0.123999
vt 0.264624 0.111377
vt 0.264624 0.123999
vt 0.248999 0.327124
vt 0.248999 0.314502
vt 0.244190 0.327124
vt 0.858374 0.811499
vt 0.845752 0.811499
vt 0.858374 0.783252
vt 0.290064 0.138623
vt 0.294873 0.126001
vt 0.290064 0.126001
vt 0.646435 0.626001
vt 0.641626 0.626001
vt 0.641626 0.630810
vt 0.889624 0.189502
vt 0.877002 0.217749
vt 0.889624 0.217749
vt 0.282251 0.126001
vt 0.282251 0.138623
vt 0.287060 0.126001
vt 0.638623 0.649439
vt 0.633814 0.654248
vt 0.633814 0.649439
vt 0.889624 0.850561
vt 0.884815 0.850561
vt 0.889624 0.845752
vt 0.959936 0.720752
vt 0.959936 0.748999
vt 0.955127 0.748999
vt 0.344751 0.060498
vt 0.357373 0.047876
vt 0.344751 0.047876
vt 0.305689 0.126001
vt 0.310498 0.126001
vt 0.305689 0.138623
vt 0.030249 0.264624
vt 0.030249 0.252002
vt 0.017627 0.264624
vt 0.813501 0.719751
vt 0.813501 0.747998
vt 0.826123 0.719751
vt 0.360376 0.032251
vt 0.372998 0.032251
vt 0.360376 0.044873
vt 0.344751 0.032251
vt 0.344751 0.044873
vt 0.357373 0.032251
vt 0.111377 0.373999
vt 0.123999 0.373999
vt 0.123999 0.361377
vt 0.373999 0.123999
vt 0.361377 0.123999
vt 0.373999 0.111377
vt 0.030249 0.327124
vt 0.017627 0.327124
vt 0.030249 0.314502
vt 0.266626 0.029248
vt 0.266626 0.016626
vt 0.279248 0.016626
vt 0.373999 0.845752
vt 0.373999 0.873999
vt 0.345752 0.873999
vt 0.251001 0.029248
vt 0.251001 0.016626
vt 0.263623 0.016626
vt 0.283252 0.077124
vt 0.295874 0.077124
vt 0.295874 0.064502
vt 0.279248 0.001001
vt 0.266626 0.001001
vt 0.266626 0.013623
vt 0.189502 0.264624
vt 0.194311 0.252002
vt 0.194311 0.264624
vt 0.280249 0.077124
vt 0.267627 0.077124
vt 0.280249 0.064502
vt 0.045874 0.311499
vt 0.045874 0.298877
vt 0.033252 0.311499
vt 0.186499 0.202124
vt 0.173877 0.202124
vt 0.186499 0.189502
vt 0.095752 0.780249
vt 0.123999 0.752002
vt 0.123999 0.780249
vt 0.830127 0.748999
vt 0.842749 0.720752
vt 0.842749 0.748999
vt 0.626001 0.654248
vt 0.626001 0.649439
vt 0.630810 0.649439
vt 0.297876 0.126001
vt 0.302685 0.126001
vt 0.297876 0.138623
vt 0.294873 0.141626
vt 0.290064 0.141626
vt 0.290064 0.154248
vt 0.155249 0.373999
vt 0.150440 0.373999
vt 0.155249 0.361377
vt 0.638623 0.641626
vt 0.633814 0.646435
vt 0.633814 0.641626
vt 0.983374 0.436499
vt 0.970752 0.436499
vt 0.983374 0.408252
vt 0.030249 0.248999
vt 0.025440 0.248999
vt 0.030249 0.189502
vt 0.922876 0.497998
vt 0.935498 0.438501
vt 0.922876 0.438501
vt 0.282251 0.154248
vt 0.287060 0.141626
vt 0.282251 0.141626
vt 0.248999 0.358374
vt 0.248999 0.345752
vt 0.244190 0.358374
vt 0.630810 0.641626
vt 0.626001 0.641626
vt 0.626001 0.646435
vt 0.241186 0.330127
vt 0.241186 0.342749
vt 0.236377 0.342749
vt 0.373999 0.108374
vt 0.361377 0.108374
vt 0.373999 0.095752
vt 0.650440 0.678686
vt 0.655249 0.678686
vt 0.655249 0.673877
vt 0.310498 0.141626
vt 0.305689 0.154248
vt 0.305689 0.141626
vt 0.030249 0.267627
vt 0.017627 0.280249
vt 0.030249 0.280249
vt 0.295874 0.170874
vt 0.295874 0.158252
vt 0.291065 0.170874
vt 0.314502 0.936499
vt 0.327124 0.908252
vt 0.327124 0.936499
vt 0.297876 0.154248
vt 0.297876 0.141626
vt 0.302685 0.141626
vt 0.092749 0.373999
vt 0.092749 0.361377
vt 0.080127 0.373999
vt 0.127002 0.623999
vt 0.155249 0.564502
vt 0.155249 0.623999
vt 0.311499 0.123999
vt 0.311499 0.111377
vt 0.298877 0.123999
vt 0.811499 0.502002
vt 0.811499 0.530249
vt 0.783252 0.530249
vt 0.872998 0.719751
vt 0.860376 0.747998
vt 0.860376 0.719751
vt 0.251001 0.013623
vt 0.251001 0.001001
vt 0.263623 0.001001
vt 0.258814 0.138623
vt 0.258814 0.126001
vt 0.263623 0.126001
vt 0.310498 0.016626
vt 0.297876 0.029248
vt 0.297876 0.016626
vt 0.654248 0.649439
vt 0.649439 0.649439
vt 0.649439 0.654248
vt 0.217749 0.264624
vt 0.217749 0.252002
vt 0.212940 0.264624
vt 0.646435 0.649439
vt 0.641626 0.654248
vt 0.641626 0.649439
vt 0.282251 0.029248
vt 0.282251 0.016626
vt 0.294873 0.016626
vt 0.155249 0.358374
vt 0.150440 0.358374
vt 0.155249 0.345752
vt 0.220752 0.327124
vt 0.225561 0.327124
vt 0.225561 0.314502
vt 0.649439 0.641626
vt 0.654248 0.641626
vt 0.649439 0.646435
vt 0.251001 0.138623
vt 0.255810 0.126001
vt 0.251001 0.126001
vt 0.297876 0.013623
vt 0.310498 0.001001
vt 0.297876 0.001001
vt 0.045874 0.158252
vt 0.033252 0.170874
vt 0.045874 0.170874
vt 0.291065 0.155249
vt 0.295874 0.142627
vt 0.295874 0.155249
vt 0.705127 0.905249
vt 0.709936 0.877002
vt 0.709936 0.905249
vt 0.045874 0.248999
vt 0.041065 0.248999
vt 0.045874 0.189502
vt 0.897436 0.764624
vt 0.897436 0.759815
vt 0.892627 0.764624
vt 0.952124 0.498999
vt 0.939502 0.498999
vt 0.952124 0.439502
vt 0.313501 0.563501
vt 0.313501 0.622998
vt 0.341748 0.563501
vt 0.641626 0.641626
vt 0.646435 0.641626
vt 0.641626 0.646435
vt 0.655249 0.663061
vt 0.650440 0.663061
vt 0.655249 0.658252
vt 0.248999 0.361377
vt 0.244190 0.373999
vt 0.248999 0.373999
vt 0.282251 0.001001
vt 0.282251 0.013623
vt 0.294873 0.001001
vt 0.311499 0.014624
vt 0.298877 0.014624
vt 0.311499 0.002002
vt 0.727564 0.665064
vt 0.727564 0.669873
vt 0.732373 0.665064
vt 0.719751 0.665064
vt 0.724560 0.665064
vt 0.719751 0.669873
vt 0.670874 0.998999
vt 0.670874 0.970752
vt 0.666065 0.998999
vt 0.727564 0.657251
vt 0.732373 0.657251
vt 0.727564 0.662060
vt 0.274439 0.138623
vt 0.279248 0.126001
vt 0.274439 0.126001
vt 0.889624 0.498999
vt 0.889624 0.439502
vt 0.877002 0.498999
vt 0.719751 0.657251
vt 0.719751 0.662060
vt 0.724560 0.657251
vt 0.670874 0.663061
vt 0.670874 0.658252
vt 0.666065 0.663061
vt 0.639624 0.631811
vt 0.639624 0.627002
vt 0.634815 0.631811
vt 0.314502 0.092749
vt 0.327124 0.092749
vt 0.327124 0.080127
vt 0.266626 0.060498
vt 0.266626 0.047876
vt 0.279248 0.047876
vt 0.236377 0.108374
vt 0.248999 0.095752
vt 0.248999 0.108374
vt 0.844751 0.747998
vt 0.844751 0.719751
vt 0.857373 0.719751
vt 0.077124 0.905249
vt 0.077124 0.877002
vt 0.064502 0.905249
vt 0.658252 0.670874
vt 0.663061 0.666065
vt 0.663061 0.670874
vt 0.263623 0.047876
vt 0.251001 0.060498
vt 0.251001 0.047876
vt 0.186499 0.002002
vt 0.186499 0.014624
vt 0.173877 0.014624
vt 0.205127 0.327124
vt 0.209936 0.327124
vt 0.209936 0.314502
vt 0.280249 0.108374
vt 0.280249 0.095752
vt 0.267627 0.108374
vt 0.033252 0.186499
vt 0.045874 0.173877
vt 0.045874 0.186499
vt 0.077124 0.264624
vt 0.077124 0.252002
vt 0.064502 0.264624
vt 0.244190 0.264624
vt 0.248999 0.264624
vt 0.248999 0.252002
vt 0.358374 0.045874
vt 0.358374 0.033252
vt 0.345752 0.045874
vt 0.279248 0.032251
vt 0.266626 0.044873
vt 0.266626 0.032251
vt 0.280249 0.170874
vt 0.280249 0.158252
vt 0.275440 0.170874
vt 0.361377 0.077124
vt 0.373999 0.077124
vt 0.373999 0.064502
vt 0.163061 0.342749
vt 0.163061 0.330127
vt 0.158252 0.342749
vt 0.327124 0.111377
vt 0.314502 0.123999
vt 0.327124 0.123999
vt 0.155249 0.202124
vt 0.155249 0.189502
vt 0.142627 0.202124
vt 0.170874 0.123999
vt 0.170874 0.111377
vt 0.158252 0.123999
vt 0.983374 0.061499
vt 0.970752 0.061499
vt 0.983374 0.033252
vt 0.266626 0.126001
vt 0.271435 0.126001
vt 0.266626 0.138623
vt 0.263623 0.032251
vt 0.251001 0.032251
vt 0.251001 0.044873
vt 0.202124 0.092749
vt 0.189502 0.092749
vt 0.202124 0.080127
vt 0.297876 0.047876
vt 0.310498 0.047876
vt 0.297876 0.060498
vt 0.747998 0.665064
vt 0.743189 0.665064
vt 0.743189 0.669873
vt 0.258814 0.141626
vt 0.263623 0.141626
vt 0.258814 0.154248
vt 0.033252 0.264624
vt 0.045874 0.264624
vt 0.045874 0.252002
vt 0.209936 0.295874
vt 0.205127 0.295874
vt 0.209936 0.283252
vt 0.251001 0.154248
vt 0.251001 0.141626
vt 0.255810 0.141626
vt 0.186499 0.186499
vt 0.186499 0.173877
vt 0.173877 0.186499
vt 0.873999 0.314502
vt 0.845752 0.342749
vt 0.873999 0.342749
vt 0.998999 0.655249
vt 0.994190 0.655249
vt 0.998999 0.627002
vt 0.563501 0.782251
vt 0.563501 0.810498
vt 0.591748 0.782251
vt 0.814502 0.717749
vt 0.827124 0.717749
vt 0.827124 0.689502
vt 0.564502 0.311499
vt 0.623999 0.252002
vt 0.623999 0.311499
vt 0.955127 0.498999
vt 0.967749 0.439502
vt 0.967749 0.498999
vt 0.936499 0.561499
vt 0.923877 0.561499
vt 0.936499 0.502002
vt 0.627002 0.061499
vt 0.686499 0.061499
vt 0.686499 0.002002
vt 0.983374 0.127002
vt 0.983374 0.155249
vt 0.970752 0.155249
vt 0.748999 0.905249
vt 0.744190 0.905249
vt 0.748999 0.877002
vt 0.983374 0.252002
vt 0.983374 0.280249
vt 0.970752 0.280249
vt 0.017627 0.295874
vt 0.030249 0.295874
vt 0.030249 0.283252
vt 0.264624 0.014624
vt 0.264624 0.002002
vt 0.252002 0.014624
vt 0.077124 0.330127
vt 0.077124 0.342749
vt 0.064502 0.342749
vt 0.735376 0.669873
vt 0.740185 0.665064
vt 0.735376 0.665064
vt 0.720752 0.670874
vt 0.725561 0.666065
vt 0.725561 0.670874
vt 0.631811 0.650440
vt 0.627002 0.655249
vt 0.631811 0.655249
vt 0.631811 0.639624
vt 0.631811 0.634815
vt 0.627002 0.639624
vt 0.681690 0.663061
vt 0.686499 0.658252
vt 0.686499 0.663061
vt 0.345752 0.030249
vt 0.358374 0.017627
vt 0.358374 0.030249
vt 0.717749 0.952124
vt 0.717749 0.939502
vt 0.712940 0.952124
vt 0.002002 0.248999
vt 0.006811 0.189502
vt 0.006811 0.248999
vt 0.709936 0.936499
vt 0.709936 0.908252
vt 0.705127 0.936499
vt 0.900440 0.772436
vt 0.905249 0.767627
vt 0.905249 0.772436
vt 0.173877 0.373999
vt 0.178686 0.373999
vt 0.178686 0.361377
vt 0.241186 0.264624
vt 0.236377 0.264624
vt 0.241186 0.252002
vt 0.131811 0.311499
vt 0.131811 0.298877
vt 0.127002 0.311499
vt 0.663061 0.686499
vt 0.658252 0.686499
vt 0.663061 0.681690
vt 0.295874 0.939502
vt 0.283252 0.967749
vt 0.295874 0.967749
vt 0.311499 0.127002
vt 0.311499 0.139624
vt 0.306690 0.139624
vt 0.889624 0.881811
vt 0.889624 0.877002
vt 0.877002 0.881811
vt 0.248999 0.248999
vt 0.236377 0.248999
vt 0.248999 0.236377
vt 0.274439 0.141626
vt 0.279248 0.141626
vt 0.274439 0.154248
vt 0.217749 0.064502
vt 0.205127 0.077124
vt 0.217749 0.077124
vt 0.127002 0.842749
vt 0.155249 0.842749
vt 0.155249 0.814502
vt 0.530249 0.686499
vt 0.502002 0.686499
vt 0.530249 0.658252
vt 0.594751 0.779248
vt 0.594751 0.751001
vt 0.622998 0.751001
vt 0.877002 0.155249
vt 0.889624 0.155249
vt 0.889624 0.127002
vt 0.623999 0.720752
vt 0.623999 0.748999
vt 0.595752 0.748999
vt 0.294873 0.047876
vt 0.282251 0.047876
vt 0.282251 0.060498
vt 0.266626 0.141626
vt 0.271435 0.141626
vt 0.266626 0.154248
vt 0.297876 0.032251
vt 0.297876 0.044873
vt 0.310498 0.032251
vt 0.627002 0.811499
vt 0.639624 0.783252
vt 0.639624 0.811499
vt 0.288061 0.155249
vt 0.288061 0.142627
vt 0.283252 0.155249
vt 0.357373 0.157251
vt 0.352564 0.157251
vt 0.352564 0.169873
vt 0.202124 0.123999
vt 0.202124 0.111377
vt 0.189502 0.123999
vt 0.780249 0.467749
vt 0.780249 0.439502
vt 0.752002 0.467749
vt 0.842749 0.530249
vt 0.814502 0.530249
vt 0.842749 0.502002
vt 0.939502 0.092749
vt 0.952124 0.092749
vt 0.952124 0.064502
vt 0.282251 0.044873
vt 0.294873 0.032251
vt 0.282251 0.032251
vt 0.205127 0.280249
vt 0.209936 0.267627
vt 0.209936 0.280249
vt 0.344751 0.157251
vt 0.344751 0.169873
vt 0.349560 0.157251
vt 0.327124 0.998999
vt 0.327124 0.970752
vt 0.314502 0.998999
vt 0.329126 0.204126
vt 0.341748 0.204126
vt 0.329126 0.216748
vt 0.017627 0.170874
vt 0.030249 0.158252
vt 0.030249 0.170874
vt 0.591748 0.751001
vt 0.563501 0.751001
vt 0.563501 0.779248
vt 0.889624 0.842749
vt 0.889624 0.814502
vt 0.884815 0.842749
vt 0.814502 0.092749
vt 0.842749 0.092749
vt 0.842749 0.064502
vt 0.502002 0.811499
vt 0.530249 0.783252
vt 0.530249 0.811499
vt 0.811499 0.158252
vt 0.811499 0.186499
vt 0.783252 0.186499
vt 0.532251 0.844751
vt 0.532251 0.872998
vt 0.560498 0.844751
vt 0.313501 0.216748
vt 0.326123 0.204126
vt 0.313501 0.204126
vt 0.030249 0.970752
vt 0.017627 0.998999
vt 0.030249 0.998999
vt 0.529248 0.844751
vt 0.501001 0.872998
vt 0.501001 0.844751
vt 0.264624 0.092749
vt 0.252002 0.092749
vt 0.264624 0.080127
vt 0.288061 0.186499
vt 0.283252 0.186499
vt 0.288061 0.173877
vt 0.368189 0.157251
vt 0.372998 0.157251
vt 0.368189 0.169873
vt 0.341748 0.188501
vt 0.329126 0.201123
vt 0.329126 0.188501
vt 0.743189 0.657251
vt 0.743189 0.662060
vt 0.747998 0.657251
vt 0.228565 0.358374
vt 0.233374 0.358374
vt 0.233374 0.345752
vt 0.897436 0.627002
vt 0.897436 0.655249
vt 0.892627 0.655249
vt 0.766626 0.688501
vt 0.779248 0.688501
vt 0.766626 0.716748
vt 0.670874 0.783252
vt 0.658252 0.811499
vt 0.670874 0.811499
vt 0.811499 0.842749
vt 0.811499 0.814502
vt 0.798877 0.842749
vt 0.212940 0.373999
vt 0.217749 0.373999
vt 0.217749 0.361377
vt 0.944311 0.717749
vt 0.939502 0.717749
vt 0.944311 0.689502
vt 0.280249 0.845752
vt 0.252002 0.873999
vt 0.280249 0.873999
vt 0.233374 0.173877
vt 0.233374 0.186499
vt 0.220752 0.186499
vt 0.873999 0.748999
vt 0.873999 0.720752
vt 0.861377 0.748999
vt 0.233374 0.264624
vt 0.228565 0.264624
vt 0.233374 0.252002
vt 0.717749 0.814502
vt 0.705127 0.842749
vt 0.717749 0.842749
vt 0.920874 0.655249
vt 0.916065 0.655249
vt 0.920874 0.627002
vt 0.202124 0.283252
vt 0.197315 0.295874
vt 0.202124 0.295874
vt 0.077124 0.283252
vt 0.077124 0.295874
vt 0.064502 0.295874
vt 0.314502 0.623999
vt 0.342749 0.564502
vt 0.342749 0.623999
vt 0.014624 0.998999
vt 0.014624 0.970752
vt 0.002002 0.998999
vt 0.986377 0.561499
vt 0.998999 0.561499
vt 0.998999 0.502002
vt 0.923877 0.498999
vt 0.936499 0.439502
vt 0.936499 0.498999
vt 0.455127 0.967749
vt 0.467749 0.967749
vt 0.467749 0.939502
vt 0.072315 0.186499
vt 0.077124 0.127002
vt 0.077124 0.186499
vt 0.061499 0.970752
vt 0.061499 0.998999
vt 0.048877 0.998999
vt 0.092749 0.845752
vt 0.064502 0.873999
vt 0.092749 0.873999
vt 0.139624 0.252002
vt 0.139624 0.264624
vt 0.134815 0.264624
vt 0.532251 0.841748
vt 0.560498 0.813501
vt 0.532251 0.813501
vt 0.365185 0.157251
vt 0.360376 0.157251
vt 0.360376 0.169873
vt 0.313501 0.188501
vt 0.313501 0.201123
vt 0.326123 0.188501
vt 0.330127 0.061499
vt 0.342749 0.061499
vt 0.342749 0.048877
vt 0.678686 0.998999
vt 0.673877 0.998999
vt 0.678686 0.970752
vt 0.811499 0.533252
vt 0.783252 0.561499
vt 0.811499 0.561499
vt 0.092749 0.998999
vt 0.092749 0.970752
vt 0.080127 0.998999
vt 0.352564 0.172876
vt 0.352564 0.185498
vt 0.357373 0.172876
vt 0.217749 0.327124
vt 0.212940 0.327124
vt 0.217749 0.314502
vt 0.405249 0.717749
vt 0.405249 0.689502
vt 0.377002 0.717749
vt 0.202124 0.998999
vt 0.202124 0.970752
vt 0.189502 0.998999
vt 0.248999 0.342749
vt 0.244190 0.342749
vt 0.248999 0.330127
vt 0.897436 0.720752
vt 0.892627 0.748999
vt 0.897436 0.748999
vt 0.501001 0.841748
vt 0.529248 0.813501
vt 0.501001 0.813501
vt 0.360376 0.204126
vt 0.360376 0.216748
vt 0.372998 0.204126
vt 0.111377 0.905249
vt 0.123999 0.905249
vt 0.123999 0.877002
vt 0.349560 0.172876
vt 0.344751 0.172876
vt 0.344751 0.185498
vt 0.366186 0.170874
vt 0.361377 0.170874
vt 0.366186 0.158252
vt 0.197315 0.342749
vt 0.202124 0.330127
vt 0.202124 0.342749
vt 0.368189 0.185498
vt 0.372998 0.172876
vt 0.368189 0.172876
vt 0.111377 0.311499
vt 0.123999 0.298877
vt 0.123999 0.311499
vt 0.295874 0.030249
vt 0.295874 0.017627
vt 0.283252 0.030249
vt 0.344751 0.204126
vt 0.344751 0.216748
vt 0.357373 0.204126
vt 0.303686 0.155249
vt 0.303686 0.142627
vt 0.298877 0.155249
vt 0.658252 0.998999
vt 0.663061 0.970752
vt 0.663061 0.998999
vt 0.735376 0.657251
vt 0.735376 0.662060
vt 0.740185 0.657251
vt 0.663061 0.647436
vt 0.658252 0.647436
vt 0.663061 0.642627
vt 0.727564 0.680689
vt 0.732373 0.680689
vt 0.727564 0.685498
vt 0.719751 0.680689
vt 0.719751 0.685498
vt 0.724560 0.680689
vt 0.061499 0.264624
vt 0.048877 0.264624
vt 0.061499 0.252002
vt 0.345752 0.186499
vt 0.350561 0.173877
vt 0.350561 0.186499
vt 0.360376 0.188501
vt 0.372998 0.188501
vt 0.360376 0.201123
vt 0.150440 0.327124
vt 0.155249 0.314502
vt 0.155249 0.327124
vt 0.342749 0.970752
vt 0.330127 0.998999
vt 0.342749 0.998999
vt 0.139624 0.280249
vt 0.134815 0.280249
vt 0.139624 0.267627
vt 0.360376 0.172876
vt 0.365185 0.172876
vt 0.360376 0.185498
vt 0.248999 0.295874
vt 0.248999 0.283252
vt 0.244190 0.295874
vt 0.639624 0.842749
vt 0.627002 0.842749
vt 0.639624 0.814502
vt 0.622998 0.844751
vt 0.594751 0.844751
vt 0.594751 0.872998
vt 0.727564 0.677685
vt 0.732373 0.672876
vt 0.727564 0.672876
vt 0.326123 0.157251
vt 0.321314 0.169873
vt 0.321314 0.157251
vt 0.313501 0.157251
vt 0.318310 0.157251
vt 0.313501 0.169873
vt 0.225561 0.373999
vt 0.225561 0.361377
vt 0.220752 0.373999
vt 0.163061 0.280249
vt 0.163061 0.267627
vt 0.158252 0.280249
vt 0.248999 0.186499
vt 0.236377 0.186499
vt 0.248999 0.173877
vt 0.751001 0.716748
vt 0.763623 0.688501
vt 0.751001 0.688501
vt 0.327124 0.045874
vt 0.327124 0.033252
vt 0.314502 0.045874
vt 0.877002 0.248999
vt 0.889624 0.248999
vt 0.889624 0.220752
vt 0.202124 0.264624
vt 0.202124 0.252002
vt 0.197315 0.264624
vt 0.873999 0.502002
vt 0.845752 0.530249
vt 0.873999 0.530249
vt 0.217749 0.186499
vt 0.217749 0.173877
vt 0.205127 0.186499
vt 0.842749 0.623999
vt 0.842749 0.595752
vt 0.814502 0.623999
vt 0.344751 0.188501
vt 0.344751 0.201123
vt 0.357373 0.188501
vt 0.797876 0.688501
vt 0.810498 0.688501
vt 0.797876 0.716748
vt 0.889624 0.061499
vt 0.877002 0.061499
vt 0.889624 0.033252
vt 0.592749 0.780249
vt 0.592749 0.752002
vt 0.564502 0.780249
vt 0.811499 0.564502
vt 0.783252 0.592749
vt 0.811499 0.592749
vt 0.420874 0.936499
vt 0.408252 0.936499
vt 0.420874 0.908252
vt 0.686499 0.970752
vt 0.681690 0.998999
vt 0.686499 0.998999
vt 0.780249 0.845752
vt 0.780249 0.873999
vt 0.767627 0.873999
vt 0.694311 0.877002
vt 0.689502 0.905249
vt 0.694311 0.905249
vt 0.639624 0.908252
vt 0.634815 0.936499
vt 0.639624 0.936499
vt 0.780249 0.030249
vt 0.780249 0.002002
vt 0.752002 0.030249
vt 0.686499 0.780249
vt 0.686499 0.752002
vt 0.673877 0.780249
vt 0.033252 0.811499
vt 0.061499 0.783252
vt 0.061499 0.811499
vt 0.724560 0.672876
vt 0.719751 0.672876
vt 0.719751 0.677685
vt 0.673877 0.905249
vt 0.678686 0.877002
vt 0.678686 0.905249
vt 0.236377 0.373999
vt 0.241186 0.373999
vt 0.241186 0.361377
vt 0.163061 0.327124
vt 0.158252 0.327124
vt 0.163061 0.314502
vt 0.655249 0.634815
vt 0.655249 0.639624
vt 0.650440 0.639624
vt 0.336939 0.157251
vt 0.341748 0.157251
vt 0.336939 0.169873
vt 0.080127 0.342749
vt 0.092749 0.342749
vt 0.092749 0.330127
vt 0.717749 0.905249
vt 0.712940 0.905249
vt 0.717749 0.877002
vt 0.295874 0.123999
vt 0.283252 0.123999
vt 0.295874 0.111377
vt 0.563501 0.872998
vt 0.563501 0.844751
vt 0.591748 0.844751
vt 0.986377 0.155249
vt 0.998999 0.155249
vt 0.998999 0.127002
vt 0.666065 0.905249
vt 0.670874 0.905249
vt 0.670874 0.877002
vt 0.916065 0.748999
vt 0.920874 0.720752
vt 0.920874 0.748999
vt 0.283252 0.561499
vt 0.311499 0.561499
vt 0.311499 0.502002
vt 0.780249 0.689502
vt 0.780249 0.717749
vt 0.767627 0.717749
vt 0.936499 0.095752
vt 0.923877 0.123999
vt 0.936499 0.123999
vt 0.048877 0.155249
vt 0.061499 0.155249
vt 0.061499 0.142627
vt 0.622998 0.813501
vt 0.594751 0.841748
vt 0.594751 0.813501
vt 0.002002 0.342749
vt 0.014624 0.330127
vt 0.014624 0.342749
vt 0.311499 0.092749
vt 0.298877 0.092749
vt 0.311499 0.080127
vt 0.139624 0.358374
vt 0.134815 0.358374
vt 0.139624 0.345752
vt 0.329126 0.157251
vt 0.329126 0.169873
vt 0.333935 0.157251
vt 0.678686 0.631811
vt 0.673877 0.631811
vt 0.678686 0.627002
vt 0.533252 0.842749
vt 0.561499 0.814502
vt 0.561499 0.842749
vt 0.205127 0.342749
vt 0.209936 0.330127
vt 0.209936 0.342749
vt 0.627002 0.686499
vt 0.631811 0.681690
vt 0.631811 0.686499
vt 0.743189 0.685498
vt 0.747998 0.680689
vt 0.743189 0.680689
vt 0.748999 0.686499
vt 0.744190 0.686499
vt 0.748999 0.681690
vt 0.670874 0.627002
vt 0.666065 0.631811
vt 0.670874 0.631811
vt 0.686499 0.639624
vt 0.681690 0.639624
vt 0.686499 0.634815
vt 0.194311 0.330127
vt 0.189502 0.342749
vt 0.194311 0.342749
vt 0.735376 0.680689
vt 0.735376 0.685498
vt 0.740185 0.680689
vt 0.743189 0.672876
vt 0.743189 0.677685
vt 0.747998 0.672876
vt 0.225561 0.264624
vt 0.225561 0.252002
vt 0.220752 0.264624
vt 0.678686 0.673877
vt 0.673877 0.678686
vt 0.678686 0.678686
vt 0.740185 0.672876
vt 0.735376 0.677685
vt 0.735376 0.672876
vt 0.630810 0.969751
vt 0.626001 0.997998
vt 0.626001 0.969751
vt 0.701123 0.665064
vt 0.696314 0.665064
vt 0.696314 0.669873
vt 0.134815 0.373999
vt 0.139624 0.373999
vt 0.139624 0.361377
vt 0.693310 0.665064
vt 0.688501 0.665064
vt 0.688501 0.669873
vt 0.564502 0.873999
vt 0.592749 0.845752
vt 0.592749 0.873999
vt 0.639624 0.752002
vt 0.639624 0.780249
vt 0.627002 0.780249
vt 0.280249 0.048877
vt 0.280249 0.061499
vt 0.267627 0.061499
vt 0.194311 0.283252
vt 0.189502 0.295874
vt 0.194311 0.295874
vt 0.782251 0.716748
vt 0.782251 0.688501
vt 0.794873 0.688501
vt 0.321314 0.185498
vt 0.321314 0.172876
vt 0.326123 0.172876
vt 0.701123 0.657251
vt 0.696314 0.662060
vt 0.696314 0.657251
vt 0.334936 0.170874
vt 0.334936 0.158252
vt 0.330127 0.170874
vt 0.186499 0.280249
vt 0.181690 0.280249
vt 0.186499 0.267627
vt 0.158252 0.030249
vt 0.170874 0.017627
vt 0.170874 0.030249
vt 0.744190 0.663061
vt 0.748999 0.663061
vt 0.748999 0.658252
vt 0.131811 0.314502
vt 0.131811 0.327124
vt 0.127002 0.327124
vt 0.048877 0.186499
vt 0.061499 0.173877
vt 0.061499 0.186499
vt 0.233374 0.170874
vt 0.233374 0.158252
vt 0.220752 0.170874
vt 0.693310 0.657251
vt 0.688501 0.662060
vt 0.688501 0.657251
vt 0.686499 0.666065
vt 0.686499 0.670874
vt 0.681690 0.670874
vt 0.248999 0.280249
vt 0.244190 0.280249
vt 0.248999 0.267627
vt 0.170874 0.373999
vt 0.166065 0.373999
vt 0.170874 0.361377
vt 0.131811 0.264624
vt 0.127002 0.264624
vt 0.131811 0.252002
vt 0.970752 0.373999
vt 0.983374 0.373999
vt 0.983374 0.345752
vt 0.502002 0.873999
vt 0.530249 0.845752
vt 0.530249 0.873999
vt 0.267627 0.045874
vt 0.280249 0.033252
vt 0.280249 0.045874
vt 0.186499 0.205127
vt 0.186499 0.217749
vt 0.173877 0.217749
vt 0.678686 0.967749
vt 0.678686 0.955127
vt 0.673877 0.967749
vt 0.591748 0.813501
vt 0.563501 0.841748
vt 0.563501 0.813501
vt 0.228565 0.311499
vt 0.233374 0.311499
vt 0.233374 0.298877
vt 0.259815 0.155249
vt 0.264624 0.142627
vt 0.264624 0.155249
vt 0.342749 0.877002
vt 0.330127 0.905249
vt 0.342749 0.905249
vt 0.178686 0.264624
vt 0.178686 0.252002
vt 0.173877 0.264624
vt 0.345752 0.905249
vt 0.358374 0.905249
vt 0.358374 0.877002
vt 0.783252 0.155249
vt 0.811499 0.155249
vt 0.811499 0.127002
vt 0.311499 0.077124
vt 0.311499 0.064502
vt 0.298877 0.077124
vt 0.186499 0.170874
vt 0.186499 0.158252
vt 0.173877 0.170874
vt 0.045874 0.327124
vt 0.033252 0.327124
vt 0.045874 0.314502
vt 0.272436 0.170874
vt 0.267627 0.170874
vt 0.272436 0.158252
vt 0.256811 0.158252
vt 0.256811 0.170874
vt 0.252002 0.170874
vt 0.711939 0.665064
vt 0.711939 0.669873
vt 0.716748 0.665064
vt 0.704126 0.669873
vt 0.708935 0.665064
vt 0.704126 0.665064
vt 0.711939 0.662060
vt 0.711939 0.657251
vt 0.716748 0.657251
vt 0.704126 0.657251
vt 0.704126 0.662060
vt 0.708935 0.657251
vt 0.142627 0.061499
vt 0.155249 0.048877
vt 0.155249 0.061499
vt 0.313501 0.172876
vt 0.318310 0.172876
vt 0.313501 0.185498
vt 0.341748 0.235376
vt 0.329126 0.247998
vt 0.329126 0.235376
vt 0.779248 0.719751
vt 0.766626 0.747998
vt 0.766626 0.719751
vt 0.313501 0.235376
vt 0.326123 0.235376
vt 0.313501 0.247998
vt 0.147436 0.373999
vt 0.142627 0.373999
vt 0.147436 0.361377
vt 0.696314 0.685498
vt 0.701123 0.680689
vt 0.696314 0.680689
vt 0.688501 0.680689
vt 0.693310 0.680689
vt 0.688501 0.685498
vt 0.272436 0.155249
vt 0.267627 0.155249
vt 0.272436 0.142627
vt 0.342749 0.217749
vt 0.342749 0.205127
vt 0.330127 0.217749
vt 0.217749 0.936499
vt 0.217749 0.908252
vt 0.205127 0.936499
vt 0.233374 0.108374
vt 0.220752 0.108374
vt 0.233374 0.095752
vt 0.233374 0.061499
vt 0.233374 0.048877
vt 0.220752 0.061499
vt 0.900440 0.748999
vt 0.905249 0.720752
vt 0.905249 0.748999
vt 0.780249 0.595752
vt 0.780249 0.623999
vt 0.752002 0.623999
vt 0.595752 0.842749
vt 0.623999 0.814502
vt 0.623999 0.842749
vt 0.763623 0.719751
vt 0.751001 0.747998
vt 0.751001 0.719751
vt 0.341748 0.219751
vt 0.329126 0.232373
vt 0.329126 0.219751
vt 0.313501 0.219751
vt 0.326123 0.219751
vt 0.313501 0.232373
vt 0.360376 0.235376
vt 0.360376 0.247998
vt 0.372998 0.235376
vt 0.797876 0.719751
vt 0.810498 0.719751
vt 0.797876 0.747998
vt 0.782251 0.747998
vt 0.794873 0.719751
vt 0.782251 0.719751
vt 0.155249 0.139624
vt 0.142627 0.139624
vt 0.155249 0.127002
vt 0.080127 0.311499
vt 0.092749 0.311499
vt 0.092749 0.298877
vt 0.344751 0.235376
vt 0.357373 0.235376
vt 0.344751 0.247998
vt 0.048877 0.967749
vt 0.061499 0.967749
vt 0.061499 0.939502
vt 0.155249 0.998999
vt 0.155249 0.970752
vt 0.142627 0.998999
vt 0.158252 0.155249
vt 0.170874 0.155249
vt 0.170874 0.142627
vt 0.077124 0.311499
vt 0.077124 0.298877
vt 0.064502 0.311499
vt 0.330127 0.014624
vt 0.342749 0.002002
vt 0.342749 0.014624
vt 0.361377 0.248999
vt 0.373999 0.248999
vt 0.373999 0.236377
vt 0.841748 0.626001
vt 0.829126 0.626001
vt 0.829126 0.654248
vt 0.858374 0.748999
vt 0.845752 0.748999
vt 0.858374 0.720752
vt 0.360376 0.232373
vt 0.360376 0.219751
vt 0.372998 0.219751
vt 0.194311 0.280249
vt 0.189502 0.280249
vt 0.194311 0.267627
vt 0.452124 0.908252
vt 0.452124 0.936499
vt 0.439502 0.936499
vt 0.814502 0.748999
vt 0.827124 0.748999
vt 0.827124 0.720752
vt 0.530249 0.655249
vt 0.502002 0.655249
vt 0.530249 0.627002
vt 0.649439 0.969751
vt 0.649439 0.997998
vt 0.654248 0.969751
vt 0.697315 0.670874
vt 0.702124 0.670874
vt 0.702124 0.666065
vt 0.045874 0.283252
vt 0.033252 0.295874
vt 0.045874 0.295874
vt 0.336939 0.172876
vt 0.341748 0.172876
vt 0.336939 0.185498
vt 0.970752 0.092749
vt 0.983374 0.064502
vt 0.983374 0.092749
vt 0.337940 0.186499
vt 0.342749 0.173877
vt 0.342749 0.186499
vt 0.780249 0.377002
vt 0.752002 0.405249
vt 0.780249 0.405249
vt 0.795874 0.717749
vt 0.795874 0.689502
vt 0.783252 0.717749
vt 0.631811 0.970752
vt 0.627002 0.998999
vt 0.631811 0.998999
vt 0.295874 0.092749
vt 0.295874 0.080127
vt 0.283252 0.092749
vt 0.127002 0.233374
vt 0.139624 0.233374
vt 0.139624 0.220752
vt 0.881811 0.717749
vt 0.877002 0.717749
vt 0.881811 0.689502
vt 0.264624 0.127002
vt 0.264624 0.139624
vt 0.259815 0.139624
vt 0.295874 0.048877
vt 0.295874 0.061499
vt 0.283252 0.061499
vt 0.405249 0.908252
vt 0.392627 0.936499
vt 0.405249 0.936499
vt 0.373999 0.045874
vt 0.361377 0.045874
vt 0.373999 0.033252
vt 0.813501 0.626001
vt 0.826123 0.626001
vt 0.813501 0.654248
vt 0.358374 0.236377
vt 0.358374 0.248999
vt 0.345752 0.248999
vt 0.280249 0.127002
vt 0.275440 0.139624
vt 0.280249 0.139624
vt 0.241186 0.295874
vt 0.236377 0.295874
vt 0.241186 0.283252
vt 0.748999 0.673877
vt 0.744190 0.678686
vt 0.748999 0.678686
vt 0.701123 0.672876
vt 0.696314 0.677685
vt 0.696314 0.672876
vt 0.345752 0.170874
vt 0.350561 0.158252
vt 0.350561 0.170874
vt 0.764624 0.881811
vt 0.764624 0.877002
vt 0.759815 0.881811
vt 0.194311 0.345752
vt 0.194311 0.358374
vt 0.189502 0.358374
vt 0.344751 0.219751
vt 0.357373 0.219751
vt 0.344751 0.232373
vt 0.147436 0.345752
vt 0.142627 0.358374
vt 0.147436 0.358374
vt 0.272436 0.186499
vt 0.272436 0.173877
vt 0.267627 0.186499
vt 0.353565 0.170874
vt 0.358374 0.170874
vt 0.358374 0.158252
vt 0.256811 0.186499
vt 0.252002 0.186499
vt 0.256811 0.173877
vt 0.646435 0.969751
vt 0.641626 0.969751
vt 0.641626 0.997998
vt 0.741186 0.905249
vt 0.736377 0.905249
vt 0.741186 0.877002
vt 0.658252 0.678686
vt 0.663061 0.678686
vt 0.663061 0.673877
vt 0.764624 0.889624
vt 0.759815 0.889624
vt 0.764624 0.884815
vt 0.844751 0.888623
vt 0.872998 0.883814
vt 0.844751 0.883814
vt 0.631811 0.670874
vt 0.627002 0.670874
vt 0.631811 0.666065
vt 0.688501 0.677685
vt 0.693310 0.672876
vt 0.688501 0.672876
vt 0.327124 0.064502
vt 0.314502 0.077124
vt 0.327124 0.077124
vt 0.266626 0.216748
vt 0.266626 0.204126
vt 0.279248 0.204126
vt 0.251001 0.216748
vt 0.251001 0.204126
vt 0.263623 0.204126
vt 0.716748 0.680689
vt 0.711939 0.685498
vt 0.711939 0.680689
vt 0.279248 0.188501
vt 0.266626 0.188501
vt 0.266626 0.201123
vt 0.233374 0.139624
vt 0.233374 0.127002
vt 0.220752 0.139624
vt 0.686499 0.908252
vt 0.681690 0.936499
vt 0.686499 0.936499
vt 0.361377 0.186499
vt 0.366186 0.186499
vt 0.366186 0.173877
vt 0.844751 0.876001
vt 0.844751 0.880810
vt 0.872998 0.876001
vt 0.725561 0.678686
vt 0.720752 0.678686
vt 0.725561 0.673877
vt 0.704126 0.685498
vt 0.708935 0.680689
vt 0.704126 0.680689
vt 0.711939 0.672876
vt 0.716748 0.672876
vt 0.711939 0.677685
vt 0.704126 0.672876
vt 0.704126 0.677685
vt 0.708935 0.672876
vt 0.741186 0.681690
vt 0.736377 0.686499
vt 0.741186 0.686499
vt 0.650440 0.631811
vt 0.655249 0.627002
vt 0.655249 0.631811
vt 0.732373 0.633814
vt 0.727564 0.638623
vt 0.727564 0.633814
vt 0.719751 0.633814
vt 0.719751 0.638623
vt 0.724560 0.633814
vt 0.725561 0.686499
vt 0.725561 0.681690
vt 0.720752 0.686499
vt 0.727564 0.626001
vt 0.732373 0.626001
vt 0.727564 0.630810
vt 0.733374 0.634815
vt 0.728565 0.639624
vt 0.733374 0.639624
vt 0.709936 0.678686
vt 0.709936 0.673877
vt 0.705127 0.678686
vt 0.639624 0.663061
vt 0.639624 0.658252
vt 0.634815 0.663061
vt 0.741186 0.663061
vt 0.736377 0.663061
vt 0.741186 0.658252
vt 0.725561 0.658252
vt 0.720752 0.663061
vt 0.725561 0.663061
vt 0.724560 0.626001
vt 0.719751 0.630810
vt 0.719751 0.626001
vt 0.280249 0.142627
vt 0.275440 0.155249
vt 0.280249 0.155249
vt 0.905249 0.752002
vt 0.905249 0.756811
vt 0.900440 0.756811
vt 0.743189 0.638623
vt 0.743189 0.633814
vt 0.747998 0.633814
vt 0.642627 0.639624
vt 0.647436 0.639624
vt 0.647436 0.634815
vt 0.735376 0.638623
vt 0.735376 0.633814
vt 0.740185 0.633814
vt 0.329126 0.185498
vt 0.333935 0.172876
vt 0.329126 0.172876
vt 0.303686 0.127002
vt 0.298877 0.139624
vt 0.303686 0.139624
vt 0.251001 0.201123
vt 0.251001 0.188501
vt 0.263623 0.188501
vt 0.352564 0.126001
vt 0.357373 0.126001
vt 0.352564 0.138623
vt 0.358374 0.139624
vt 0.358374 0.127002
vt 0.353565 0.139624
vt 0.186499 0.342749
vt 0.181690 0.342749
vt 0.186499 0.330127
vt 0.298877 0.170874
vt 0.303686 0.158252
vt 0.303686 0.170874
vt 0.334936 0.186499
vt 0.334936 0.173877
vt 0.330127 0.186499
vt 0.743189 0.630810
vt 0.747998 0.626001
vt 0.743189 0.626001
vt 0.702124 0.686499
vt 0.697315 0.686499
vt 0.702124 0.681690
vt 0.155249 0.248999
vt 0.155249 0.236377
vt 0.142627 0.248999
vt 0.158252 0.358374
vt 0.163061 0.358374
vt 0.163061 0.345752
vt 0.280249 0.186499
vt 0.275440 0.186499
vt 0.280249 0.173877
vt 0.666065 0.655249
vt 0.670874 0.650440
vt 0.670874 0.655249
vt 0.030249 0.345752
vt 0.030249 0.358374
vt 0.017627 0.358374
vt 0.712940 0.663061
vt 0.717749 0.658252
vt 0.717749 0.663061
vt 0.735376 0.626001
vt 0.735376 0.630810
vt 0.740185 0.626001
vt 0.727564 0.649439
vt 0.727564 0.654248
vt 0.732373 0.649439
vt 0.647436 0.670874
vt 0.647436 0.666065
vt 0.642627 0.670874
vt 0.719751 0.654248
vt 0.719751 0.649439
vt 0.724560 0.649439
vt 0.310498 0.204126
vt 0.297876 0.204126
vt 0.297876 0.216748
vt 0.311499 0.155249
vt 0.306690 0.155249
vt 0.311499 0.142627
vt 0.173877 0.155249
vt 0.186499 0.155249
vt 0.186499 0.142627
vt 0.280249 0.014624
vt 0.280249 0.002002
vt 0.267627 0.014624
vt 0.217749 0.061499
vt 0.217749 0.048877
vt 0.205127 0.061499
vt 0.373999 0.220752
vt 0.373999 0.233374
vt 0.361377 0.233374
vt 0.282251 0.216748
vt 0.282251 0.204126
vt 0.294873 0.204126
vt 0.736377 0.639624
vt 0.741186 0.639624
vt 0.741186 0.634815
vt 0.939502 0.311499
vt 0.952124 0.311499
vt 0.952124 0.283252
vt 0.189502 0.233374
vt 0.202124 0.220752
vt 0.202124 0.233374
vt 0.267627 0.202124
vt 0.280249 0.202124
vt 0.280249 0.189502
vt 0.647436 0.678686
vt 0.642627 0.678686
vt 0.647436 0.673877
vt 0.727564 0.641626
vt 0.732373 0.641626
vt 0.727564 0.646435
vt 0.719751 0.641626
vt 0.719751 0.646435
vt 0.724560 0.641626
vt 0.743189 0.649439
vt 0.743189 0.654248
vt 0.747998 0.649439
vt 0.655249 0.647436
vt 0.655249 0.642627
vt 0.650440 0.647436
vt 0.881811 0.767627
vt 0.881811 0.772436
vt 0.877002 0.772436
vt 0.147436 0.342749
vt 0.147436 0.330127
vt 0.142627 0.342749
vt 0.298877 0.030249
vt 0.311499 0.030249
vt 0.311499 0.017627
vt 0.252002 0.045874
vt 0.264624 0.045874
vt 0.264624 0.033252
vt 0.634815 0.686499
vt 0.639624 0.681690
vt 0.639624 0.686499
vt 0.725561 0.655249
vt 0.720752 0.655249
vt 0.725561 0.650440
vt 0.735376 0.649439
vt 0.740185 0.649439
vt 0.735376 0.654248
vt 0.127002 0.014624
vt 0.139624 0.002002
vt 0.139624 0.014624
vt 0.373999 0.202124
vt 0.361377 0.202124
vt 0.373999 0.189502
vt 0.872998 0.626001
vt 0.860376 0.654248
vt 0.860376 0.626001
vt 0.327124 0.030249
vt 0.314502 0.030249
vt 0.327124 0.017627
vt 0.123999 0.264624
vt 0.123999 0.252002
vt 0.111377 0.264624
vt 0.358374 0.217749
vt 0.358374 0.205127
vt 0.345752 0.217749
vt 0.030249 0.298877
vt 0.030249 0.311499
vt 0.017627 0.311499
vt 0.030249 0.155249
vt 0.017627 0.155249
vt 0.030249 0.142627
vt 0.748999 0.670874
vt 0.744190 0.670874
vt 0.748999 0.666065
vt 0.173877 0.108374
vt 0.186499 0.108374
vt 0.186499 0.095752
vt 0.678686 0.642627
vt 0.673877 0.647436
vt 0.678686 0.647436
vt 0.139624 0.327124
vt 0.139624 0.314502
vt 0.134815 0.327124
vt 0.344751 0.126001
vt 0.349560 0.126001
vt 0.344751 0.138623
vt 0.358374 0.233374
vt 0.345752 0.233374
vt 0.358374 0.220752
vt 0.857373 0.626001
vt 0.844751 0.626001
vt 0.844751 0.654248
vt 0.061499 0.342749
vt 0.061499 0.330127
vt 0.048877 0.342749
vt 0.297876 0.201123
vt 0.297876 0.188501
vt 0.310498 0.188501
vt 0.267627 0.139624
vt 0.272436 0.127002
vt 0.272436 0.139624
vt 0.743189 0.641626
vt 0.743189 0.646435
vt 0.747998 0.641626
vt 0.744190 0.655249
vt 0.748999 0.650440
vt 0.748999 0.655249
vt 0.342749 0.202124
vt 0.342749 0.189502
vt 0.330127 0.202124
vt 0.647436 0.663061
vt 0.642627 0.663061
vt 0.647436 0.658252
vt 0.282251 0.201123
vt 0.282251 0.188501
vt 0.294873 0.188501
vt 0.283252 0.217749
vt 0.295874 0.217749
vt 0.295874 0.205127
vt 0.342749 0.045874
vt 0.330127 0.045874
vt 0.342749 0.033252
vt 0.123999 0.280249
vt 0.111377 0.280249
vt 0.123999 0.267627
vt 0.123999 0.342749
vt 0.111377 0.342749
vt 0.123999 0.330127
vt 0.030249 0.330127
vt 0.017627 0.342749
vt 0.030249 0.342749
vt 0.220752 0.045874
vt 0.233374 0.045874
vt 0.233374 0.033252
vt 0.279248 0.235376
vt 0.266626 0.235376
vt 0.266626 0.247998
vt 0.251001 0.235376
vt 0.251001 0.247998
vt 0.263623 0.235376
vt 0.155249 0.064502
vt 0.142627 0.077124
vt 0.155249 0.077124
vt 0.127002 0.186499
vt 0.139624 0.186499
vt 0.139624 0.173877
vt 0.295874 0.139624
vt 0.295874 0.127002
vt 0.291065 0.139624
vt 0.212940 0.311499
vt 0.217749 0.311499
vt 0.217749 0.298877
vt 0.673877 0.873999
vt 0.686499 0.873999
vt 0.686499 0.845752
vt 0.811499 0.717749
vt 0.811499 0.689502
vt 0.798877 0.717749
vt 0.764624 0.717749
vt 0.764624 0.689502
vt 0.752002 0.717749
vt 0.342749 0.077124
vt 0.342749 0.064502
vt 0.330127 0.077124
vt 0.279248 0.219751
vt 0.266626 0.219751
vt 0.266626 0.232373
vt 0.740185 0.641626
vt 0.735376 0.641626
vt 0.735376 0.646435
vt 0.780249 0.897436
vt 0.775440 0.897436
vt 0.780249 0.892627
vt 0.248999 0.048877
vt 0.236377 0.061499
vt 0.248999 0.061499
vt 0.263623 0.219751
vt 0.251001 0.219751
vt 0.251001 0.232373
vt 0.014624 0.311499
vt 0.002002 0.311499
vt 0.014624 0.298877
vt 0.189502 0.373999
vt 0.194311 0.373999
vt 0.194311 0.361377
vt 0.252002 0.155249
vt 0.256811 0.155249
vt 0.256811 0.142627
vt 0.283252 0.202124
vt 0.295874 0.202124
vt 0.295874 0.189502
vt 0.233374 0.123999
vt 0.220752 0.123999
vt 0.233374 0.111377
vt 0.310498 0.235376
vt 0.297876 0.247998
vt 0.297876 0.235376
vt 0.170874 0.202124
vt 0.158252 0.202124
vt 0.170874 0.189502
vt 0.108374 0.311499
vt 0.095752 0.311499
vt 0.108374 0.298877
vt 0.267627 0.233374
vt 0.280249 0.220752
vt 0.280249 0.233374
vt 0.045874 0.361377
vt 0.033252 0.373999
vt 0.045874 0.373999
vt 0.311499 0.033252
vt 0.298877 0.045874
vt 0.311499 0.045874
vt 0.741186 0.666065
vt 0.741186 0.670874
vt 0.736377 0.670874
vt 0.002002 0.170874
vt 0.014624 0.158252
vt 0.014624 0.170874
vt 0.696314 0.638623
vt 0.701123 0.633814
vt 0.696314 0.633814
vt 0.697315 0.678686
vt 0.702124 0.673877
vt 0.702124 0.678686
vt 0.248999 0.170874
vt 0.236377 0.170874
vt 0.248999 0.158252
vt 0.186499 0.236377
vt 0.173877 0.248999
vt 0.186499 0.248999
vt 0.080127 0.264624
vt 0.092749 0.252002
vt 0.092749 0.264624
vt 0.282251 0.235376
vt 0.294873 0.235376
vt 0.282251 0.247998
vt 0.283252 0.108374
vt 0.295874 0.108374
vt 0.295874 0.095752
vt 0.252002 0.217749
vt 0.264624 0.217749
vt 0.264624 0.205127
vt 0.297876 0.219751
vt 0.310498 0.219751
vt 0.297876 0.232373
vt 0.045874 0.345752
vt 0.045874 0.358374
vt 0.033252 0.358374
vt 0.280249 0.248999
vt 0.267627 0.248999
vt 0.280249 0.236377
vt 0.280249 0.030249
vt 0.280249 0.017627
vt 0.267627 0.030249
vt 0.127002 0.155249
vt 0.139624 0.155249
vt 0.139624 0.142627
vt 0.311499 0.217749
vt 0.311499 0.205127
vt 0.298877 0.217749
vt 0.048877 0.327124
vt 0.061499 0.327124
vt 0.061499 0.314502
vt 0.373999 0.061499
vt 0.361377 0.061499
vt 0.373999 0.048877
vt 0.139624 0.217749
vt 0.139624 0.205127
vt 0.127002 0.217749
vt 0.298877 0.233374
vt 0.311499 0.220752
vt 0.311499 0.233374
vt 0.345752 0.061499
vt 0.358374 0.061499
vt 0.358374 0.048877
vt 0.639624 0.952124
vt 0.634815 0.952124
vt 0.639624 0.939502
vt 0.217749 0.842749
vt 0.189502 0.842749
vt 0.217749 0.814502
vt 0.686499 0.467749
vt 0.686499 0.439502
vt 0.658252 0.467749
vt 0.319311 0.173877
vt 0.319311 0.186499
vt 0.314502 0.186499
vt 0.814502 0.842749
vt 0.827124 0.814502
vt 0.827124 0.842749
vt 0.642627 0.631811
vt 0.647436 0.631811
vt 0.647436 0.627002
vt 0.709936 0.686499
vt 0.705127 0.686499
vt 0.709936 0.681690
vt 0.233374 0.314502
vt 0.228565 0.327124
vt 0.233374 0.327124
vt 0.186499 0.373999
vt 0.181690 0.373999
vt 0.186499 0.361377
vt 0.688501 0.633814
vt 0.693310 0.633814
vt 0.688501 0.638623
vt 0.150440 0.280249
vt 0.155249 0.267627
vt 0.155249 0.280249
vt 0.741186 0.631811
vt 0.736377 0.631811
vt 0.741186 0.627002
vt 0.696314 0.630810
vt 0.696314 0.626001
vt 0.701123 0.626001
vt 0.736377 0.983374
vt 0.741186 0.970752
vt 0.741186 0.983374
vt 0.688501 0.630810
vt 0.693310 0.626001
vt 0.688501 0.626001
vt 0.663061 0.655249
vt 0.663061 0.650440
vt 0.658252 0.655249
vt 0.702124 0.631811
vt 0.702124 0.627002
vt 0.697315 0.631811
vt 0.694311 0.670874
vt 0.694311 0.666065
vt 0.689502 0.670874
vt 0.711939 0.633814
vt 0.716748 0.633814
vt 0.711939 0.638623
vt 0.725561 0.647436
vt 0.725561 0.642627
vt 0.720752 0.647436
vt 0.689502 0.663061
vt 0.694311 0.663061
vt 0.694311 0.658252
vt 0.327124 0.170874
vt 0.322315 0.170874
vt 0.327124 0.158252
vt 0.368189 0.138623
vt 0.372998 0.126001
vt 0.368189 0.126001
vt 0.360376 0.126001
vt 0.365185 0.126001
vt 0.360376 0.138623
vt 0.170874 0.330127
vt 0.166065 0.342749
vt 0.170874 0.342749
vt 0.694311 0.686499
vt 0.689502 0.686499
vt 0.694311 0.681690
vt 0.708935 0.633814
vt 0.704126 0.633814
vt 0.704126 0.638623
vt 0.256811 0.139624
vt 0.252002 0.139624
vt 0.256811 0.127002
vt 0.366186 0.127002
vt 0.366186 0.139624
vt 0.361377 0.139624
vt 0.780249 0.889624
vt 0.775440 0.889624
vt 0.780249 0.884815
vt 0.697315 0.639624
vt 0.702124 0.639624
vt 0.702124 0.634815
vt 0.350561 0.139624
vt 0.345752 0.139624
vt 0.350561 0.127002
vt 0.689502 0.639624
vt 0.694311 0.639624
vt 0.694311 0.634815
vt 0.889624 0.759815
vt 0.884815 0.764624
vt 0.889624 0.764624
vt 0.717749 0.681690
vt 0.717749 0.686499
vt 0.712940 0.686499
vt 0.736377 0.678686
vt 0.741186 0.678686
vt 0.741186 0.673877
vt 0.711939 0.626001
vt 0.716748 0.626001
vt 0.711939 0.630810
vt 0.708935 0.626001
vt 0.704126 0.626001
vt 0.704126 0.630810
vt 0.639624 0.655249
vt 0.634815 0.655249
vt 0.639624 0.650440
vt 0.642627 0.998999
vt 0.647436 0.998999
vt 0.647436 0.970752
vt 0.663061 0.634815
vt 0.663061 0.639624
vt 0.658252 0.639624
vt 0.294873 0.219751
vt 0.282251 0.232373
vt 0.282251 0.219751
vt 0.502002 0.061499
vt 0.530249 0.002002
vt 0.530249 0.061499
vt 0.358374 0.092749
vt 0.345752 0.092749
vt 0.358374 0.080127
vt 0.377002 0.623999
vt 0.436499 0.564502
vt 0.436499 0.623999
vt 0.022436 0.189502
vt 0.017627 0.248999
vt 0.022436 0.248999
vt 0.053686 0.248999
vt 0.048877 0.248999
vt 0.053686 0.189502
vt 0.919873 0.438501
vt 0.907251 0.438501
vt 0.907251 0.497998
vt 0.647436 0.655249
vt 0.642627 0.655249
vt 0.647436 0.650440
vt 0.725561 0.634815
vt 0.725561 0.639624
vt 0.720752 0.639624
vt 0.748999 0.627002
vt 0.748999 0.631811
vt 0.744190 0.631811
vt 0.352564 0.141626
vt 0.357373 0.141626
vt 0.352564 0.154248
vt 0.720752 0.952124
vt 0.725561 0.952124
vt 0.725561 0.939502
vt 0.358374 0.155249
vt 0.358374 0.142627
vt 0.353565 0.155249
vt 0.631811 0.663061
vt 0.627002 0.663061
vt 0.631811 0.658252
vt 0.202124 0.314502
vt 0.197315 0.327124
vt 0.202124 0.327124
vt 0.061499 0.908252
vt 0.061499 0.936499
vt 0.048877 0.936499
vt 0.694311 0.631811
vt 0.694311 0.627002
vt 0.689502 0.631811
vt 0.696314 0.649439
vt 0.696314 0.654248
vt 0.701123 0.649439
vt 0.483374 0.905249
vt 0.483374 0.877002
vt 0.470752 0.905249
vt 0.139624 0.342749
vt 0.134815 0.342749
vt 0.139624 0.330127
vt 0.639624 0.673877
vt 0.634815 0.678686
vt 0.639624 0.678686
vt 0.344751 0.141626
vt 0.344751 0.154248
vt 0.349560 0.141626
vt 0.147436 0.327124
vt 0.142627 0.327124
vt 0.147436 0.314502
vt 0.845752 0.881811
vt 0.873999 0.877002
vt 0.873999 0.881811
vt 0.678686 0.650440
vt 0.673877 0.655249
vt 0.678686 0.655249
vt 0.709936 0.634815
vt 0.709936 0.639624
vt 0.705127 0.639624
vt 0.709936 0.663061
vt 0.705127 0.663061
vt 0.709936 0.658252
vt 0.639624 0.666065
vt 0.634815 0.670874
vt 0.639624 0.670874
vt 0.295874 0.173877
vt 0.295874 0.186499
vt 0.291065 0.186499
vt 0.329126 0.141626
vt 0.341748 0.141626
vt 0.329126 0.154248
vt 0.420874 0.970752
vt 0.408252 0.998999
vt 0.420874 0.998999
vt 0.858374 0.717749
vt 0.858374 0.689502
vt 0.845752 0.717749
vt 0.694311 0.673877
vt 0.689502 0.678686
vt 0.694311 0.678686
vt 0.702124 0.655249
vt 0.697315 0.655249
vt 0.702124 0.650440
vt 0.330127 0.155249
vt 0.342749 0.142627
vt 0.342749 0.155249
vt 0.368189 0.141626
vt 0.368189 0.154248
vt 0.372998 0.141626
vt 0.178686 0.327124
vt 0.178686 0.314502
vt 0.173877 0.327124
vt 0.280249 0.217749
vt 0.280249 0.205127
vt 0.267627 0.217749
vt 0.623999 0.248999
vt 0.623999 0.189502
vt 0.595752 0.248999
vt 0.259815 0.186499
vt 0.264624 0.173877
vt 0.264624 0.186499
vt 0.920874 0.439502
vt 0.908252 0.498999
vt 0.920874 0.498999
vt 0.967749 0.623999
vt 0.967749 0.564502
vt 0.955127 0.623999
vt 0.705127 0.670874
vt 0.709936 0.666065
vt 0.709936 0.670874
vt 0.655249 0.655249
vt 0.655249 0.650440
vt 0.650440 0.655249
vt 0.748999 0.647436
vt 0.744190 0.647436
vt 0.748999 0.642627
vt 0.670874 0.642627
vt 0.666065 0.647436
vt 0.670874 0.647436
vt 0.709936 0.631811
vt 0.705127 0.631811
vt 0.709936 0.627002
vt 0.283252 0.233374
vt 0.295874 0.220752
vt 0.295874 0.233374
vt 0.712940 0.639624
vt 0.717749 0.634815
vt 0.717749 0.639624
vt 0.725561 0.631811
vt 0.725561 0.627002
vt 0.720752 0.631811
vt 0.733374 0.666065
vt 0.728565 0.670874
vt 0.733374 0.670874
vt 0.733374 0.686499
vt 0.728565 0.686499
vt 0.733374 0.681690
vt 0.631811 0.631811
vt 0.631811 0.627002
vt 0.627002 0.631811
vt 0.673877 0.686499
vt 0.678686 0.681690
vt 0.678686 0.686499
vt 0.688501 0.654248
vt 0.693310 0.649439
vt 0.688501 0.649439
vt 0.733374 0.631811
vt 0.728565 0.631811
vt 0.733374 0.627002
vt 0.373999 0.217749
vt 0.373999 0.205127
vt 0.361377 0.217749
vt 0.767627 0.905249
vt 0.772436 0.900440
vt 0.772436 0.905249
vt 0.350561 0.142627
vt 0.350561 0.155249
vt 0.345752 0.155249
vt 0.627002 0.647436
vt 0.631811 0.647436
vt 0.631811 0.642627
vt 0.686499 0.631811
vt 0.681690 0.631811
vt 0.686499 0.627002
vt 0.670874 0.639624
vt 0.666065 0.639624
vt 0.670874 0.634815
vt 0.814502 0.373999
vt 0.842749 0.373999
vt 0.842749 0.345752
vt 0.814502 0.655249
vt 0.827124 0.627002
vt 0.827124 0.655249
vt 0.108374 0.905249
vt 0.095752 0.905249
vt 0.108374 0.877002
vt 0.728565 0.663061
vt 0.733374 0.658252
vt 0.733374 0.663061
vt 0.696314 0.641626
vt 0.696314 0.646435
vt 0.701123 0.641626
vt 0.655249 0.842749
vt 0.642627 0.842749
vt 0.655249 0.814502
vt 0.241186 0.311499
vt 0.241186 0.298877
vt 0.236377 0.311499
vt 0.283252 0.139624
vt 0.288061 0.127002
vt 0.288061 0.139624
vt 0.077124 0.358374
vt 0.077124 0.345752
vt 0.064502 0.358374
vt 0.342749 0.170874
vt 0.342749 0.158252
vt 0.337940 0.170874
vt 0.631811 0.952124
vt 0.631811 0.939502
vt 0.627002 0.952124
vt 0.360376 0.141626
vt 0.360376 0.154248
vt 0.365185 0.141626
vt 0.561499 0.658252
vt 0.561499 0.686499
vt 0.533252 0.686499
vt 0.373999 0.186499
vt 0.369190 0.186499
vt 0.373999 0.173877
vt 0.170874 0.108374
vt 0.158252 0.108374
vt 0.170874 0.095752
vt 0.783252 0.748999
vt 0.795874 0.720752
vt 0.795874 0.748999
vt 0.366186 0.155249
vt 0.361377 0.155249
vt 0.366186 0.142627
vt 0.170874 0.248999
vt 0.170874 0.236377
vt 0.158252 0.248999
vt 0.061499 0.123999
vt 0.033252 0.123999
vt 0.061499 0.095752
vt 0.842749 0.717749
vt 0.830127 0.717749
vt 0.842749 0.689502
vt 0.205127 0.998999
vt 0.217749 0.998999
vt 0.217749 0.970752
vt 0.748999 0.811499
vt 0.736377 0.811499
vt 0.748999 0.783252
vt 0.873999 0.889624
vt 0.873999 0.884815
vt 0.845752 0.889624
vt 0.936499 0.655249
vt 0.936499 0.627002
vt 0.931690 0.655249
vt 0.873999 0.780249
vt 0.873999 0.752002
vt 0.861377 0.780249
vt 0.702124 0.642627
vt 0.702124 0.647436
vt 0.697315 0.647436
vt 0.873999 0.436499
vt 0.873999 0.408252
vt 0.845752 0.436499
vt 0.321314 0.126001
vt 0.326123 0.126001
vt 0.321314 0.138623
vt 0.780249 0.158252
vt 0.752002 0.186499
vt 0.780249 0.186499
vt 0.170874 0.217749
vt 0.158252 0.217749
vt 0.170874 0.205127
vt 0.634815 0.647436
vt 0.639624 0.642627
vt 0.639624 0.647436
vt 0.717749 0.678686
vt 0.717749 0.673877
vt 0.712940 0.678686
vt 0.905249 0.764624
vt 0.905249 0.759815
vt 0.900440 0.764624
vt 0.647436 0.647436
vt 0.647436 0.642627
vt 0.642627 0.647436
vt 0.814502 0.436499
vt 0.842749 0.436499
vt 0.842749 0.408252
vt 0.064502 0.280249
vt 0.077124 0.267627
vt 0.077124 0.280249
vt 0.728565 0.678686
vt 0.733374 0.673877
vt 0.733374 0.678686
vt 0.688501 0.641626
vt 0.693310 0.641626
vt 0.688501 0.646435
vt 0.811499 0.845752
vt 0.798877 0.873999
vt 0.811499 0.873999
vt 0.533252 0.655249
vt 0.561499 0.655249
vt 0.561499 0.627002
vt 0.845752 0.561499
vt 0.873999 0.561499
vt 0.873999 0.533252
vt 0.873999 0.061499
vt 0.845752 0.061499
vt 0.873999 0.033252
vt 0.264624 0.189502
vt 0.264624 0.202124
vt 0.252002 0.202124
vt 0.248999 0.220752
vt 0.248999 0.233374
vt 0.236377 0.233374
vt 0.311499 0.202124
vt 0.298877 0.202124
vt 0.311499 0.189502
vt 0.655249 0.561499
vt 0.627002 0.561499
vt 0.655249 0.533252
vt 0.767627 0.842749
vt 0.780249 0.842749
vt 0.780249 0.814502
vt 0.108374 0.280249
vt 0.108374 0.267627
vt 0.095752 0.280249
vt 0.841748 0.657251
vt 0.829126 0.685498
vt 0.829126 0.657251
vt 0.655249 0.595752
vt 0.655249 0.623999
vt 0.627002 0.623999
vt 0.810498 0.657251
vt 0.782251 0.657251
vt 0.782251 0.685498
vt 0.889624 0.030249
vt 0.877002 0.030249
vt 0.889624 0.002002
vt 0.595752 0.873999
vt 0.623999 0.873999
vt 0.623999 0.845752
vt 0.889624 0.186499
vt 0.877002 0.186499
vt 0.889624 0.158252
vt 0.533252 0.873999
vt 0.561499 0.845752
vt 0.561499 0.873999
vt 0.998999 0.342749
vt 0.998999 0.314502
vt 0.986377 0.342749
vt 0.306690 0.170874
vt 0.311499 0.158252
vt 0.311499 0.170874
vt 0.322315 0.186499
vt 0.327124 0.173877
vt 0.327124 0.186499
vt 0.877002 0.780249
vt 0.881811 0.775440
vt 0.881811 0.780249
vt 0.694311 0.647436
vt 0.694311 0.642627
vt 0.689502 0.647436
vt 0.663061 0.631811
vt 0.663061 0.627002
vt 0.658252 0.631811
vt 0.905249 0.220752
vt 0.905249 0.248999
vt 0.892627 0.248999
vt 0.311499 0.186499
vt 0.311499 0.173877
vt 0.306690 0.186499
vt 0.670874 0.845752
vt 0.670874 0.873999
vt 0.658252 0.873999
vt 0.842749 0.592749
vt 0.814502 0.592749
vt 0.842749 0.564502
vt 0.748999 0.502002
vt 0.720752 0.530249
vt 0.748999 0.530249
vt 0.358374 0.202124
vt 0.358374 0.189502
vt 0.345752 0.202124
vt 0.998999 0.123999
vt 0.998999 0.095752
vt 0.986377 0.123999
vt 0.311499 0.108374
vt 0.298877 0.108374
vt 0.311499 0.095752
vt 0.342749 0.248999
vt 0.330127 0.248999
vt 0.342749 0.236377
vt 0.830127 0.686499
vt 0.842749 0.686499
vt 0.842749 0.658252
vt 0.314502 0.217749
vt 0.327124 0.217749
vt 0.327124 0.205127
vt 0.327124 0.248999
vt 0.314502 0.248999
vt 0.327124 0.236377
vt 0.452124 0.998999
vt 0.439502 0.998999
vt 0.452124 0.970752
vt 0.408252 0.811499
vt 0.436499 0.783252
vt 0.436499 0.811499
vt 0.892627 0.280249
vt 0.905249 0.252002
vt 0.905249 0.280249
vt 0.827124 0.873999
vt 0.827124 0.845752
vt 0.814502 0.873999
vt 0.779248 0.657251
vt 0.751001 0.685498
vt 0.751001 0.657251
vt 0.782251 0.626001
vt 0.810498 0.626001
vt 0.782251 0.654248
vt 0.780249 0.686499
vt 0.780249 0.658252
vt 0.752002 0.686499
vt 0.405249 0.814502
vt 0.377002 0.842749
vt 0.405249 0.842749
vt 0.780249 0.498999
vt 0.752002 0.498999
vt 0.780249 0.470752
vt 0.248999 0.873999
vt 0.220752 0.873999
vt 0.248999 0.845752
vt 0.295874 0.236377
vt 0.283252 0.248999
vt 0.295874 0.248999
vt 0.826123 0.657251
vt 0.813501 0.657251
vt 0.813501 0.685498
vt 0.155249 0.030249
vt 0.155249 0.017627
vt 0.142627 0.030249
vt 0.845752 0.873999
vt 0.858374 0.873999
vt 0.858374 0.845752
vt 0.498999 0.752002
vt 0.470752 0.780249
vt 0.498999 0.780249
vt 0.827124 0.686499
vt 0.827124 0.658252
vt 0.814502 0.686499
vt 0.373999 0.780249
vt 0.373999 0.752002
vt 0.345752 0.780249
vt 0.872998 0.657251
vt 0.860376 0.657251
vt 0.860376 0.685498
vt 0.811499 0.623999
vt 0.811499 0.595752
vt 0.783252 0.623999
vt 0.533252 0.780249
vt 0.561499 0.752002
vt 0.561499 0.780249
vt 0.861377 0.686499
vt 0.873999 0.686499
vt 0.873999 0.658252
vt 0.061499 0.092749
vt 0.033252 0.092749
vt 0.061499 0.064502
vt 0.844751 0.657251
vt 0.844751 0.685498
vt 0.857373 0.657251
vt 0.936499 0.061499
vt 0.923877 0.061499
vt 0.936499 0.033252
vt 0.779248 0.626001
vt 0.766626 0.654248
vt 0.766626 0.626001
vt 0.595752 0.780249
vt 0.623999 0.780249
vt 0.623999 0.752002
vt 0.326123 0.141626
vt 0.313501 0.154248
vt 0.313501 0.141626
vt 0.205127 0.248999
vt 0.217749 0.236377
vt 0.217749 0.248999
vt 0.811499 0.748999
vt 0.811499 0.720752
vt 0.798877 0.748999
vt 0.751001 0.626001
vt 0.763623 0.626001
vt 0.751001 0.654248
vt 0.373999 0.842749
vt 0.345752 0.842749
vt 0.373999 0.814502
vt 0.498999 0.873999
vt 0.498999 0.845752
vt 0.470752 0.873999
vt 0.236377 0.030249
vt 0.248999 0.030249
vt 0.248999 0.017627
vt 0.764624 0.720752
vt 0.764624 0.748999
vt 0.752002 0.748999
vt 0.327124 0.155249
vt 0.314502 0.155249
vt 0.327124 0.142627
vt 0.780249 0.592749
vt 0.752002 0.592749
vt 0.780249 0.564502
vt 0.533252 0.717749
vt 0.561499 0.717749
vt 0.561499 0.689502
vt 0.873999 0.623999
vt 0.845752 0.623999
vt 0.873999 0.595752
vt 0.092749 0.002002
vt 0.092749 0.030249
vt 0.064502 0.030249
vt 0.030249 0.092749
vt 0.002002 0.092749
vt 0.030249 0.064502
vt 0.595752 0.811499
vt 0.623999 0.811499
vt 0.623999 0.783252
vt 0.280249 0.080127
vt 0.280249 0.092749
vt 0.267627 0.092749
vt 0.358374 0.108374
vt 0.358374 0.095752
vt 0.345752 0.108374
vt 0.702124 0.752002
vt 0.702124 0.780249
vt 0.689502 0.780249
vt 0.780249 0.748999
vt 0.767627 0.748999
vt 0.780249 0.720752
vt 0.748999 0.842749
vt 0.748999 0.814502
vt 0.736377 0.842749
vt 0.329126 0.138623
vt 0.341748 0.126001
vt 0.329126 0.126001
vt 0.264624 0.064502
vt 0.264624 0.077124
vt 0.252002 0.077124
vt 0.373999 0.030249
vt 0.373999 0.017627
vt 0.361377 0.030249
vt 0.264624 0.233374
vt 0.252002 0.233374
vt 0.264624 0.220752
vt 0.311499 0.061499
vt 0.311499 0.048877
vt 0.298877 0.061499
vt 0.327124 0.233374
vt 0.327124 0.220752
vt 0.314502 0.233374
vt 0.861377 0.655249
vt 0.873999 0.655249
vt 0.873999 0.627002
vt 0.564502 0.842749
vt 0.592749 0.842749
vt 0.592749 0.814502
vt 0.295874 0.045874
vt 0.295874 0.033252
vt 0.283252 0.045874
vt 0.283252 0.014624
vt 0.295874 0.002002
vt 0.295874 0.014624
vt 0.327124 0.202124
vt 0.327124 0.189502
vt 0.314502 0.202124
vt 0.780249 0.655249
vt 0.767627 0.655249
vt 0.780249 0.627002
vt 0.830127 0.655249
vt 0.842749 0.655249
vt 0.842749 0.627002
vt 0.014624 0.155249
vt 0.014624 0.142627
vt 0.002002 0.155249
vt 0.783252 0.686499
vt 0.811499 0.658252
vt 0.811499 0.686499
vt 0.717749 0.783252
vt 0.705127 0.811499
vt 0.717749 0.811499
vt 0.123999 0.295874
vt 0.123999 0.283252
vt 0.111377 0.295874
vt 0.186499 0.220752
vt 0.173877 0.233374
vt 0.186499 0.233374
vt 0.858374 0.655249
vt 0.858374 0.627002
vt 0.845752 0.655249
vt 0.764624 0.655249
vt 0.764624 0.627002
vt 0.752002 0.655249
vt 0.327124 0.061499
vt 0.314502 0.061499
vt 0.327124 0.048877
vt 0.908252 0.561499
vt 0.920874 0.502002
vt 0.920874 0.561499
vt 0.736377 0.655249
vt 0.741186 0.655249
vt 0.741186 0.650440
vt 0.264624 0.248999
vt 0.252002 0.248999
vt 0.264624 0.236377
vt 0.178686 0.298877
vt 0.173877 0.311499
vt 0.178686 0.311499
vt 0.209936 0.373999
vt 0.205127 0.373999
vt 0.209936 0.361377
vt 0.639624 0.634815
vt 0.639624 0.639624
vt 0.634815 0.639624
vt 0.702124 0.658252
vt 0.702124 0.663061
vt 0.697315 0.663061
vt 0.686499 0.673877
vt 0.686499 0.678686
vt 0.681690 0.678686
vt 0.717749 0.627002
vt 0.717749 0.631811
vt 0.712940 0.631811
vt 0.330127 0.233374
vt 0.342749 0.233374
vt 0.342749 0.220752
vt 0.061499 0.845752
vt 0.061499 0.873999
vt 0.033252 0.873999
vt 0.639624 0.998999
vt 0.634815 0.998999
vt 0.639624 0.970752
vt 0.467749 0.377002
vt 0.439502 0.436499
vt 0.467749 0.436499
vt 0.467749 0.842749
vt 0.439502 0.842749
vt 0.467749 0.814502
vt 0.373999 0.080127
vt 0.373999 0.092749
vt 0.361377 0.092749
vt 0.564502 0.811499
vt 0.592749 0.783252
vt 0.592749 0.811499
vt 0.342749 0.127002
vt 0.342749 0.139624
vt 0.330127 0.139624
vt 0.108374 0.936499
vt 0.095752 0.936499
vt 0.108374 0.908252
vt 0.795874 0.780249
vt 0.783252 0.780249
vt 0.795874 0.752002
vt 0.564502 0.686499
vt 0.592749 0.686499
vt 0.592749 0.658252
vt 0.373999 0.564502
vt 0.345752 0.623999
vt 0.373999 0.623999
vt 0.655249 0.681690
vt 0.655249 0.686499
vt 0.650440 0.686499
vt 0.689502 0.655249
vt 0.694311 0.650440
vt 0.694311 0.655249
vt 0.373999 0.155249
vt 0.369190 0.155249
vt 0.373999 0.142627
vt 0.717749 0.670874
vt 0.717749 0.666065
vt 0.712940 0.670874
vt 0.264624 0.030249
vt 0.252002 0.030249
vt 0.264624 0.017627
vt 0.313501 0.126001
vt 0.313501 0.138623
vt 0.318310 0.126001
vt 0.702124 0.908252
vt 0.702124 0.936499
vt 0.697315 0.936499
vt 0.873999 0.405249
vt 0.845752 0.405249
vt 0.873999 0.377002
vt 0.319311 0.127002
vt 0.319311 0.139624
vt 0.314502 0.139624
vt 0.783252 0.655249
vt 0.811499 0.655249
vt 0.811499 0.627002
vt 0.709936 0.986377
vt 0.709936 0.998999
vt 0.705127 0.998999
vt 0.314502 0.108374
vt 0.327124 0.095752
vt 0.327124 0.108374
vt 0.681690 0.647436
vt 0.686499 0.647436
vt 0.686499 0.642627
vt 0.358374 0.186499
vt 0.353565 0.186499
vt 0.358374 0.173877
vt 0.728565 0.655249
vt 0.733374 0.655249
vt 0.733374 0.650440
vt 0.748999 0.639624
vt 0.748999 0.634815
vt 0.744190 0.639624
vt 0.658252 0.952124
vt 0.663061 0.939502
vt 0.663061 0.952124
vt 0.733374 0.647436
vt 0.728565 0.647436
vt 0.733374 0.642627
vt 0.358374 0.002002
vt 0.345752 0.014624
vt 0.358374 0.014624
vt 0.319311 0.170874
vt 0.319311 0.158252
vt 0.314502 0.170874
vt 0.108374 0.283252
vt 0.095752 0.295874
vt 0.108374 0.295874
vt 0.131811 0.358374
vt 0.127002 0.358374
vt 0.131811 0.345752
vt 0.358374 0.077124
vt 0.345752 0.077124
vt 0.358374 0.064502
vt 0.720752 0.811499
vt 0.733374 0.811499
vt 0.733374 0.783252
vt 0.994190 0.748999
vt 0.998999 0.748999
vt 0.998999 0.720752
vt 0.264624 0.908252
vt 0.264624 0.936499
vt 0.252002 0.936499
vt 0.502002 0.842749
vt 0.530249 0.842749
vt 0.530249 0.814502
vt 0.147436 0.267627
vt 0.147436 0.280249
vt 0.142627 0.280249
vt 0.861377 0.717749
vt 0.873999 0.689502
vt 0.873999 0.717749
vt 0.373999 0.127002
vt 0.373999 0.139624
vt 0.369190 0.139624
vt 0.217749 0.345752
vt 0.212940 0.358374
vt 0.217749 0.358374
vt 0.741186 0.642627
vt 0.741186 0.647436
vt 0.736377 0.647436
vt 0.873999 0.811499
vt 0.873999 0.783252
vt 0.861377 0.811499
vt 0.158252 0.998999
vt 0.170874 0.970752
vt 0.170874 0.998999
vt 0.783252 0.873999
vt 0.795874 0.873999
vt 0.795874 0.845752
vt 0.678686 0.939502
vt 0.673877 0.952124
vt 0.678686 0.952124
vt 0.202124 0.280249
vt 0.197315 0.280249
vt 0.202124 0.267627
vt 0.217749 0.330127
vt 0.212940 0.342749
vt 0.217749 0.342749
vt 0.967749 0.123999
vt 0.967749 0.095752
vt 0.955127 0.123999
vt 0.889624 0.561499
vt 0.889624 0.502002
vt 0.877002 0.561499
vt 0.952124 0.564502
vt 0.952124 0.623999
vt 0.939502 0.623999
vt 0.689502 0.983374
vt 0.694311 0.970752
vt 0.694311 0.983374
vt 0.373999 0.158252
vt 0.369190 0.170874
vt 0.373999 0.170874
vt 0.327124 0.127002
vt 0.322315 0.139624
vt 0.327124 0.139624
vt 0.845752 0.686499
vt 0.858374 0.686499
vt 0.858374 0.658252
vt 0.655249 0.970752
vt 0.650440 0.998999
vt 0.655249 0.998999
vt 0.530249 0.780249
vt 0.502002 0.780249
vt 0.530249 0.752002
vt 0.811499 0.311499
vt 0.811499 0.283252
vt 0.783252 0.311499
vt 0.030249 0.908252
vt 0.030249 0.936499
vt 0.017627 0.936499
vt 0.655249 0.780249
vt 0.655249 0.752002
vt 0.642627 0.780249
vt 0.311499 0.236377
vt 0.311499 0.248999
vt 0.298877 0.248999
vt 0.108374 0.264624
vt 0.108374 0.252002
vt 0.095752 0.264624
vt 0.264624 0.158252
vt 0.264624 0.170874
vt 0.259815 0.170874
vt 0.264624 0.048877
vt 0.252002 0.061499
vt 0.264624 0.061499
vt 0.139624 0.248999
vt 0.139624 0.236377
vt 0.127002 0.248999
vt 0.881811 0.720752
vt 0.877002 0.748999
vt 0.881811 0.748999
vt 0.748999 0.936499
vt 0.748999 0.908252
vt 0.744190 0.936499
vt 0.264624 0.905249
vt 0.252002 0.905249
vt 0.264624 0.877002
vt 0.014624 0.267627
vt 0.002002 0.280249
vt 0.014624 0.280249
vt 0.225561 0.342749
vt 0.220752 0.342749
vt 0.225561 0.330127
vt 0.764624 0.811499
vt 0.764624 0.783252
vt 0.752002 0.811499
vt 0.342749 0.095752
vt 0.330127 0.108374
vt 0.342749 0.108374
s 1
f 3/1/1 4/2/2 2/3/3
f 8/4/4 9/5/5 7/6/6
f 8/7/4 7/8/6 6/9/7
f 10/10/8 9/11/5 8/12/4
f 14/13/9 13/14/10 4/15/2
f 7/16/6 16/17/11 15/18/12
f 9/19/5 17/20/13 16/21/11
f 9/22/5 16/23/11 7/24/6
f 21/25/14 22/26/15 20/27/16
f 21/28/14 20/29/16 19/30/17
f 23/31/18 24/32/19 22/33/15
f 23/34/18 22/35/15 21/36/14
f 25/37/20 26/38/21 23/39/18
f 26/40/21 24/41/19 23/42/18
f 27/43/22 28/44/23 25/45/20
f 28/46/23 26/47/21 25/48/20
f 20/49/16 30/50/24 29/51/25
f 22/52/15 31/53/26 30/54/24
f 22/55/15 30/56/24 20/57/16
f 24/58/19 32/59/27 31/60/26
f 24/61/19 31/62/26 22/63/15
f 26/64/21 33/65/28 24/66/19
f 33/67/28 32/68/27 24/69/19
f 28/70/23 34/71/29 26/72/21
f 34/73/29 33/74/28 26/75/21
f 35/76/30 34/77/29 28/78/23
f 1/79/31 29/80/25 36/81/32
f 30/82/24 37/83/33 36/84/32
f 30/85/24 36/86/32 29/87/25
f 31/88/26 38/89/34 37/90/33
f 31/91/26 37/92/33 30/93/24
f 32/94/27 39/95/35 38/96/34
f 32/97/27 38/98/34 31/99/26
f 33/100/28 40/101/36 32/102/27
f 40/103/36 39/104/35 32/105/27
f 34/106/29 41/107/37 33/108/28
f 41/109/37 40/110/36 33/111/28
f 35/112/30 42/113/38 34/114/29
f 42/115/38 41/116/37 34/117/29
f 42/118/38 35/119/30 11/120/39
f 45/121/40 21/122/14 19/123/17
f 45/124/40 19/125/17 44/126/41
f 46/127/42 23/128/18 21/129/14
f 46/130/42 21/131/14 45/132/40
f 47/133/43 25/134/20 46/135/42
f 25/136/20 23/137/18 46/138/42
f 48/139/44 27/140/22 47/141/43
f 27/142/22 25/143/20 47/144/43
f 1/145/31 12/146/45 43/147/46
f 13/148/10 44/149/41 12/150/45
f 44/151/41 43/152/46 12/153/45
f 14/154/9 45/155/40 13/156/10
f 45/157/40 44/158/41 13/159/10
f 15/160/12 46/161/42 14/162/9
f 46/163/42 45/164/40 14/165/9
f 16/166/11 47/167/43 46/168/42
f 16/169/11 46/170/42 15/171/12
f 17/172/13 48/173/44 47/174/43
f 17/175/13 47/176/43 16/177/11
f 18/178/47 49/179/48 48/180/44
f 18/181/47 48/182/44 17/183/13
f 49/184/48 18/185/47 11/186/39
f 50/187/49 51/188/50 52/189/51
f 53/190/52 54/191/53 52/192/51
f 53/193/52 52/194/51 51/195/50
f 55/196/54 56/197/55 54/198/53
f 55/199/54 54/200/53 53/201/52
f 57/202/56 58/203/57 56/204/55
f 57/205/56 56/206/55 55/207/54
f 59/208/58 60/209/59 57/210/56
f 60/211/59 58/212/57 57/213/56
f 61/214/60 62/215/61 59/216/58
f 62/217/61 60/218/59 59/219/58
f 63/220/62 64/221/63 61/222/60
f 64/223/63 62/224/61 61/225/60
f 64/226/63 63/227/62 65/228/64
f 50/229/49 52/230/51 66/231/65
f 54/232/53 67/233/66 52/234/51
f 67/235/66 66/236/65 52/237/51
f 56/238/55 68/239/67 54/240/53
f 68/241/67 67/242/66 54/243/53
f 58/244/57 69/245/68 56/246/55
f 69/247/68 68/248/67 56/249/55
f 60/250/59 70/251/69 69/252/68
f 60/253/59 69/254/68 58/255/57
f 62/256/61 71/257/70 70/258/69
f 62/259/61 70/260/69 60/261/59
f 64/262/63 72/263/71 71/264/70
f 64/265/63 71/266/70 62/267/61
f 72/268/71 64/269/63 65/270/64
f 74/271/72 55/272/54 73/273/73
f 55/274/54 53/275/52 73/276/73
f 75/277/74 57/278/56 74/279/72
f 57/280/56 55/281/54 74/282/72
f 76/283/75 59/284/58 57/285/56
f 76/286/75 57/287/56 75/288/74
f 77/289/76 61/290/60 59/291/58
f 77/292/76 59/293/58 76/294/75
f 78/295/77 77/296/76 76/297/75
f 79/298/78 77/299/76 78/300/77
f 50/301/49 66/302/65 80/303/79
f 67/304/66 81/305/80 80/306/79
f 67/307/66 80/308/79 66/309/65
f 68/310/67 82/311/81 81/312/80
f 68/313/67 81/314/80 67/315/66
f 69/316/68 83/317/82 82/318/81
f 69/319/68 82/320/81 68/321/67
f 70/322/69 84/323/83 69/324/68
f 84/325/83 83/326/82 69/327/68
f 71/328/70 85/329/84 70/330/69
f 85/331/84 84/332/83 70/333/69
f 72/334/71 86/335/85 71/336/70
f 86/337/85 85/338/84 71/339/70
f 86/340/85 72/341/71 65/342/64
f 50/343/49 80/344/79 87/345/86
f 81/346/80 88/347/87 87/348/86
f 81/349/80 87/350/86 80/351/79
f 82/352/81 89/353/88 88/354/87
f 82/355/81 88/356/87 81/357/80
f 83/358/82 90/359/89 89/360/88
f 83/361/82 89/362/88 82/363/81
f 84/364/83 91/365/90 83/366/82
f 91/367/90 90/368/89 83/369/82
f 85/370/84 92/371/91 84/372/83
f 92/373/91 91/374/90 84/375/83
f 86/376/85 93/377/92 85/378/84
f 93/379/92 92/380/91 85/381/84
f 93/382/92 86/383/85 65/384/64
f 50/385/49 87/386/86 94/387/93
f 88/388/87 95/389/94 94/390/93
f 88/391/87 94/392/93 87/393/86
f 89/394/88 96/395/95 95/396/94
f 89/397/88 95/398/94 88/399/87
f 90/400/89 96/401/95 89/402/88
f 91/403/90 97/404/96 90/405/89
f 92/406/91 98/407/97 91/408/90
f 98/409/97 97/410/96 91/411/90
f 93/412/92 99/413/98 92/414/91
f 99/415/98 98/416/97 92/417/91
f 99/418/98 93/419/92 65/420/64
f 94/421/93 100/422/99 101/423/100
f 94/424/93 101/425/100 50/426/49
f 95/427/94 102/428/101 100/429/99
f 95/430/94 100/431/99 94/432/93
f 96/433/95 103/434/102 102/435/101
f 96/436/95 102/437/101 95/438/94
f 98/439/97 105/440/103 97/441/96
f 105/442/103 104/443/104 97/444/96
f 99/445/98 106/446/105 98/447/97
f 106/448/105 105/449/103 98/450/97
f 65/451/64 107/452/106 99/453/98
f 107/454/106 106/455/105 99/456/98
f 107/457/106 65/458/64 108/459/107
f 65/460/64 79/461/78 108/462/107
f 100/463/99 109/464/108 110/465/109
f 100/466/99 110/467/109 101/468/100
f 102/469/101 109/470/108 100/471/99
f 106/472/105 112/473/110 105/474/103
f 107/475/106 113/476/111 106/477/105
f 113/478/111 112/479/110 106/480/105
f 128/481/112 129/482/113 127/483/114
f 125/484/115 124/485/116 129/486/113
f 125/487/115 129/488/113 128/489/112
f 36/490/32 118/491/117 1/492/31
f 42/493/38 128/494/112 41/495/37
f 11/496/39 125/497/115 42/498/38
f 125/499/115 128/500/112 42/501/38
f 129/502/113 115/503/118 127/504/114
f 109/505/108 116/506/119 110/507/109
f 116/508/119 117/509/120 110/510/109
f 119/511/121 116/512/119 109/513/108
f 112/514/110 123/515/122 122/516/123
f 113/517/111 124/518/116 123/519/122
f 113/520/111 123/521/122 112/522/110
f 1/523/31 2/524/3 12/525/45
f 4/526/2 13/527/10 2/528/3
f 13/529/10 12/530/45 2/531/3
f 10/532/8 17/533/13 9/534/5
f 18/535/47 10/536/8 11/537/39
f 10/538/8 18/539/47 17/540/13
f 1/541/31 43/542/46 29/543/25
f 19/544/17 20/545/16 29/546/25
f 44/547/41 19/548/17 29/549/25
f 44/550/41 29/551/25 43/552/46
f 35/553/30 27/554/22 48/555/44
f 35/556/30 28/557/23 27/558/22
f 35/559/30 49/560/48 11/561/39
f 49/562/48 35/563/30 48/564/44
f 73/565/73 53/566/52 51/567/50
f 63/568/62 61/569/60 77/570/76
f 79/571/78 63/572/62 77/573/76
f 63/574/62 79/575/78 65/576/64
f 108/577/107 79/578/78 78/579/77
f 108/580/107 78/581/77 115/582/118
f 129/583/113 108/584/107 115/585/118
f 113/586/111 107/587/106 108/588/107
f 124/589/116 113/590/111 108/591/107
f 124/592/116 108/593/107 129/594/113
f 39/595/35 126/596/124 38/597/34
f 128/598/112 127/599/114 41/600/37
f 41/601/37 127/602/114 40/603/36
f 116/604/119 2/605/3 117/606/120
f 2/607/3 118/608/117 117/609/120
f 2/610/3 1/611/31 118/612/117
f 119/613/121 3/614/1 116/615/119
f 3/616/1 2/617/3 116/618/119
f 120/619/125 5/620/126 119/621/121
f 5/622/126 3/623/1 119/624/121
f 122/625/123 6/626/7 121/627/127
f 122/628/123 8/629/4 6/630/7
f 123/631/122 8/632/4 122/633/123
f 123/634/122 10/635/8 8/636/4
f 124/637/116 10/638/8 123/639/122
f 124/640/116 125/641/115 10/642/8
f 125/643/115 11/644/39 10/645/8
f 102/646/101 119/647/121 109/648/108
f 103/649/102 119/650/121 102/651/101
f 103/652/102 120/653/125 119/654/121
f 105/655/103 122/656/123 104/657/104
f 112/658/110 122/659/123 105/660/103
f 122/661/123 121/662/127 104/663/104
f 75/664/74 74/665/72 114/666/128
f 134/667/129 126/668/124 135/669/130
f 137/670/131 39/671/35 138/672/132
f 142/673/133 127/674/114 143/675/134
f 130/676/135 131/677/136 150/678/137
f 151/679/138 150/680/137 131/681/136
f 131/682/136 132/683/139 151/684/138
f 152/685/140 151/686/138 132/687/139
f 132/688/139 133/689/141 152/690/140
f 133/691/141 134/692/129 152/693/140
f 153/694/142 152/695/140 134/696/129
f 134/697/129 135/698/130 153/699/142
f 154/700/143 153/701/142 135/702/130
f 135/703/130 136/704/144 154/705/143
f 136/706/144 137/707/131 154/708/143
f 142/709/133 143/710/134 155/711/145
f 143/712/134 144/713/146 155/714/145
f 156/715/147 155/716/145 144/717/146
f 144/718/146 145/719/148 156/720/147
f 145/721/148 146/722/149 156/723/147
f 157/724/150 156/725/147 146/726/149
f 146/727/149 147/728/151 157/729/150
f 150/730/137 151/731/138 160/732/152
f 160/733/152 159/734/153 150/735/137
f 151/736/138 152/737/140 161/738/154
f 161/739/154 160/740/152 151/741/138
f 152/742/140 153/743/142 162/744/155
f 162/745/155 161/746/154 152/747/140
f 153/748/142 154/749/143 163/750/156
f 163/751/156 162/752/155 153/753/142
f 165/754/157 158/755/158 176/756/159
f 166/757/160 176/758/159 158/759/158
f 158/760/158 159/761/153 167/762/161
f 167/763/161 166/764/160 158/765/158
f 159/766/153 160/767/152 168/768/162
f 168/769/162 167/770/161 159/771/153
f 160/772/152 161/773/154 168/774/162
f 169/775/163 168/776/162 161/777/154
f 161/778/154 162/779/155 169/780/163
f 170/781/164 169/782/163 162/783/155
f 162/784/155 163/785/156 170/786/164
f 171/787/165 170/788/164 163/789/156
f 176/790/159 166/791/160 193/792/166
f 177/793/167 193/794/166 166/795/160
f 166/796/160 167/797/161 178/798/168
f 178/799/168 177/800/167 166/801/160
f 169/802/163 170/803/164 179/804/169
f 180/805/170 179/806/169 170/807/164
f 170/808/164 171/809/165 180/810/170
f 171/811/165 172/812/171 181/813/172
f 182/814/173 181/815/172 172/816/171
f 183/817/174 182/818/173 172/819/171
f 173/820/175 174/821/176 188/822/177
f 188/823/177 187/824/178 173/825/175
f 189/826/179 188/827/177 174/828/176
f 190/829/180 189/830/179 175/831/181
f 193/832/166 192/833/182 176/834/159
f 193/835/166 177/836/167 205/837/183
f 194/838/184 205/839/183 177/840/167
f 181/841/172 182/842/173 196/843/185
f 197/844/186 196/845/185 182/846/173
f 182/847/173 183/848/174 198/849/187
f 198/850/187 197/851/186 182/852/173
f 183/853/174 184/854/188 199/855/189
f 199/856/189 198/857/187 183/858/174
f 184/859/188 185/860/190 199/861/189
f 200/862/191 199/863/189 185/864/190
f 185/865/190 186/866/192 201/867/193
f 201/868/193 200/869/191 185/870/190
f 186/871/192 187/872/178 202/873/194
f 202/874/194 201/875/193 186/876/192
f 187/877/178 188/878/177 203/879/195
f 203/880/195 202/881/194 187/882/178
f 189/883/179 190/884/180 204/885/196
f 205/886/183 194/887/184 211/888/197
f 198/889/187 199/890/189 206/891/198
f 199/892/189 200/893/191 207/894/199
f 207/895/199 206/896/198 199/897/189
f 200/898/191 201/899/193 208/900/200
f 208/901/200 207/902/199 200/903/191
f 201/904/193 202/905/194 209/906/201
f 209/907/201 208/908/200 201/909/193
f 202/910/194 203/911/195 210/912/202
f 210/913/202 209/914/201 202/915/194
f 206/916/198 207/917/199 212/918/203
f 213/919/204 212/920/203 207/921/199
f 207/922/199 208/923/200 214/924/205
f 214/925/205 213/926/204 207/927/199
f 208/928/200 209/929/201 214/930/205
f 215/931/206 214/932/205 209/933/201
f 209/934/201 210/935/202 216/936/207
f 216/937/207 215/938/206 209/939/201
f 212/940/203 213/941/204 218/942/208
f 219/943/209 218/944/208 213/945/204
f 213/946/204 214/947/205 220/948/210
f 220/949/210 219/950/209 213/951/204
f 214/952/205 215/953/206 221/954/211
f 221/955/211 220/956/210 214/957/205
f 215/958/206 216/959/207 222/960/212
f 222/961/212 221/962/211 215/963/206
f 218/964/208 219/965/209 223/966/213
f 224/967/214 223/968/213 219/969/209
f 219/970/209 220/971/210 225/972/215
f 225/973/215 224/974/214 219/975/209
f 220/976/210 221/977/211 225/978/215
f 226/979/216 225/980/215 221/981/211
f 221/982/211 222/983/212 226/984/216
f 227/985/217 226/986/216 222/987/212
f 225/988/215 226/989/216 228/990/218
f 229/991/219 228/992/218 226/993/216
f 226/994/216 227/995/217 229/996/219
f 230/997/220 229/998/219 227/999/217
f 228/1000/218 229/1001/219 231/1002/221
f 229/1003/219 230/1004/220 232/1005/222
f 232/1006/222 231/1007/221 229/1008/219
f 130/1009/135 75/1010/74 131/1011/136
f 114/1012/128 132/1013/139 131/1014/136
f 75/1015/74 114/1016/128 131/1017/136
f 132/1018/139 114/1019/128 133/1020/141
f 126/1021/124 134/1022/129 133/1023/141
f 114/1024/128 126/1025/124 133/1026/141
f 135/1027/130 126/1028/124 136/1029/144
f 39/1030/35 137/1031/131 136/1032/144
f 126/1033/124 39/1034/35 136/1035/144
f 138/1036/132 39/1037/35 139/1038/223
f 40/1039/36 140/1040/224 139/1041/223
f 39/1042/35 40/1043/36 139/1044/223
f 140/1045/224 40/1046/36 141/1047/225
f 127/1048/114 142/1049/133 141/1050/225
f 40/1051/36 127/1052/114 141/1053/225
f 143/1054/134 127/1055/114 144/1056/146
f 115/1057/118 145/1058/148 144/1059/146
f 127/1060/114 115/1061/118 144/1062/146
f 78/1063/77 146/1064/149 145/1065/148
f 145/1066/148 115/1067/118 78/1068/77
f 146/1069/149 78/1070/77 147/1071/151
f 76/1072/75 148/1073/226 147/1074/151
f 78/1075/77 76/1076/75 147/1077/151
f 75/1078/74 130/1079/135 149/1080/227
f 148/1081/226 76/1082/75 149/1083/227
f 76/1084/75 75/1085/74 149/1086/227
f 184/1087/188 183/1088/174 172/1089/171
f 234/1090/228 228/1091/218 235/1092/229
f 236/1093/230 231/1094/221 237/1095/231
f 237/1096/231 231/1097/221 238/1098/232
f 239/1099/233 232/1100/222 240/1101/234
f 240/1102/234 232/1103/222 241/1104/235
f 245/1105/236 223/1106/213 246/1107/237
f 246/1108/237 223/1109/213 247/1110/238
f 248/1111/239 250/1112/240 247/1113/238
f 247/1114/238 250/1115/240 246/1116/237
f 246/1117/237 250/1118/240 245/1119/236
f 236/1120/230 251/1121/241 235/1122/229
f 250/1123/240 234/1124/228 251/1125/241
f 235/1126/229 251/1127/241 234/1128/228
f 239/1129/233 253/1130/242 238/1131/232
f 238/1132/232 253/1133/242 237/1134/231
f 237/1135/231 253/1136/242 236/1137/230
f 251/1138/241 236/1139/230 253/1140/242
f 254/1141/243 249/1142/244 255/1143/245
f 257/1144/246 240/1145/234 241/1146/235
f 255/1147/245 259/1148/247 254/1149/243
f 253/1150/242 260/1151/248 251/1152/241
f 261/1153/249 255/1154/245 252/1155/250
f 252/1156/250 262/1157/251 261/1158/249
f 262/1159/251 256/1160/252 261/1161/249
f 252/1162/250 263/1163/253 262/1164/251
f 264/1165/254 260/1166/248 253/1167/242
f 257/1168/246 264/1169/254 240/1170/234
f 240/1171/234 264/1172/254 239/1173/233
f 253/1174/242 239/1175/233 264/1176/254
f 264/1177/254 265/1178/255 260/1179/248
f 261/1180/249 256/1181/252 265/1182/255
f 260/1183/248 265/1184/255 256/1185/252
f 265/1186/255 264/1187/254 259/1188/247
f 261/1189/249 265/1190/255 255/1191/245
f 259/1192/247 255/1193/245 265/1194/255
f 225/1195/215 228/1196/218 234/1197/228
f 228/1198/218 231/1199/221 236/1200/230
f 235/1201/229 228/1202/218 236/1203/230
f 232/1204/222 239/1205/233 238/1206/232
f 238/1207/232 231/1208/221 232/1209/222
f 241/1210/235 232/1211/222 230/1212/220
f 223/1213/213 245/1214/236 244/1215/256
f 218/1216/208 223/1217/213 244/1218/256
f 224/1219/214 248/1220/239 247/1221/238
f 247/1222/238 223/1223/213 224/1224/214
f 248/1225/239 224/1226/214 233/1227/257
f 234/1228/228 250/1229/240 233/1230/257
f 233/1231/257 224/1232/214 234/1233/228
f 224/1234/214 225/1235/215 234/1236/228
f 233/1237/257 250/1238/240 248/1239/239
f 266/1240/258 50/1241/49 267/1242/259
f 270/1243/260 117/1244/120 271/1245/261
f 272/1246/262 118/1247/117 273/1248/263
f 281/1249/264 114/1250/128 282/1251/265
f 282/1252/265 114/1253/128 283/1254/266
f 285/1255/267 73/1256/73 286/1257/268
f 288/1258/269 266/1259/258 305/1260/270
f 289/1261/271 305/1262/270 266/1263/258
f 266/1264/258 267/1265/259 289/1266/271
f 290/1267/272 289/1268/271 267/1269/259
f 267/1270/259 268/1271/273 290/1272/272
f 268/1273/273 269/1274/274 290/1275/272
f 291/1276/275 290/1277/272 269/1278/274
f 269/1279/274 270/1280/260 291/1281/275
f 270/1282/260 271/1283/261 291/1284/275
f 292/1285/276 291/1286/275 271/1287/261
f 271/1288/261 272/1289/262 292/1290/276
f 293/1291/277 292/1292/276 272/1293/262
f 272/1294/262 273/1295/263 293/1296/277
f 294/1297/278 293/1298/277 273/1299/263
f 273/1300/263 274/1301/279 294/1302/278
f 295/1303/280 294/1304/278 274/1305/279
f 274/1306/279 275/1307/281 295/1308/280
f 296/1309/282 295/1310/280 275/1311/281
f 275/1312/281 276/1313/283 296/1314/282
f 276/1315/283 277/1316/284 296/1317/282
f 297/1318/285 296/1319/282 277/1320/284
f 277/1321/284 278/1322/286 297/1323/285
f 298/1324/287 297/1325/285 278/1326/286
f 278/1327/286 279/1328/288 298/1329/287
f 299/1330/289 298/1331/287 279/1332/288
f 279/1333/288 280/1334/290 299/1335/289
f 280/1336/290 281/1337/264 299/1338/289
f 300/1339/291 299/1340/289 281/1341/264
f 281/1342/264 282/1343/265 300/1344/291
f 282/1345/265 283/1346/266 300/1347/291
f 301/1348/292 300/1349/291 283/1350/266
f 283/1351/266 284/1352/293 301/1353/292
f 284/1354/293 285/1355/267 301/1356/292
f 302/1357/294 301/1358/292 285/1359/267
f 303/1360/295 302/1361/294 285/1362/267
f 285/1363/267 286/1364/268 303/1365/295
f 304/1366/296 303/1367/295 286/1368/268
f 286/1369/268 287/1370/297 304/1371/296
f 287/1372/297 288/1373/269 304/1374/296
f 305/1375/270 304/1376/296 288/1377/269
f 305/1378/270 289/1379/271 322/1380/298
f 306/1381/299 322/1382/298 289/1383/271
f 289/1384/271 290/1385/272 306/1386/299
f 307/1387/300 306/1388/299 290/1389/272
f 290/1390/272 291/1391/275 307/1392/300
f 308/1393/301 307/1394/300 291/1395/275
f 291/1396/275 292/1397/276 308/1398/301
f 309/1399/302 308/1400/301 292/1401/276
f 292/1402/276 293/1403/277 310/1404/303
f 310/1405/303 309/1406/302 292/1407/276
f 293/1408/277 294/1409/278 311/1410/304
f 311/1411/304 310/1412/303 293/1413/277
f 294/1414/278 295/1415/280 312/1416/305
f 312/1417/305 311/1418/304 294/1419/278
f 295/1420/280 296/1421/282 313/1422/306
f 313/1423/306 312/1424/305 295/1425/280
f 296/1426/282 297/1427/285 314/1428/307
f 314/1429/307 313/1430/306 296/1431/282
f 297/1432/285 298/1433/287 315/1434/308
f 315/1435/308 314/1436/307 297/1437/285
f 298/1438/287 299/1439/289 316/1440/309
f 316/1441/309 315/1442/308 298/1443/287
f 299/1444/289 300/1445/291 317/1446/310
f 317/1447/310 316/1448/309 299/1449/289
f 300/1450/291 301/1451/292 317/1452/310
f 318/1453/311 317/1454/310 301/1455/292
f 301/1456/292 302/1457/294 318/1458/311
f 319/1459/312 318/1460/311 302/1461/294
f 302/1462/294 303/1463/295 319/1464/312
f 320/1465/313 319/1466/312 303/1467/295
f 303/1468/295 304/1469/296 320/1470/313
f 321/1471/314 320/1472/313 304/1473/296
f 304/1474/296 305/1475/270 321/1476/314
f 322/1477/298 321/1478/314 305/1479/270
f 322/1480/298 306/1481/299 338/1482/315
f 323/1483/316 338/1484/315 306/1485/299
f 306/1486/299 307/1487/300 323/1488/316
f 324/1489/317 323/1490/316 307/1491/300
f 307/1492/300 308/1493/301 324/1494/317
f 325/1495/318 324/1496/317 308/1497/301
f 308/1498/301 309/1499/302 325/1500/318
f 326/1501/319 325/1502/318 309/1503/302
f 309/1504/302 310/1505/303 327/1506/320
f 327/1507/320 326/1508/319 309/1509/302
f 310/1510/303 311/1511/304 327/1512/320
f 328/1513/321 327/1514/320 311/1515/304
f 311/1516/304 312/1517/305 328/1518/321
f 329/1519/322 328/1520/321 312/1521/305
f 312/1522/305 313/1523/306 330/1524/323
f 330/1525/323 329/1526/322 312/1527/305
f 314/1528/307 315/1529/308 331/1530/324
f 315/1531/308 316/1532/309 332/1533/325
f 332/1534/325 331/1535/324 315/1536/308
f 316/1537/309 317/1538/310 333/1539/326
f 333/1540/326 332/1541/325 316/1542/309
f 317/1543/310 318/1544/311 334/1545/327
f 334/1546/327 333/1547/326 317/1548/310
f 318/1549/311 319/1550/312 334/1551/327
f 335/1552/328 334/1553/327 319/1554/312
f 319/1555/312 320/1556/313 335/1557/328
f 336/1558/329 335/1559/328 320/1560/313
f 320/1561/313 321/1562/314 336/1563/329
f 337/1564/330 336/1565/329 321/1566/314
f 321/1567/314 322/1568/298 338/1569/315
f 338/1570/315 337/1571/330 321/1572/314
f 338/1573/315 323/1574/316 339/1575/331
f 323/1576/316 324/1577/317 339/1578/331
f 324/1579/317 325/1580/318 339/1581/331
f 325/1582/318 326/1583/319 339/1584/331
f 326/1585/319 327/1586/320 339/1587/331
f 327/1588/320 328/1589/321 339/1590/331
f 328/1591/321 329/1592/322 339/1593/331
f 329/1594/322 330/1595/323 339/1596/331
f 331/1597/324 332/1598/325 339/1599/331
f 332/1600/325 333/1601/326 339/1602/331
f 333/1603/326 334/1604/327 339/1605/331
f 334/1606/327 335/1607/328 339/1608/331
f 335/1609/328 336/1610/329 339/1611/331
f 336/1612/329 337/1613/330 339/1614/331
f 337/1615/330 338/1616/315 339/1617/331
f 50/1618/49 101/1619/100 268/1620/273
f 267/1621/259 50/1622/49 268/1623/273
f 101/1624/100 110/1625/109 269/1626/274
f 268/1627/273 101/1628/100 269/1629/274
f 110/1630/109 117/1631/120 270/1632/260
f 269/1633/274 110/1634/109 270/1635/260
f 118/1636/117 272/1637/262 271/1638/261
f 271/1639/261 117/1640/120 118/1641/117
f 36/1642/32 274/1643/279 273/1644/263
f 273/1645/263 118/1646/117 36/1647/32
f 36/1648/32 37/1649/33 275/1650/281
f 274/1651/279 36/1652/32 275/1653/281
f 37/1654/33 277/1655/284 276/1656/283
f 275/1657/281 37/1658/33 276/1659/283
f 37/1660/33 38/1661/34 278/1662/286
f 277/1663/284 37/1664/33 278/1665/286
f 38/1666/34 126/1667/124 279/1668/288
f 278/1669/286 38/1670/34 279/1671/288
f 279/1672/288 126/1673/124 280/1674/290
f 114/1675/128 281/1676/264 280/1677/290
f 126/1678/124 114/1679/128 280/1680/290
f 114/1681/128 74/1682/72 284/1683/293
f 283/1684/266 114/1685/128 284/1686/293
f 73/1687/73 285/1688/267 284/1689/293
f 284/1690/293 74/1691/72 73/1692/73
f 51/1693/50 287/1694/297 286/1695/268
f 286/1696/268 73/1697/73 51/1698/50
f 287/1699/297 51/1700/50 288/1701/269
f 50/1702/49 266/1703/258 288/1704/269
f 51/1705/50 50/1706/49 288/1707/269
f 313/1708/306 314/1709/307 330/1710/323
f 331/1711/324 330/1712/323 314/1713/307
f 330/1714/323 331/1715/324 339/1716/331
f 343/1717/332 104/1718/104 344/1719/333
f 348/1720/334 103/1721/102 349/1722/335
f 352/1723/336 340/1724/337 364/1725/338
f 353/1726/339 364/1727/338 340/1728/337
f 354/1729/340 353/1730/339 340/1731/337
f 341/1732/341 342/1733/342 355/1734/343
f 356/1735/344 355/1736/343 342/1737/342
f 342/1738/342 343/1739/332 356/1740/344
f 343/1741/332 344/1742/333 356/1743/344
f 357/1744/345 356/1745/344 344/1746/333
f 344/1747/333 345/1748/346 357/1749/345
f 358/1750/347 357/1751/345 345/1752/346
f 345/1753/346 346/1754/348 358/1755/347
f 359/1756/349 358/1757/347 346/1758/348
f 360/1759/350 359/1760/349 346/1761/348
f 346/1762/348 347/1763/351 360/1764/350
f 361/1765/352 360/1766/350 347/1767/351
f 347/1768/351 348/1769/334 361/1770/352
f 362/1771/353 361/1772/352 348/1773/334
f 348/1774/334 349/1775/335 362/1776/353
f 349/1777/335 350/1778/354 362/1779/353
f 363/1780/355 362/1781/353 350/1782/354
f 350/1783/354 351/1784/356 363/1785/355
f 351/1786/356 352/1787/336 363/1788/355
f 364/1789/338 363/1790/355 352/1791/336
f 364/1792/338 353/1793/339 376/1794/357
f 365/1795/358 376/1796/357 353/1797/339
f 353/1798/339 354/1799/340 365/1800/358
f 366/1801/359 365/1802/358 354/1803/340
f 355/1804/343 356/1805/344 367/1806/360
f 368/1807/361 367/1808/360 356/1809/344
f 356/1810/344 357/1811/345 368/1812/361
f 369/1813/362 368/1814/361 357/1815/345
f 357/1816/345 358/1817/347 369/1818/362
f 370/1819/363 369/1820/362 358/1821/347
f 358/1822/347 359/1823/349 370/1824/363
f 371/1825/364 370/1826/363 359/1827/349
f 359/1828/349 360/1829/350 372/1830/365
f 372/1831/365 371/1832/364 359/1833/349
f 360/1834/350 361/1835/352 373/1836/366
f 373/1837/366 372/1838/365 360/1839/350
f 361/1840/352 362/1841/353 374/1842/367
f 374/1843/367 373/1844/366 361/1845/352
f 362/1846/353 363/1847/355 375/1848/368
f 375/1849/368 374/1850/367 362/1851/353
f 363/1852/355 364/1853/338 376/1854/357
f 376/1855/357 375/1856/368 363/1857/355
f 376/1858/357 365/1859/358 388/1860/369
f 377/1861/370 388/1862/369 365/1863/358
f 365/1864/358 366/1865/359 377/1866/370
f 378/1867/371 377/1868/370 366/1869/359
f 367/1870/360 368/1871/361 379/1872/372
f 380/1873/373 379/1874/372 368/1875/361
f 368/1876/361 369/1877/362 381/1878/374
f 381/1879/374 380/1880/373 368/1881/361
f 369/1882/362 370/1883/363 382/1884/375
f 382/1885/375 381/1886/374 369/1887/362
f 370/1888/363 371/1889/364 382/1890/375
f 383/1891/376 382/1892/375 371/1893/364
f 371/1894/364 372/1895/365 384/1896/377
f 384/1897/377 383/1898/376 371/1899/364
f 372/1900/365 373/1901/366 385/1902/378
f 385/1903/378 384/1904/377 372/1905/365
f 373/1906/366 374/1907/367 385/1908/378
f 386/1909/379 385/1910/378 374/1911/367
f 374/1912/367 375/1913/368 387/1914/380
f 387/1915/380 386/1916/379 374/1917/367
f 375/1918/368 376/1919/357 388/1920/369
f 388/1921/369 387/1922/380 375/1923/368
f 388/1924/369 377/1925/370 399/1926/381
f 389/1927/382 399/1928/381 377/1929/370
f 377/1930/370 378/1931/371 389/1932/382
f 390/1933/383 389/1934/382 378/1935/371
f 379/1936/372 380/1937/373 392/1938/384
f 392/1939/384 391/1940/385 379/1941/372
f 380/1942/373 381/1943/374 393/1944/386
f 393/1945/386 392/1946/384 380/1947/373
f 381/1948/374 382/1949/375 394/1950/387
f 394/1951/387 393/1952/386 381/1953/374
f 382/1954/375 383/1955/376 394/1956/387
f 384/1957/377 385/1958/378 395/1959/388
f 396/1960/389 395/1961/388 385/1962/378
f 385/1963/378 386/1964/379 396/1965/389
f 397/1966/390 396/1967/389 386/1968/379
f 386/1969/379 387/1970/380 397/1971/390
f 398/1972/391 397/1973/390 387/1974/380
f 387/1975/380 388/1976/369 399/1977/381
f 399/1978/381 398/1979/391 387/1980/380
f 399/1981/381 389/1982/382 400/1983/392
f 389/1984/382 390/1985/383 400/1986/392
f 391/1987/385 392/1988/384 400/1989/392
f 392/1990/384 393/1991/386 400/1992/392
f 393/1993/386 394/1994/387 400/1995/392
f 395/1996/388 396/1997/389 400/1998/392
f 396/1999/389 397/2000/390 400/2001/392
f 397/2002/390 398/2003/391 400/2004/392
f 398/2005/391 399/2006/381 400/2007/392
f 340/2008/337 90/2009/89 97/2010/96
f 341/2011/341 97/2012/96 342/2013/342
f 104/2014/104 343/2015/332 342/2016/342
f 97/2017/96 104/2018/104 342/2019/342
f 121/2020/127 345/2021/346 344/2022/333
f 344/2023/333 104/2024/104 121/2025/127
f 111/2026/393 346/2027/348 345/2028/346
f 345/2029/346 121/2030/127 111/2031/393
f 111/2032/393 120/2033/125 347/2034/351
f 346/2035/348 111/2036/393 347/2037/351
f 120/2038/125 103/2039/102 348/2040/334
f 347/2041/351 120/2042/125 348/2043/334
f 349/2044/335 103/2045/102 96/2046/95
f 350/2047/354 349/2048/335 96/2049/95
f 96/2050/95 351/2051/356 350/2052/354
f 351/2053/356 96/2054/95 352/2055/336
f 90/2056/89 340/2057/337 352/2058/336
f 96/2059/95 90/2060/89 352/2061/336
f 340/2062/337 341/2063/341 354/2064/340
f 341/2065/341 340/2066/337 97/2067/96
f 355/2068/343 354/2069/340 341/2070/341
f 354/2071/340 355/2072/343 366/2073/359
f 367/2074/360 366/2075/359 355/2076/343
f 366/2077/359 367/2078/360 378/2079/371
f 379/2080/372 378/2081/371 367/2082/360
f 378/2083/371 379/2084/372 391/2085/385
f 391/2086/385 390/2087/383 378/2088/371
f 390/2089/383 391/2090/385 400/2091/392
f 383/2092/376 384/2093/377 394/2094/387
f 395/2095/388 394/2096/387 384/2097/377
f 394/2098/387 395/2099/388 400/2100/392
f 404/2101/394 6/2102/7 405/2103/395
f 412/2104/396 5/2105/126 413/2106/397
f 414/2107/398 401/2108/399 424/2109/400
f 415/2110/401 424/2111/400 401/2112/399
f 401/2113/399 402/2114/402 415/2115/401
f 416/2116/403 415/2117/401 402/2118/402
f 402/2119/402 403/2120/404 416/2121/403
f 417/2122/405 416/2123/403 403/2124/404
f 403/2125/404 404/2126/394 417/2127/405
f 404/2128/394 405/2129/395 417/2130/405
f 418/2131/406 417/2132/405 405/2133/395
f 405/2134/395 406/2135/407 418/2136/406
f 406/2137/407 407/2138/408 418/2139/406
f 419/2140/409 418/2141/406 407/2142/408
f 420/2143/410 419/2144/409 407/2145/408
f 407/2146/408 408/2147/411 420/2148/410
f 421/2149/412 420/2150/410 408/2151/411
f 410/2152/413 411/2153/414 422/2154/415
f 423/2155/416 422/2156/415 411/2157/414
f 411/2158/414 412/2159/396 423/2160/416
f 412/2161/396 413/2162/397 423/2163/416
f 413/2164/397 414/2165/398 423/2166/416
f 424/2167/400 423/2168/416 414/2169/398
f 424/2170/400 415/2171/401 433/2172/417
f 425/2173/418 433/2174/417 415/2175/401
f 415/2176/401 416/2177/403 425/2178/418
f 426/2179/419 425/2180/418 416/2181/403
f 416/2182/403 417/2183/405 426/2184/419
f 427/2185/420 426/2186/419 417/2187/405
f 417/2188/405 418/2189/406 428/2190/421
f 428/2191/421 427/2192/420 417/2193/405
f 418/2194/406 419/2195/409 429/2196/422
f 429/2197/422 428/2198/421 418/2199/406
f 419/2200/409 420/2201/410 429/2202/422
f 420/2203/410 421/2204/412 430/2205/423
f 422/2206/415 423/2207/416 432/2208/424
f 432/2209/424 431/2210/425 422/2211/415
f 423/2212/416 424/2213/400 433/2214/417
f 433/2215/417 432/2216/424 423/2217/416
f 433/2218/417 425/2219/418 442/2220/426
f 434/2221/427 442/2222/426 425/2223/418
f 425/2224/418 426/2225/419 434/2226/427
f 435/2227/428 434/2228/427 426/2229/419
f 426/2230/419 427/2231/420 436/2232/429
f 436/2233/429 435/2234/428 426/2235/419
f 427/2236/420 428/2237/421 437/2238/430
f 437/2239/430 436/2240/429 427/2241/420
f 428/2242/421 429/2243/422 438/2244/431
f 438/2245/431 437/2246/430 428/2247/421
f 431/2248/425 432/2249/424 440/2250/432
f 441/2251/433 440/2252/432 432/2253/424
f 432/2254/424 433/2255/417 441/2256/433
f 442/2257/426 441/2258/433 433/2259/417
f 442/2260/426 434/2261/427 450/2262/434
f 435/2263/428 436/2264/429 443/2265/435
f 444/2266/436 443/2267/435 436/2268/429
f 436/2269/429 437/2270/430 445/2271/437
f 445/2272/437 444/2273/436 436/2274/429
f 437/2275/430 438/2276/431 446/2277/438
f 446/2278/438 445/2279/437 437/2280/430
f 440/2281/432 441/2282/433 448/2283/439
f 449/2284/440 448/2285/439 441/2286/433
f 441/2287/433 442/2288/426 449/2289/440
f 450/2290/434 449/2291/440 442/2292/426
f 443/2293/435 444/2294/436 451/2295/441
f 452/2296/442 451/2297/441 444/2298/436
f 444/2299/436 445/2300/437 452/2301/442
f 453/2302/443 452/2303/442 445/2304/437
f 445/2305/437 446/2306/438 453/2307/443
f 454/2308/444 453/2309/443 446/2310/438
f 448/2311/439 449/2312/440 457/2313/445
f 457/2314/445 456/2315/446 448/2316/439
f 449/2317/440 450/2318/434 458/2319/447
f 458/2320/447 457/2321/445 449/2322/440
f 451/2323/441 452/2324/442 459/2325/448
f 452/2326/442 453/2327/443 459/2328/448
f 453/2329/443 454/2330/444 459/2331/448
f 456/2332/446 457/2333/445 459/2334/448
f 457/2335/445 458/2336/447 459/2337/448
f 111/2338/393 402/2339/402 401/2340/399
f 401/2341/399 120/2342/125 111/2343/393
f 121/2344/127 403/2345/404 402/2346/402
f 402/2347/402 111/2348/393 121/2349/127
f 6/2350/7 404/2351/394 403/2352/404
f 403/2353/404 121/2354/127 6/2355/7
f 7/2356/6 406/2357/407 405/2358/395
f 405/2359/395 6/2360/7 7/2361/6
f 406/2362/407 7/2363/6 407/2364/408
f 15/2365/12 408/2366/411 407/2367/408
f 7/2368/6 15/2369/12 407/2370/408
f 410/2371/413 409/2372/449 14/2373/9
f 413/2374/397 5/2375/126 414/2376/398
f 120/2377/125 401/2378/399 414/2379/398
f 5/2380/126 120/2381/125 414/2382/398
f 408/2383/411 409/2384/449 421/2385/412
f 408/2386/411 15/2387/12 409/2388/449
f 409/2389/449 15/2390/12 14/2391/9
f 5/2392/126 411/2393/414 3/2394/1
f 411/2395/414 5/2396/126 412/2397/396
f 411/2398/414 4/2399/2 3/2400/1
f 411/2401/414 14/2402/9 4/2403/2
f 14/2404/9 411/2405/414 410/2406/413
f 409/2407/449 410/2408/413 421/2409/412
f 422/2410/415 421/2411/412 410/2412/413
f 430/2413/423 429/2414/422 420/2415/410
f 429/2416/422 430/2417/423 439/2418/450
f 421/2419/412 422/2420/415 430/2421/423
f 431/2422/425 430/2423/423 422/2424/415
f 439/2425/450 438/2426/431 429/2427/422
f 438/2428/431 439/2429/450 447/2430/451
f 430/2431/423 431/2432/425 439/2433/450
f 440/2434/432 439/2435/450 431/2436/425
f 434/2437/427 435/2438/428 450/2439/434
f 443/2440/435 450/2441/434 435/2442/428
f 447/2443/451 446/2444/438 438/2445/431
f 446/2446/438 447/2447/451 455/2448/452
f 439/2449/450 440/2450/432 447/2451/451
f 448/2452/439 447/2453/451 440/2454/432
f 447/2455/451 448/2456/439 456/2457/446
f 450/2458/434 443/2459/435 458/2460/447
f 451/2461/441 458/2462/447 443/2463/435
f 458/2464/447 451/2465/441 459/2466/448
f 455/2467/452 454/2468/444 446/2469/438
f 454/2470/444 455/2471/452 459/2472/448
f 456/2473/446 455/2474/452 447/2475/451
f 455/2476/452 456/2477/446 459/2478/448
f 461/2479/453 462/2480/454 469/2481/455
f 470/2482/456 469/2483/455 462/2484/454
f 472/2485/457 471/2486/458 463/2487/459
f 463/2488/459 464/2489/460 472/2490/457
f 473/2491/461 472/2492/457 464/2493/460
f 464/2494/460 465/2495/462 473/2496/461
f 465/2497/462 466/2498/463 473/2499/461
f 474/2500/464 473/2501/461 466/2502/463
f 467/2503/465 468/2504/466 477/2505/467
f 477/2506/467 476/2507/468 467/2508/465
f 478/2509/469 477/2510/467 468/2511/466
f 475/2512/470 476/2513/468 480/2514/471
f 480/2515/471 479/2516/472 475/2517/470
f 476/2518/468 477/2519/467 481/2520/473
f 481/2521/473 480/2522/471 476/2523/468
f 477/2524/467 478/2525/469 482/2526/474
f 482/2527/474 481/2528/473 477/2529/467
f 480/2530/471 481/2531/473 484/2532/475
f 484/2533/475 483/2534/476 480/2535/471
f 481/2536/473 482/2537/474 485/2538/477
f 485/2539/477 484/2540/475 481/2541/473
f 486/2542/478 485/2543/477 482/2544/474
f 149/2545/227 130/2546/135 460/2547/479
f 130/2548/135 150/2549/137 461/2550/453
f 460/2551/479 130/2552/135 461/2553/453
f 461/2554/453 150/2555/137 462/2556/454
f 463/2557/459 159/2558/153 464/2559/460
f 158/2560/158 465/2561/462 464/2562/460
f 159/2563/153 158/2564/158 464/2565/460
f 158/2566/158 165/2567/157 466/2568/463
f 465/2569/462 158/2570/158 466/2571/463
f 462/2572/454 463/2573/459 470/2574/456
f 463/2575/459 462/2576/454 150/2577/137
f 471/2578/458 470/2579/456 463/2580/459
f 150/2581/137 159/2582/153 463/2583/459
f 460/2584/479 461/2585/453 468/2586/466
f 469/2587/455 468/2588/466 461/2589/453
f 468/2590/466 469/2591/455 478/2592/469
f 478/2593/469 486/2594/478 482/2595/474
f 486/2596/478 478/2597/469 469/2598/455
f 469/2599/455 470/2600/456 486/2601/478
f 487/2602/480 154/2603/143 488/2604/481
f 487/2605/480 488/2606/481 498/2607/482
f 490/2608/483 491/2609/484 501/2610/485
f 491/2611/484 492/2612/486 501/2613/485
f 502/2614/487 501/2615/485 492/2616/486
f 492/2617/486 493/2618/488 502/2619/487
f 493/2620/488 494/2621/489 502/2622/487
f 503/2623/490 502/2624/487 494/2625/489
f 504/2626/491 503/2627/490 494/2628/489
f 494/2629/489 495/2630/492 504/2631/491
f 495/2632/492 496/2633/493 504/2634/491
f 505/2635/494 504/2636/491 496/2637/493
f 496/2638/493 497/2639/495 505/2640/494
f 498/2641/482 499/2642/496 507/2643/497
f 507/2644/497 506/2645/498 498/2646/482
f 501/2647/485 502/2648/487 514/2649/499
f 514/2650/499 513/2651/500 501/2652/485
f 502/2653/487 503/2654/490 515/2655/501
f 515/2656/501 514/2657/499 502/2658/487
f 503/2659/490 504/2660/491 516/2661/502
f 516/2662/502 515/2663/501 503/2664/490
f 504/2665/491 505/2666/494 517/2667/503
f 517/2668/503 516/2669/502 504/2670/491
f 506/2671/498 507/2672/497 518/2673/504
f 520/2674/505 519/2675/506 508/2676/507
f 521/2677/508 520/2678/505 508/2679/507
f 523/2680/509 522/2681/510 509/2682/511
f 510/2683/512 511/2684/513 524/2685/514
f 525/2686/515 524/2687/514 511/2688/513
f 513/2689/500 514/2690/499 528/2691/516
f 528/2692/516 527/2693/517 513/2694/500
f 514/2695/499 515/2696/501 529/2697/518
f 529/2698/518 528/2699/516 514/2700/499
f 515/2701/501 516/2702/502 530/2703/519
f 530/2704/519 529/2705/518 515/2706/501
f 516/2707/502 517/2708/503 531/2709/520
f 531/2710/520 530/2711/519 516/2712/502
f 520/2713/505 521/2714/508 535/2715/521
f 535/2716/521 534/2717/522 520/2718/505
f 521/2719/508 522/2720/510 535/2721/521
f 536/2722/523 535/2723/521 522/2724/510
f 522/2725/510 523/2726/509 536/2727/523
f 537/2728/524 536/2729/523 523/2730/509
f 524/2731/514 525/2732/515 539/2733/525
f 539/2734/525 538/2735/526 524/2736/514
f 527/2737/517 528/2738/516 541/2739/527
f 542/2740/528 541/2741/527 528/2742/516
f 528/2743/516 529/2744/518 542/2745/528
f 543/2746/529 542/2747/528 529/2748/518
f 529/2749/518 530/2750/519 544/2751/530
f 544/2752/530 543/2753/529 529/2754/518
f 530/2755/519 531/2756/520 544/2757/530
f 545/2758/531 544/2759/530 531/2760/520
f 532/2761/532 533/2762/533 546/2763/534
f 547/2764/535 546/2765/534 533/2766/533
f 534/2767/522 535/2768/521 549/2769/536
f 549/2770/536 548/2771/537 534/2772/522
f 535/2773/521 536/2774/523 549/2775/536
f 550/2776/538 549/2777/536 536/2778/523
f 536/2779/523 537/2780/524 551/2781/539
f 551/2782/539 550/2783/538 536/2784/523
f 541/2785/527 542/2786/528 554/2787/540
f 555/2788/541 554/2789/540 542/2790/528
f 542/2791/528 543/2792/529 555/2793/541
f 543/2794/529 544/2795/530 556/2796/542
f 544/2797/530 545/2798/531 556/2799/542
f 557/2800/543 556/2801/542 545/2802/531
f 546/2803/534 547/2804/535 558/2805/544
f 559/2806/545 558/2807/544 547/2808/535
f 548/2809/537 549/2810/536 561/2811/546
f 561/2812/546 560/2813/547 548/2814/537
f 549/2815/536 550/2816/538 562/2817/548
f 562/2818/548 561/2819/546 549/2820/536
f 550/2821/538 551/2822/539 563/2823/549
f 563/2824/549 562/2825/548 550/2826/538
f 564/2827/550 563/2828/549 551/2829/539
f 566/2830/551 565/2831/552 552/2832/553
f 554/2833/540 555/2834/541 568/2835/554
f 569/2836/555 568/2837/554 555/2838/541
f 571/2839/556 570/2840/557 556/2841/542
f 556/2842/542 557/2843/543 571/2844/556
f 572/2845/558 571/2846/556 557/2847/543
f 558/2848/544 559/2849/545 573/2850/559
f 574/2851/560 573/2852/559 559/2853/545
f 560/2854/547 561/2855/546 576/2856/561
f 576/2857/561 575/2858/562 560/2859/547
f 561/2860/546 562/2861/548 576/2862/561
f 577/2863/563 576/2864/561 562/2865/548
f 562/2866/548 563/2867/549 578/2868/564
f 578/2869/564 577/2870/563 562/2871/548
f 564/2872/550 565/2873/552 579/2874/565
f 565/2875/552 566/2876/551 580/2877/566
f 580/2878/566 579/2879/565 565/2880/552
f 568/2881/554 569/2882/555 582/2883/567
f 583/2884/568 582/2885/567 569/2886/555
f 569/2887/555 570/2888/557 583/2889/568
f 571/2890/556 572/2891/558 584/2892/569
f 585/2893/570 584/2894/569 572/2895/558
f 573/2896/559 574/2897/560 586/2898/571
f 575/2899/562 576/2900/561 586/2901/571
f 576/2902/561 577/2903/563 586/2904/571
f 577/2905/563 578/2906/564 586/2907/571
f 579/2908/565 580/2909/566 586/2910/571
f 582/2911/567 583/2912/568 586/2913/571
f 584/2914/569 585/2915/570 586/2916/571
f 137/2917/131 138/2918/132 489/2919/572
f 490/2920/483 184/2921/188 491/2922/484
f 172/2923/171 492/2924/486 491/2925/484
f 184/2926/188 172/2927/171 491/2928/484
f 172/2929/171 494/2930/489 493/2931/488
f 492/2932/486 172/2933/171 493/2934/488
f 171/2935/165 495/2936/492 494/2937/489
f 494/2938/489 172/2939/171 171/2940/165
f 163/2941/156 496/2942/493 495/2943/492
f 495/2944/492 171/2945/165 163/2946/156
f 496/2947/493 163/2948/156 497/2949/495
f 487/2950/480 497/2951/495 163/2952/156
f 163/2953/156 154/2954/143 487/2955/480
f 488/2956/481 489/2957/572 498/2958/482
f 488/2959/481 154/2960/143 489/2961/572
f 154/2962/143 137/2963/131 489/2964/572
f 499/2965/496 498/2966/482 489/2967/572
f 490/2968/483 185/2969/190 184/2970/188
f 501/2971/485 500/2972/573 490/2973/483
f 500/2974/573 501/2975/485 513/2976/500
f 497/2977/495 487/2978/480 505/2979/494
f 498/2980/482 505/2981/494 487/2982/480
f 505/2983/494 498/2984/482 506/2985/498
f 507/2986/497 508/2987/507 519/2988/506
f 512/2989/574 511/2990/513 500/2991/573
f 511/2992/513 512/2993/574 525/2994/515
f 513/2995/500 512/2996/574 500/2997/573
f 512/2998/574 513/2999/500 527/3000/517
f 506/3001/498 517/3002/503 505/3003/494
f 517/3004/503 506/3005/498 518/3006/504
f 519/3007/506 518/3008/504 507/3009/497
f 518/3010/504 519/3011/506 533/3012/533
f 533/3013/533 532/3014/532 518/3015/504
f 509/3016/511 510/3017/512 523/3018/509
f 524/3019/514 523/3020/509 510/3021/512
f 523/3022/509 524/3023/514 538/3024/526
f 526/3025/575 525/3026/515 512/3027/574
f 525/3028/515 526/3029/575 539/3030/525
f 527/3031/517 526/3032/575 512/3033/574
f 526/3034/575 527/3035/517 541/3036/527
f 518/3037/504 531/3038/520 517/3039/503
f 531/3040/520 518/3041/504 532/3042/532
f 519/3043/506 520/3044/505 533/3045/533
f 534/3046/522 533/3047/533 520/3048/505
f 538/3049/526 537/3050/524 523/3051/509
f 537/3052/524 538/3053/526 552/3054/553
f 540/3055/576 539/3056/525 526/3057/575
f 541/3058/527 540/3059/576 526/3060/575
f 540/3061/576 541/3062/527 554/3063/540
f 532/3064/532 545/3065/531 531/3066/520
f 533/3067/533 534/3068/522 547/3069/535
f 548/3070/537 547/3071/535 534/3072/522
f 552/3073/553 551/3074/539 537/3075/524
f 551/3076/539 552/3077/553 565/3078/552
f 565/3079/552 564/3080/550 551/3081/539
f 538/3082/526 539/3083/525 552/3084/553
f 539/3085/525 540/3086/576 552/3087/553
f 553/3088/577 552/3089/553 540/3090/576
f 554/3091/540 553/3092/577 540/3093/576
f 553/3094/577 554/3095/540 568/3096/554
f 556/3097/542 555/3098/541 543/3099/529
f 555/3100/541 556/3101/542 570/3102/557
f 570/3103/557 569/3104/555 555/3105/541
f 545/3106/531 532/3107/532 557/3108/543
f 546/3109/534 557/3110/543 532/3111/532
f 547/3112/535 548/3113/537 559/3114/545
f 560/3115/547 559/3116/545 548/3117/537
f 567/3118/578 566/3119/551 552/3120/553
f 552/3121/553 553/3122/577 567/3123/578
f 568/3124/554 567/3125/578 553/3126/577
f 567/3127/578 568/3128/554 582/3129/567
f 557/3130/543 546/3131/534 572/3132/558
f 558/3133/544 572/3134/558 546/3135/534
f 559/3136/545 560/3137/547 574/3138/560
f 575/3139/562 574/3140/560 560/3141/547
f 574/3142/560 575/3143/562 586/3144/571
f 563/3145/549 564/3146/550 578/3147/564
f 579/3148/565 578/3149/564 564/3150/550
f 578/3151/564 579/3152/565 586/3153/571
f 566/3154/551 567/3155/578 581/3156/579
f 581/3157/579 580/3158/566 566/3159/551
f 580/3160/566 581/3161/579 586/3162/571
f 582/3163/567 581/3164/579 567/3165/578
f 581/3166/579 582/3167/567 586/3168/571
f 570/3169/557 571/3170/556 583/3171/568
f 584/3172/569 583/3173/568 571/3174/556
f 583/3175/568 584/3176/569 586/3177/571
f 572/3178/558 558/3179/544 585/3180/570
f 573/3181/559 585/3182/570 558/3183/544
f 585/3184/570 573/3185/559 586/3186/571
f 588/3187/580 483/3188/476 589/3189/581
f 589/3190/581 483/3191/476 590/3192/582
f 592/3193/583 486/3194/478 593/3195/584
f 593/3196/584 486/3197/478 594/3198/585
f 597/3199/586 473/3200/461 598/3201/587
f 599/3202/588 474/3203/464 600/3204/589
f 600/3205/589 474/3206/464 601/3207/590
f 480/3208/471 483/3209/476 588/3210/580
f 590/3211/582 483/3212/476 484/3213/475
f 484/3214/475 485/3215/477 591/3216/591
f 485/3217/477 486/3218/478 592/3219/583
f 591/3220/591 485/3221/477 592/3222/583
f 594/3223/585 486/3224/478 470/3225/456
f 472/3226/457 473/3227/461 597/3228/586
f 596/3229/592 472/3230/457 597/3231/586
f 474/3232/464 599/3233/588 598/3234/587
f 598/3235/587 473/3236/461 474/3237/464
f 479/3238/472 480/3239/471 588/3240/580
f 587/3241/593 479/3242/472 588/3243/580
f 484/3244/475 591/3245/591 590/3246/582
f 596/3247/592 471/3248/458 472/3249/457
f 595/3250/594 471/3251/458 596/3252/592
f 595/3253/594 470/3254/456 471/3255/458
f 470/3256/456 595/3257/594 594/3258/585
f 587/3259/593 588/3260/580 602/3261/595
f 603/3262/596 602/3263/595 588/3264/580
f 588/3265/580 589/3266/581 603/3267/596
f 604/3268/597 603/3269/596 589/3270/581
f 589/3271/581 590/3272/582 604/3273/597
f 605/3274/598 604/3275/597 590/3276/582
f 590/3277/582 591/3278/591 605/3279/598
f 591/3280/591 592/3281/583 605/3282/598
f 606/3283/599 605/3284/598 592/3285/583
f 592/3286/583 593/3287/584 606/3288/599
f 593/3289/584 594/3290/585 606/3291/599
f 607/3292/600 606/3293/599 594/3294/585
f 594/3295/585 595/3296/594 607/3297/600
f 608/3298/601 607/3299/600 595/3300/594
f 595/3301/594 596/3302/592 608/3303/601
f 609/3304/602 608/3305/601 596/3306/592
f 596/3307/592 597/3308/586 609/3309/602
f 610/3310/603 609/3311/602 597/3312/586
f 597/3313/586 598/3314/587 610/3315/603
f 598/3316/587 599/3317/588 610/3318/603
f 611/3319/604 610/3320/603 599/3321/588
f 599/3322/588 600/3323/589 611/3324/604
f 600/3325/589 601/3326/590 611/3327/604
f 612/3328/605 611/3329/604 601/3330/590
f 615/3331/606 602/3332/595 616/3333/607
f 602/3334/595 603/3335/596 617/3336/608
f 617/3337/608 616/3338/607 602/3339/595
f 603/3340/596 604/3341/597 618/3342/609
f 618/3343/609 617/3344/608 603/3345/596
f 604/3346/597 605/3347/598 619/3348/610
f 619/3349/610 618/3350/609 604/3351/597
f 605/3352/598 606/3353/599 619/3354/610
f 620/3355/611 619/3356/610 606/3357/599
f 606/3358/599 607/3359/600 620/3360/611
f 621/3361/612 620/3362/611 607/3363/600
f 607/3364/600 608/3365/601 621/3366/612
f 622/3367/613 621/3368/612 608/3369/601
f 608/3370/601 609/3371/602 622/3372/613
f 623/3373/614 622/3374/613 609/3375/602
f 609/3376/602 610/3377/603 623/3378/614
f 624/3379/615 623/3380/614 610/3381/603
f 610/3382/603 611/3383/604 624/3384/615
f 625/3385/616 624/3386/615 611/3387/604
f 611/3388/604 612/3389/605 626/3390/617
f 626/3391/617 625/3392/616 611/3393/604
f 612/3394/605 613/3395/618 627/3396/619
f 627/3397/619 626/3398/617 612/3399/605
f 613/3400/618 614/3401/620 628/3402/621
f 628/3403/621 627/3404/619 613/3405/618
f 616/3406/607 617/3407/608 630/3408/622
f 630/3409/622 629/3410/623 616/3411/607
f 617/3412/608 618/3413/609 631/3414/624
f 631/3415/624 630/3416/622 617/3417/608
f 618/3418/609 619/3419/610 632/3420/625
f 632/3421/625 631/3422/624 618/3423/609
f 619/3424/610 620/3425/611 632/3426/625
f 633/3427/626 632/3428/625 620/3429/611
f 620/3430/611 621/3431/612 633/3432/626
f 634/3433/627 633/3434/626 621/3435/612
f 621/3436/612 622/3437/613 634/3438/627
f 635/3439/628 634/3440/627 622/3441/613
f 622/3442/613 623/3443/614 635/3444/628
f 636/3445/629 635/3446/628 623/3447/614
f 623/3448/614 624/3449/615 636/3450/629
f 637/3451/630 636/3452/629 624/3453/615
f 624/3454/615 625/3455/616 637/3456/630
f 638/3457/631 637/3458/630 625/3459/616
f 625/3460/616 626/3461/617 639/3462/632
f 639/3463/632 638/3464/631 625/3465/616
f 626/3466/617 627/3467/619 640/3468/633
f 640/3469/633 639/3470/632 626/3471/617
f 627/3472/619 628/3473/621 641/3474/634
f 641/3475/634 640/3476/633 627/3477/619
f 629/3478/623 630/3479/622 643/3480/635
f 643/3481/635 642/3482/636 629/3483/623
f 630/3484/622 631/3485/624 644/3486/637
f 644/3487/637 643/3488/635 630/3489/622
f 631/3490/624 632/3491/625 645/3492/638
f 645/3493/638 644/3494/637 631/3495/624
f 632/3496/625 633/3497/626 646/3498/639
f 646/3499/639 645/3500/638 632/3501/625
f 633/3502/626 634/3503/627 646/3504/639
f 647/3505/640 646/3506/639 634/3507/627
f 634/3508/627 635/3509/628 647/3510/640
f 648/3511/641 647/3512/640 635/3513/628
f 635/3514/628 636/3515/629 648/3516/641
f 649/3517/642 648/3518/641 636/3519/629
f 636/3520/629 637/3521/630 649/3522/642
f 650/3523/643 649/3524/642 637/3525/630
f 637/3526/630 638/3527/631 650/3528/643
f 651/3529/644 650/3530/643 638/3531/631
f 638/3532/631 639/3533/632 652/3534/645
f 652/3535/645 651/3536/644 638/3537/631
f 639/3538/632 640/3539/633 653/3540/646
f 653/3541/646 652/3542/645 639/3543/632
f 640/3544/633 641/3545/634 654/3546/647
f 654/3547/647 653/3548/646 640/3549/633
f 642/3550/636 643/3551/635 656/3552/648
f 656/3553/648 655/3554/649 642/3555/636
f 643/3556/635 644/3557/637 657/3558/650
f 657/3559/650 656/3560/648 643/3561/635
f 644/3562/637 645/3563/638 658/3564/651
f 658/3565/651 657/3566/650 644/3567/637
f 645/3568/638 646/3569/639 659/3570/652
f 659/3571/652 658/3572/651 645/3573/638
f 646/3574/639 647/3575/640 659/3576/652
f 660/3577/653 659/3578/652 647/3579/640
f 647/3580/640 648/3581/641 660/3582/653
f 661/3583/654 660/3584/653 648/3585/641
f 648/3586/641 649/3587/642 661/3588/654
f 662/3589/655 661/3590/654 649/3591/642
f 649/3592/642 650/3593/643 662/3594/655
f 663/3595/656 662/3596/655 650/3597/643
f 650/3598/643 651/3599/644 663/3600/656
f 664/3601/657 663/3602/656 651/3603/644
f 651/3604/644 652/3605/645 665/3606/658
f 665/3607/658 664/3608/657 651/3609/644
f 652/3610/645 653/3611/646 666/3612/659
f 666/3613/659 665/3614/658 652/3615/645
f 653/3616/646 654/3617/647 667/3618/660
f 667/3619/660 666/3620/659 653/3621/646
f 655/3622/649 656/3623/648 669/3624/661
f 669/3625/661 668/3626/662 655/3627/649
f 656/3628/648 657/3629/650 670/3630/663
f 670/3631/663 669/3632/661 656/3633/648
f 657/3634/650 658/3635/651 671/3636/664
f 671/3637/664 670/3638/663 657/3639/650
f 658/3640/651 659/3641/652 672/3642/665
f 672/3643/665 671/3644/664 658/3645/651
f 659/3646/652 660/3647/653 672/3648/665
f 673/3649/666 672/3650/665 660/3651/653
f 660/3652/653 661/3653/654 673/3654/666
f 674/3655/667 673/3656/666 661/3657/654
f 661/3658/654 662/3659/655 674/3660/667
f 675/3661/668 674/3662/667 662/3663/655
f 662/3664/655 663/3665/656 675/3666/668
f 676/3667/669 675/3668/668 663/3669/656
f 663/3670/656 664/3671/657 676/3672/669
f 677/3673/670 676/3674/669 664/3675/657
f 664/3676/657 665/3677/658 678/3678/671
f 678/3679/671 677/3680/670 664/3681/657
f 665/3682/658 666/3683/659 679/3684/672
f 679/3685/672 678/3686/671 665/3687/658
f 666/3688/659 667/3689/660 680/3690/673
f 680/3691/673 679/3692/672 666/3693/659
f 668/3694/662 669/3695/661 681/3696/674
f 669/3697/661 670/3698/663 681/3699/674
f 670/3700/663 671/3701/664 681/3702/674
f 671/3703/664 672/3704/665 681/3705/674
f 672/3706/665 673/3707/666 681/3708/674
f 673/3709/666 674/3710/667 681/3711/674
f 674/3712/667 675/3713/668 681/3714/674
f 675/3715/668 676/3716/669 681/3717/674
f 676/3718/669 677/3719/670 681/3720/674
f 677/3721/670 678/3722/671 681/3723/674
f 678/3724/671 679/3725/672 681/3726/674
f 679/3727/672 680/3728/673 681/3729/674
f 616/3730/607 628/3731/621 615/3732/606
f 628/3733/621 616/3734/607 629/3735/623
f 614/3736/620 615/3737/606 628/3738/621
f 629/3739/623 641/3740/634 628/3741/621
f 641/3742/634 629/3743/623 642/3744/636
f 642/3745/636 654/3746/647 641/3747/634
f 654/3748/647 642/3749/636 655/3750/649
f 655/3751/649 667/3752/660 654/3753/647
f 667/3754/660 655/3755/649 668/3756/662
f 668/3757/662 680/3758/673 667/3759/660
f 680/3760/673 668/3761/662 681/3762/674
f 682/3763/675 178/3764/168 683/3765/676
f 686/3766/677 195/3767/678 687/3768/679
f 691/3769/680 690/3770/681 682/3771/675
f 682/3772/675 683/3773/676 691/3774/680
f 684/3775/682 685/3776/683 693/3777/684
f 685/3778/683 686/3779/677 693/3780/684
f 694/3781/685 693/3782/684 686/3783/677
f 686/3784/677 687/3785/679 694/3786/685
f 695/3787/686 694/3788/685 687/3789/679
f 697/3790/687 696/3791/688 688/3792/689
f 700/3793/690 699/3794/691 689/3795/692
f 689/3796/692 690/3797/681 700/3798/690
f 701/3799/693 700/3800/690 690/3801/681
f 690/3802/681 691/3803/680 702/3804/694
f 702/3805/694 701/3806/693 690/3807/681
f 691/3808/680 692/3809/695 702/3810/694
f 703/3811/696 702/3812/694 692/3813/695
f 693/3814/684 694/3815/685 704/3816/697
f 705/3817/698 704/3818/697 694/3819/685
f 694/3820/685 695/3821/686 706/3822/699
f 706/3823/699 705/3824/698 694/3825/685
f 695/3826/686 696/3827/688 707/3828/700
f 707/3829/700 706/3830/699 695/3831/686
f 696/3832/688 697/3833/687 708/3834/701
f 708/3835/701 707/3836/700 696/3837/688
f 709/3838/702 708/3839/701 697/3840/687
f 717/3841/703 698/3842/704 737/3843/705
f 718/3844/706 737/3845/705 698/3846/704
f 698/3847/704 699/3848/691 719/3849/707
f 719/3850/707 718/3851/706 698/3852/704
f 699/3853/691 700/3854/690 719/3855/707
f 720/3856/708 719/3857/707 700/3858/690
f 700/3859/690 701/3860/693 720/3861/708
f 721/3862/709 720/3863/708 701/3864/693
f 701/3865/693 702/3866/694 722/3867/710
f 722/3868/710 721/3869/709 701/3870/693
f 702/3871/694 703/3872/696 723/3873/711
f 723/3874/711 722/3875/710 702/3876/694
f 704/3877/697 705/3878/698 724/3879/712
f 725/3880/713 724/3881/712 705/3882/698
f 705/3883/698 706/3884/699 726/3885/714
f 726/3886/714 725/3887/713 705/3888/698
f 706/3889/699 707/3890/700 727/3891/715
f 727/3892/715 726/3893/714 706/3894/699
f 707/3895/700 708/3896/701 728/3897/716
f 728/3898/716 727/3899/715 707/3900/700
f 708/3901/701 709/3902/702 729/3903/717
f 729/3904/717 728/3905/716 708/3906/701
f 709/3907/702 710/3908/718 730/3909/719
f 730/3910/719 729/3911/717 709/3912/702
f 710/3913/718 711/3914/720 731/3915/721
f 731/3916/721 730/3917/719 710/3918/718
f 712/3919/722 713/3920/723 732/3921/724
f 733/3922/725 732/3923/724 713/3924/723
f 713/3925/723 714/3926/726 733/3927/725
f 734/3928/727 733/3929/725 714/3930/726
f 714/3931/726 715/3932/728 734/3933/727
f 735/3934/729 734/3935/727 715/3936/728
f 715/3937/728 716/3938/730 735/3939/729
f 736/3940/731 735/3941/729 716/3942/730
f 737/3943/705 718/3944/706 758/3945/732
f 738/3946/733 758/3947/732 718/3948/706
f 718/3949/706 719/3950/707 738/3951/733
f 739/3952/734 738/3953/733 719/3954/707
f 719/3955/707 720/3956/708 739/3957/734
f 740/3958/735 739/3959/734 720/3960/708
f 720/3961/708 721/3962/709 740/3963/735
f 741/3964/736 740/3965/735 721/3966/709
f 721/3967/709 722/3968/710 741/3969/736
f 742/3970/737 741/3971/736 722/3972/710
f 722/3973/710 723/3974/711 742/3975/737
f 743/3976/738 742/3977/737 723/3978/711
f 724/3979/712 725/3980/713 745/3981/739
f 745/3982/739 744/3983/740 724/3984/712
f 725/3985/713 726/3986/714 746/3987/741
f 746/3988/741 745/3989/739 725/3990/713
f 726/3991/714 727/3992/715 747/3993/742
f 747/3994/742 746/3995/741 726/3996/714
f 727/3997/715 728/3998/716 748/3999/743
f 748/4000/743 747/4001/742 727/4002/715
f 728/4003/716 729/4004/717 749/4005/744
f 749/4006/744 748/4007/743 728/4008/716
f 729/4009/717 730/4010/719 750/4011/745
f 750/4012/745 749/4013/744 729/4014/717
f 730/4015/719 731/4016/721 751/4017/746
f 751/4018/746 750/4019/745 730/4020/719
f 732/4021/724 733/4022/725 752/4023/747
f 753/4024/748 752/4025/747 733/4026/725
f 733/4027/725 734/4028/727 753/4029/748
f 754/4030/749 753/4031/748 734/4032/727
f 734/4033/727 735/4034/729 754/4035/749
f 755/4036/750 754/4037/749 735/4038/729
f 735/4039/729 736/4040/731 755/4041/750
f 756/4042/751 755/4043/750 736/4044/731
f 758/4045/732 757/4046/752 737/4047/705
f 758/4048/732 738/4049/733 779/4050/753
f 759/4051/754 779/4052/753 738/4053/733
f 738/4054/733 739/4055/734 760/4056/755
f 760/4057/755 759/4058/754 738/4059/733
f 739/4060/734 740/4061/735 761/4062/756
f 761/4063/756 760/4064/755 739/4065/734
f 740/4066/735 741/4067/736 762/4068/757
f 762/4069/757 761/4070/756 740/4071/735
f 741/4072/736 742/4073/737 763/4074/758
f 763/4075/758 762/4076/757 741/4077/736
f 742/4078/737 743/4079/738 764/4080/759
f 764/4081/759 763/4082/758 742/4083/737
f 744/4084/740 745/4085/739 765/4086/760
f 766/4087/761 765/4088/760 745/4089/739
f 745/4090/739 746/4091/741 766/4092/761
f 767/4093/762 766/4094/761 746/4095/741
f 746/4096/741 747/4097/742 767/4098/762
f 768/4099/763 767/4100/762 747/4101/742
f 747/4102/742 748/4103/743 768/4104/763
f 769/4105/764 768/4106/763 748/4107/743
f 748/4108/743 749/4109/744 769/4110/764
f 770/4111/765 769/4112/764 749/4113/744
f 749/4114/744 750/4115/745 771/4116/766
f 771/4117/766 770/4118/765 749/4119/744
f 750/4120/745 751/4121/746 772/4122/767
f 772/4123/767 771/4124/766 750/4125/745
f 752/4126/747 753/4127/748 773/4128/768
f 774/4129/769 773/4130/768 753/4131/748
f 753/4132/748 754/4133/749 774/4134/769
f 775/4135/770 774/4136/769 754/4137/749
f 754/4138/749 755/4139/750 775/4140/770
f 776/4141/771 775/4142/770 755/4143/750
f 755/4144/750 756/4145/751 776/4146/771
f 777/4147/772 776/4148/771 756/4149/751
f 756/4150/751 757/4151/752 777/4152/772
f 778/4153/773 777/4154/772 757/4155/752
f 757/4156/752 758/4157/732 779/4158/753
f 779/4159/753 778/4160/773 757/4161/752
f 779/4162/753 759/4163/754 795/4164/774
f 760/4165/755 761/4166/756 780/4167/775
f 781/4168/776 780/4169/775 761/4170/756
f 761/4171/756 762/4172/757 781/4173/776
f 782/4174/777 781/4175/776 762/4176/757
f 762/4177/757 763/4178/758 782/4179/777
f 783/4180/778 782/4181/777 763/4182/758
f 763/4183/758 764/4184/759 784/4185/779
f 784/4186/779 783/4187/778 763/4188/758
f 765/4189/760 766/4190/761 786/4191/780
f 786/4192/780 785/4193/781 765/4194/760
f 766/4195/761 767/4196/762 787/4197/782
f 787/4198/782 786/4199/780 766/4200/761
f 767/4201/762 768/4202/763 788/4203/783
f 788/4204/783 787/4205/782 767/4206/762
f 768/4207/763 769/4208/764 789/4209/784
f 789/4210/784 788/4211/783 768/4212/763
f 769/4213/764 770/4214/765 790/4215/785
f 790/4216/785 789/4217/784 769/4218/764
f 770/4219/765 771/4220/766 791/4221/786
f 791/4222/786 790/4223/785 770/4224/765
f 771/4225/766 772/4226/767 792/4227/787
f 792/4228/787 791/4229/786 771/4230/766
f 775/4231/770 776/4232/771 793/4233/788
f 778/4234/773 779/4235/753 794/4236/789
f 795/4237/774 794/4238/789 779/4239/753
f 780/4240/775 781/4241/776 796/4242/790
f 781/4243/776 782/4244/777 796/4245/790
f 782/4246/777 783/4247/778 796/4248/790
f 783/4249/778 784/4250/779 796/4251/790
f 785/4252/781 786/4253/780 796/4254/790
f 786/4255/780 787/4256/782 796/4257/790
f 787/4258/782 788/4259/783 796/4260/790
f 788/4261/783 789/4262/784 796/4263/790
f 789/4264/784 790/4265/785 796/4266/790
f 790/4267/785 791/4268/786 796/4269/790
f 791/4270/786 792/4271/787 796/4272/790
f 794/4273/789 795/4274/774 796/4275/790
f 195/4276/678 686/4277/677 685/4278/683
f 687/4279/679 195/4280/678 217/4281/791
f 682/4282/675 177/4283/167 178/4284/168
f 682/4285/675 194/4286/184 177/4287/167
f 690/4288/681 689/4289/692 682/4290/675
f 683/4291/676 684/4292/682 691/4293/680
f 692/4294/695 691/4295/680 684/4296/682
f 167/4297/161 168/4298/162 684/4299/682
f 168/4300/162 169/4301/163 684/4302/682
f 684/4303/682 178/4304/168 167/4305/161
f 683/4306/676 178/4307/168 684/4308/682
f 179/4309/169 684/4310/682 169/4311/163
f 684/4312/682 179/4313/169 195/4314/678
f 684/4315/682 195/4316/678 685/4317/683
f 687/4318/679 688/4319/689 695/4320/686
f 688/4321/689 687/4322/679 217/4323/791
f 696/4324/688 695/4325/686 688/4326/689
f 693/4327/684 692/4328/695 684/4329/682
f 692/4330/695 693/4331/684 704/4332/697
f 704/4333/697 703/4334/696 692/4335/695
f 703/4336/696 704/4337/697 724/4338/712
f 711/4339/720 712/4340/722 732/4341/724
f 724/4342/712 723/4343/711 703/4344/696
f 723/4345/711 724/4346/712 744/4347/740
f 732/4348/724 731/4349/721 711/4350/720
f 731/4351/721 732/4352/724 752/4353/747
f 716/4354/730 717/4355/703 736/4356/731
f 737/4357/705 736/4358/731 717/4359/703
f 736/4360/731 737/4361/705 757/4362/752
f 757/4363/752 756/4364/751 736/4365/731
f 744/4366/740 743/4367/738 723/4368/711
f 743/4369/738 744/4370/740 765/4371/760
f 752/4372/747 751/4373/746 731/4374/721
f 751/4375/746 752/4376/747 773/4377/768
f 765/4378/760 764/4379/759 743/4380/738
f 764/4381/759 765/4382/760 785/4383/781
f 773/4384/768 772/4385/767 751/4386/746
f 759/4387/754 760/4388/755 795/4389/774
f 780/4390/775 795/4391/774 760/4392/755
f 795/4393/774 780/4394/775 796/4395/790
f 785/4396/781 784/4397/779 764/4398/759
f 784/4399/779 785/4400/781 796/4401/790
f 772/4402/767 773/4403/768 792/4404/787
f 793/4405/788 792/4406/787 773/4407/768
f 773/4408/768 774/4409/769 793/4410/788
f 774/4411/769 775/4412/770 793/4413/788
f 792/4414/787 793/4415/788 796/4416/790
f 794/4417/789 793/4418/788 776/4419/771
f 793/4420/788 794/4421/789 796/4422/790
f 776/4423/771 777/4424/772 794/4425/789
f 777/4426/772 778/4427/773 794/4428/789
f 797/4429/792 195/4430/678 798/4431/793
f 800/4432/794 180/4433/170 801/4434/795
f 807/4435/796 797/4436/792 817/4437/797
f 808/4438/798 817/4439/797 797/4440/792
f 809/4441/799 808/4442/798 797/4443/792
f 797/4444/792 798/4445/793 809/4446/799
f 810/4447/800 809/4448/799 798/4449/793
f 798/4450/793 799/4451/801 810/4452/800
f 799/4453/801 800/4454/794 810/4455/800
f 811/4456/802 810/4457/800 800/4458/794
f 800/4459/794 801/4460/795 811/4461/802
f 812/4462/803 811/4463/802 801/4464/795
f 814/4465/804 813/4466/805 803/4467/806
f 803/4468/806 804/4469/807 814/4470/804
f 815/4471/808 814/4472/804 804/4473/807
f 817/4474/797 808/4475/798 833/4476/809
f 818/4477/810 833/4478/809 808/4479/798
f 808/4480/798 809/4481/799 819/4482/811
f 819/4483/811 818/4484/810 808/4485/798
f 809/4486/799 810/4487/800 820/4488/812
f 820/4489/812 819/4490/811 809/4491/799
f 810/4492/800 811/4493/802 820/4494/812
f 821/4495/813 820/4496/812 811/4497/802
f 811/4498/802 812/4499/803 822/4500/814
f 822/4501/814 821/4502/813 811/4503/802
f 813/4504/805 814/4505/804 823/4506/815
f 824/4507/816 823/4508/815 814/4509/804
f 814/4510/804 815/4511/808 824/4512/816
f 825/4513/817 824/4514/816 815/4515/808
f 832/4516/818 831/4517/819 816/4518/820
f 833/4519/809 818/4520/810 849/4521/821
f 834/4522/822 849/4523/821 818/4524/810
f 818/4525/810 819/4526/811 835/4527/823
f 835/4528/823 834/4529/822 818/4530/810
f 819/4531/811 820/4532/812 836/4533/824
f 836/4534/824 835/4535/823 819/4536/811
f 820/4537/812 821/4538/813 836/4539/824
f 837/4540/825 836/4541/824 821/4542/813
f 821/4543/813 822/4544/814 838/4545/826
f 838/4546/826 837/4547/825 821/4548/813
f 823/4549/815 824/4550/816 840/4551/827
f 840/4552/827 839/4553/828 823/4554/815
f 824/4555/816 825/4556/817 841/4557/829
f 841/4558/829 840/4559/827 824/4560/816
f 825/4561/817 826/4562/830 841/4563/829
f 842/4564/831 841/4565/829 826/4566/830
f 826/4567/830 827/4568/832 843/4569/833
f 843/4570/833 842/4571/831 826/4572/830
f 827/4573/832 828/4574/834 844/4575/835
f 844/4576/835 843/4577/833 827/4578/832
f 828/4579/834 829/4580/836 845/4581/837
f 845/4582/837 844/4583/835 828/4584/834
f 829/4585/836 830/4586/838 846/4587/839
f 846/4588/839 845/4589/837 829/4590/836
f 830/4591/838 831/4592/819 846/4593/839
f 847/4594/840 846/4595/839 831/4596/819
f 831/4597/819 832/4598/818 847/4599/840
f 848/4600/841 847/4601/840 832/4602/818
f 849/4603/821 834/4604/822 865/4605/842
f 850/4606/843 865/4607/842 834/4608/822
f 834/4609/822 835/4610/823 851/4611/844
f 851/4612/844 850/4613/843 834/4614/822
f 835/4615/823 836/4616/824 852/4617/845
f 852/4618/845 851/4619/844 835/4620/823
f 836/4621/824 837/4622/825 852/4623/845
f 853/4624/846 852/4625/845 837/4626/825
f 839/4627/828 840/4628/827 856/4629/847
f 856/4630/847 855/4631/848 839/4632/828
f 840/4633/827 841/4634/829 857/4635/849
f 857/4636/849 856/4637/847 840/4638/827
f 841/4639/829 842/4640/831 858/4641/850
f 858/4642/850 857/4643/849 841/4644/829
f 842/4645/831 843/4646/833 859/4647/851
f 859/4648/851 858/4649/850 842/4650/831
f 843/4651/833 844/4652/835 860/4653/852
f 860/4654/852 859/4655/851 843/4656/833
f 844/4657/835 845/4658/837 861/4659/853
f 861/4660/853 860/4661/852 844/4662/835
f 845/4663/837 846/4664/839 861/4665/853
f 862/4666/854 861/4667/853 846/4668/839
f 846/4669/839 847/4670/840 862/4671/854
f 863/4672/855 862/4673/854 847/4674/840
f 847/4675/840 848/4676/841 863/4677/855
f 864/4678/856 863/4679/855 848/4680/841
f 865/4681/842 850/4682/843 866/4683/857
f 866/4684/857 881/4685/858 865/4686/842
f 850/4687/843 851/4688/844 867/4689/859
f 867/4690/859 866/4691/857 850/4692/843
f 851/4693/844 852/4694/845 868/4695/860
f 868/4696/860 867/4697/859 851/4698/844
f 852/4699/845 853/4700/846 868/4701/860
f 869/4702/861 868/4703/860 853/4704/846
f 870/4705/862 869/4706/861 853/4707/846
f 855/4708/848 856/4709/847 871/4710/863
f 872/4711/864 871/4712/863 856/4713/847
f 856/4714/847 857/4715/849 872/4716/864
f 873/4717/865 872/4718/864 857/4719/849
f 857/4720/849 858/4721/850 873/4722/865
f 874/4723/866 873/4724/865 858/4725/850
f 858/4726/850 859/4727/851 874/4728/866
f 875/4729/867 874/4730/866 859/4731/851
f 859/4732/851 860/4733/852 876/4734/868
f 876/4735/868 875/4736/867 859/4737/851
f 860/4738/852 861/4739/853 877/4740/869
f 877/4741/869 876/4742/868 860/4743/852
f 861/4744/853 862/4745/854 878/4746/870
f 878/4747/870 877/4748/869 861/4749/853
f 862/4750/854 863/4751/855 878/4752/870
f 879/4753/871 878/4754/870 863/4755/855
f 863/4756/855 864/4757/856 880/4758/872
f 880/4759/872 879/4760/871 863/4761/855
f 881/4762/858 866/4763/857 897/4764/873
f 882/4765/874 897/4766/873 866/4767/857
f 866/4768/857 867/4769/859 883/4770/875
f 883/4771/875 882/4772/874 866/4773/857
f 867/4774/859 868/4775/860 883/4776/875
f 884/4777/876 883/4778/875 868/4779/860
f 868/4780/860 869/4781/861 884/4782/876
f 885/4783/877 884/4784/876 869/4785/861
f 871/4786/863 872/4787/864 887/4788/878
f 888/4789/879 887/4790/878 872/4791/864
f 872/4792/864 873/4793/865 889/4794/880
f 889/4795/880 888/4796/879 872/4797/864
f 873/4798/865 874/4799/866 889/4800/880
f 890/4801/881 889/4802/880 874/4803/866
f 874/4804/866 875/4805/867 891/4806/882
f 891/4807/882 890/4808/881 874/4809/866
f 875/4810/867 876/4811/868 892/4812/883
f 892/4813/883 891/4814/882 875/4815/867
f 876/4816/868 877/4817/869 893/4818/884
f 893/4819/884 892/4820/883 876/4821/868
f 877/4822/869 878/4823/870 894/4824/885
f 894/4825/885 893/4826/884 877/4827/869
f 878/4828/870 879/4829/871 894/4830/885
f 895/4831/886 894/4832/885 879/4833/871
f 879/4834/871 880/4835/872 895/4836/886
f 896/4837/887 895/4838/886 880/4839/872
f 897/4840/873 882/4841/874 898/4842/888
f 898/4843/888 913/4844/889 897/4845/873
f 882/4846/874 883/4847/875 899/4848/890
f 899/4849/890 898/4850/888 882/4851/874
f 883/4852/875 884/4853/876 899/4854/890
f 900/4855/891 899/4856/890 884/4857/876
f 884/4858/876 885/4859/877 900/4860/891
f 901/4861/892 900/4862/891 885/4863/877
f 902/4864/893 901/4865/892 885/4866/877
f 887/4867/878 888/4868/879 903/4869/894
f 904/4870/895 903/4871/894 888/4872/879
f 888/4873/879 889/4874/880 904/4875/895
f 905/4876/896 904/4877/895 889/4878/880
f 889/4879/880 890/4880/881 905/4881/896
f 906/4882/897 905/4883/896 890/4884/881
f 890/4885/881 891/4886/882 907/4887/898
f 907/4888/898 906/4889/897 890/4890/881
f 891/4891/882 892/4892/883 908/4893/899
f 908/4894/899 907/4895/898 891/4896/882
f 892/4897/883 893/4898/884 909/4899/900
f 909/4900/900 908/4901/899 892/4902/883
f 893/4903/884 894/4904/885 910/4905/901
f 910/4906/901 909/4907/900 893/4908/884
f 894/4909/885 895/4910/886 910/4911/901
f 911/4912/902 910/4913/901 895/4914/886
f 895/4915/886 896/4916/887 911/4917/902
f 912/4918/903 911/4919/902 896/4920/887
f 913/4921/889 898/4922/888 914/4923/904
f 898/4924/888 899/4925/890 914/4926/904
f 899/4927/890 900/4928/891 914/4929/904
f 900/4930/891 901/4931/892 914/4932/904
f 901/4933/892 902/4934/893 914/4935/904
f 903/4936/894 904/4937/895 914/4938/904
f 904/4939/895 905/4940/896 914/4941/904
f 905/4942/896 906/4943/897 914/4944/904
f 906/4945/897 907/4946/898 914/4947/904
f 907/4948/898 908/4949/899 914/4950/904
f 908/4951/899 909/4952/900 914/4953/904
f 909/4954/900 910/4955/901 914/4956/904
f 910/4957/901 911/4958/902 914/4959/904
f 911/4960/902 912/4961/903 914/4962/904
f 798/4963/793 195/4964/678 179/4965/169
f 180/4966/170 800/4967/794 799/4968/801
f 799/4969/801 798/4970/793 179/4971/169
f 179/4972/169 180/4973/170 799/4974/801
f 171/4975/165 181/4976/172 802/4977/905
f 181/4978/172 196/4979/185 804/4980/807
f 803/4981/806 181/4982/172 804/4983/807
f 806/4984/906 217/4985/791 807/4986/796
f 195/4987/678 797/4988/792 807/4989/796
f 217/4990/791 195/4991/678 807/4992/796
f 802/4993/905 180/4994/170 171/4995/165
f 801/4996/795 180/4997/170 802/4998/905
f 802/4999/905 803/5000/806 813/5001/805
f 802/5002/905 181/5003/172 803/5004/806
f 805/5005/907 217/5006/791 806/5007/906
f 801/5008/795 802/5009/905 812/5010/803
f 813/5011/805 812/5012/803 802/5013/905
f 812/5014/803 813/5015/805 823/5016/815
f 805/5017/907 806/5018/906 816/5019/820
f 806/5020/906 807/5021/796 816/5022/820
f 817/5023/797 816/5024/820 807/5025/796
f 823/5026/815 822/5027/814 812/5028/803
f 822/5029/814 823/5030/815 839/5031/828
f 816/5032/820 817/5033/797 832/5034/818
f 833/5035/809 832/5036/818 817/5037/797
f 839/5038/828 838/5039/826 822/5040/814
f 838/5041/826 839/5042/828 855/5043/848
f 855/5044/848 854/5045/908 838/5046/826
f 832/5047/818 833/5048/809 848/5049/841
f 849/5050/821 848/5051/841 833/5052/809
f 837/5053/825 838/5054/826 854/5055/908
f 854/5056/908 853/5057/846 837/5058/825
f 853/5059/846 854/5060/908 870/5061/862
f 848/5062/841 849/5063/821 864/5064/856
f 865/5065/842 864/5066/856 849/5067/821
f 864/5068/856 865/5069/842 881/5070/858
f 854/5071/908 855/5072/848 870/5073/862
f 871/5074/863 870/5075/862 855/5076/848
f 870/5077/862 871/5078/863 887/5079/878
f 887/5080/878 886/5081/909 870/5082/862
f 881/5083/858 880/5084/872 864/5085/856
f 880/5086/872 881/5087/858 897/5088/873
f 869/5089/861 870/5090/862 886/5091/909
f 886/5092/909 885/5093/877 869/5094/861
f 885/5095/877 886/5096/909 902/5097/893
f 897/5098/873 896/5099/887 880/5100/872
f 896/5101/887 897/5102/873 913/5103/889
f 886/5104/909 887/5105/878 902/5106/893
f 903/5107/894 902/5108/893 887/5109/878
f 902/5110/893 903/5111/894 914/5112/904
f 913/5113/889 912/5114/903 896/5115/887
f 912/5116/903 913/5117/889 914/5118/904
f 926/5119/910 216/5120/207 927/5121/911
f 915/5122/912 916/5123/913 930/5124/914
f 931/5125/915 930/5126/914 916/5127/913
f 932/5128/916 931/5129/915 916/5130/913
f 916/5131/913 917/5132/917 932/5133/916
f 933/5134/918 932/5135/916 917/5136/917
f 917/5137/917 918/5138/919 933/5139/918
f 934/5140/920 933/5141/918 918/5142/919
f 918/5143/919 919/5144/921 934/5145/920
f 935/5146/922 934/5147/920 919/5148/921
f 919/5149/921 920/5150/923 935/5151/922
f 936/5152/924 935/5153/922 920/5154/923
f 920/5155/923 921/5156/925 936/5157/924
f 921/5158/925 922/5159/926 936/5160/924
f 937/5161/927 936/5162/924 922/5163/926
f 922/5164/926 923/5165/928 937/5166/927
f 938/5167/929 937/5168/927 923/5169/928
f 923/5170/928 924/5171/930 938/5172/929
f 924/5173/930 925/5174/931 938/5175/929
f 939/5176/932 938/5177/929 925/5178/931
f 926/5179/910 927/5180/911 941/5181/933
f 927/5182/911 928/5183/934 941/5184/933
f 942/5185/935 941/5186/933 928/5187/934
f 928/5188/934 929/5189/936 942/5190/935
f 943/5191/937 942/5192/935 929/5193/936
f 943/5194/937 930/5195/914 956/5196/938
f 944/5197/939 956/5198/938 930/5199/914
f 930/5200/914 931/5201/915 944/5202/939
f 945/5203/940 944/5204/939 931/5205/915
f 931/5206/915 932/5207/916 946/5208/941
f 946/5209/941 945/5210/940 931/5211/915
f 932/5212/916 933/5213/918 947/5214/942
f 947/5215/942 946/5216/941 932/5217/916
f 933/5218/918 934/5219/920 948/5220/943
f 948/5221/943 947/5222/942 933/5223/918
f 934/5224/920 935/5225/922 949/5226/944
f 949/5227/944 948/5228/943 934/5229/920
f 936/5230/924 937/5231/927 950/5232/945
f 937/5233/927 938/5234/929 951/5235/946
f 951/5236/946 950/5237/945 937/5238/927
f 938/5239/929 939/5240/932 952/5241/947
f 952/5242/947 951/5243/946 938/5244/929
f 939/5245/932 940/5246/948 952/5247/947
f 953/5248/949 952/5249/947 940/5250/948
f 940/5251/948 941/5252/933 953/5253/949
f 954/5254/950 953/5255/949 941/5256/933
f 941/5257/933 942/5258/935 954/5259/950
f 955/5260/951 954/5261/950 942/5262/935
f 942/5263/935 943/5264/937 955/5265/951
f 956/5266/938 955/5267/951 943/5268/937
f 956/5269/938 944/5270/939 969/5271/952
f 957/5272/953 969/5273/952 944/5274/939
f 944/5275/939 945/5276/940 957/5277/953
f 958/5278/954 957/5279/953 945/5280/940
f 945/5281/940 946/5282/941 959/5283/955
f 959/5284/955 958/5285/954 945/5286/940
f 946/5287/941 947/5288/942 960/5289/956
f 960/5290/956 959/5291/955 946/5292/941
f 947/5293/942 948/5294/943 961/5295/957
f 961/5296/957 960/5297/956 947/5298/942
f 948/5299/943 949/5300/944 962/5301/958
f 962/5302/958 961/5303/957 948/5304/943
f 950/5305/945 951/5306/946 964/5307/959
f 964/5308/959 963/5309/960 950/5310/945
f 951/5311/946 952/5312/947 965/5313/961
f 965/5314/961 964/5315/959 951/5316/946
f 952/5317/947 953/5318/949 965/5319/961
f 966/5320/962 965/5321/961 953/5322/949
f 953/5323/949 954/5324/950 966/5325/962
f 967/5326/963 966/5327/962 954/5328/950
f 954/5329/950 955/5330/951 967/5331/963
f 968/5332/964 967/5333/963 955/5334/951
f 955/5335/951 956/5336/938 968/5337/964
f 969/5338/952 968/5339/964 956/5340/938
f 969/5341/952 957/5342/953 982/5343/965
f 970/5344/966 982/5345/965 957/5346/953
f 957/5347/953 958/5348/954 970/5349/966
f 971/5350/967 970/5351/966 958/5352/954
f 958/5353/954 959/5354/955 972/5355/968
f 972/5356/968 971/5357/967 958/5358/954
f 959/5359/955 960/5360/956 973/5361/969
f 973/5362/969 972/5363/968 959/5364/955
f 960/5365/956 961/5366/957 974/5367/970
f 974/5368/970 973/5369/969 960/5370/956
f 961/5371/957 962/5372/958 975/5373/971
f 975/5374/971 974/5375/970 961/5376/957
f 963/5377/960 964/5378/959 977/5379/972
f 977/5380/972 976/5381/973 963/5382/960
f 964/5383/959 965/5384/961 978/5385/974
f 978/5386/974 977/5387/972 964/5388/959
f 965/5389/961 966/5390/962 978/5391/974
f 979/5392/975 978/5393/974 966/5394/962
f 966/5395/962 967/5396/963 979/5397/975
f 980/5398/976 979/5399/975 967/5400/963
f 967/5401/963 968/5402/964 980/5403/976
f 981/5404/977 980/5405/976 968/5406/964
f 968/5407/964 969/5408/952 981/5409/977
f 982/5410/965 981/5411/977 969/5412/952
f 982/5413/965 970/5414/966 983/5415/978
f 970/5416/966 971/5417/967 983/5418/978
f 971/5419/967 972/5420/968 983/5421/978
f 972/5422/968 973/5423/969 983/5424/978
f 973/5425/969 974/5426/970 983/5427/978
f 974/5428/970 975/5429/971 983/5430/978
f 976/5431/973 977/5432/972 983/5433/978
f 977/5434/972 978/5435/974 983/5436/978
f 978/5437/974 979/5438/975 983/5439/978
f 979/5440/975 980/5441/976 983/5442/978
f 980/5443/976 981/5444/977 983/5445/978
f 981/5446/977 982/5447/965 983/5448/978
f 915/5449/912 203/5450/195 188/5451/177
f 916/5452/913 915/5453/912 188/5454/177
f 188/5455/177 189/5456/179 916/5457/913
f 917/5458/917 916/5459/913 189/5460/179
f 189/5461/179 918/5462/919 917/5463/917
f 189/5464/179 204/5465/196 919/5466/921
f 918/5467/919 189/5468/179 919/5469/921
f 216/5470/207 210/5471/202 928/5472/934
f 927/5473/911 216/5474/207 928/5475/934
f 928/5476/934 210/5477/202 929/5478/936
f 210/5479/202 203/5480/195 929/5481/936
f 203/5482/195 915/5483/912 929/5484/936
f 929/5485/936 915/5486/912 943/5487/937
f 930/5488/914 943/5489/937 915/5490/912
f 222/5491/212 216/5492/207 926/5493/910
f 941/5494/933 940/5495/948 926/5496/910
f 939/5497/932 925/5498/931 227/5499/217
f 940/5500/948 222/5501/212 926/5502/910
f 227/5503/217 222/5504/212 940/5505/948
f 940/5506/948 939/5507/932 227/5508/217
f 935/5509/922 936/5510/924 949/5511/944
f 950/5512/945 949/5513/944 936/5514/924
f 949/5515/944 950/5516/945 963/5517/960
f 963/5518/960 962/5519/958 949/5520/944
f 962/5521/958 963/5522/960 976/5523/973
f 976/5524/973 975/5525/971 962/5526/958
f 975/5527/971 976/5528/973 983/5529/978
f 985/5530/979 242/5531/980 986/5532/981
f 987/5533/982 805/5534/907 988/5535/983
f 992/5536/984 263/5537/253 993/5538/985
f 995/5539/986 996/5540/987 997/5541/988
f 984/5542/989 997/5543/988 996/5544/987
f 985/5545/979 998/5546/990 984/5547/989
f 997/5548/988 984/5549/989 998/5550/990
f 998/5551/990 985/5552/979 986/5553/981
f 989/5554/991 999/5555/992 988/5556/983
f 988/5557/983 999/5558/992 987/5559/982
f 998/5560/990 987/5561/982 999/5562/992
f 994/5563/993 995/5564/986 1000/5565/994
f 997/5566/988 1000/5567/994 995/5568/986
f 993/5569/985 1000/5570/994 992/5571/984
f 998/5572/990 1001/5573/995 997/5574/988
f 1000/5575/994 997/5576/988 1001/5577/995
f 258/5578/996 242/5579/980 985/5580/979
f 984/5581/989 258/5582/996 985/5583/979
f 816/5584/820 989/5585/991 988/5586/983
f 988/5587/983 805/5588/907 816/5589/820
f 831/5590/819 830/5591/838 990/5592/997
f 830/5593/838 829/5594/836 991/5595/998
f 993/5596/985 263/5597/253 252/5598/250
f 258/5599/996 984/5600/989 996/5601/987
f 995/5602/986 258/5603/996 996/5604/987
f 987/5605/982 217/5606/791 805/5607/907
f 986/5608/981 987/5609/982 998/5610/990
f 986/5611/981 242/5612/980 987/5613/982
f 242/5614/980 217/5615/791 987/5616/982
f 990/5617/997 999/5618/992 989/5619/991
f 989/5620/991 816/5621/820 990/5622/997
f 816/5623/820 831/5624/819 990/5625/997
f 990/5626/997 991/5627/998 999/5628/992
f 990/5629/997 830/5630/838 991/5631/998
f 994/5632/993 1000/5633/994 993/5634/985
f 252/5635/250 994/5636/993 993/5637/985
f 1003/5638/999 1004/5639/1000 1002/5640/1001
f 1003/5641/999 1005/5642/1002 1004/5643/1000
f 252/5644/250 255/5645/245 1002/5646/1001
f 249/5647/244 1003/5648/999 1002/5649/1001
f 1002/5650/1001 255/5651/245 249/5652/244
f 1008/5653/1003 713/5654/723 1009/5655/1004
f 1011/5656/1005 1005/5657/1002 1012/5658/1006
f 1014/5659/1007 249/5660/244 1015/5661/1008
f 1015/5662/1008 249/5663/244 1016/5664/1009
f 1013/5665/1010 1021/5666/1011 1012/5667/1006
f 1012/5668/1006 1021/5669/1011 1011/5670/1005
f 1016/5671/1009 1022/5672/1012 1015/5673/1008
f 1015/5674/1008 1022/5675/1012 1014/5676/1007
f 1021/5677/1011 1013/5678/1010 1022/5679/1012
f 1022/5680/1012 1023/5681/1013 1021/5682/1011
f 1018/5683/1014 1021/5684/1011 1023/5685/1013
f 1018/5686/1014 1023/5687/1013 1017/5688/1015
f 1006/5689/1016 1007/5690/1017 1024/5691/1018
f 1025/5692/1019 1018/5693/1014 1017/5694/1015
f 1009/5695/1004 1010/5696/1020 1026/5697/1021
f 1026/5698/1021 1019/5699/1022 1024/5700/1018
f 1009/5701/1004 1026/5702/1021 1008/5703/1003
f 1024/5704/1018 1007/5705/1017 1026/5706/1021
f 1017/5707/1015 1027/5708/1023 1025/5709/1019
f 1027/5710/1023 1019/5711/1022 1025/5712/1019
f 1028/5713/1024 1019/5714/1022 1027/5715/1023
f 1029/5716/1025 1017/5717/1015 1020/5718/1026
f 1017/5719/1015 1029/5720/1025 1027/5721/1023
f 1028/5722/1024 1027/5723/1023 1029/5724/1025
f 1024/5725/1018 1031/5726/1027 1030/5727/1028
f 1028/5728/1024 1031/5729/1027 1019/5730/1022
f 1031/5731/1027 1024/5732/1018 1019/5733/1022
f 714/5734/726 1007/5735/1017 1006/5736/1016
f 1006/5737/1016 715/5738/728 714/5739/726
f 712/5740/722 1010/5741/1020 1009/5742/1004
f 1009/5743/1004 713/5744/723 712/5745/722
f 1003/5746/999 1013/5747/1010 1012/5748/1006
f 1012/5749/1006 1005/5750/1002 1003/5751/999
f 1016/5752/1009 249/5753/244 254/5754/243
f 716/5755/730 715/5756/728 1006/5757/1016
f 1024/5758/1018 1030/5759/1028 1006/5760/1016
f 1008/5761/1003 714/5762/726 713/5763/723
f 1007/5764/1017 714/5765/726 1008/5766/1003
f 1008/5767/1003 1026/5768/1021 1007/5769/1017
f 1014/5770/1007 1022/5771/1012 1013/5772/1010
f 1013/5773/1010 1003/5774/999 1014/5775/1007
f 1003/5776/999 249/5777/244 1014/5778/1007
f 1032/5779/1029 256/5780/252 1033/5781/1030
f 1036/5782/1031 1000/5783/994 1037/5784/1032
f 1038/5785/1033 1001/5786/995 1039/5787/1034
f 1039/5788/1034 1001/5789/995 1040/5790/1035
f 1042/5791/1036 999/5792/992 1043/5793/1037
f 1043/5794/1037 999/5795/992 1044/5796/1038
f 1047/5797/1039 243/5798/1040 1048/5799/1041
f 1048/5800/1041 243/5801/1040 1049/5802/1042
f 1051/5803/1043 250/5804/240 1052/5805/1044
f 1032/5806/1029 1054/5807/1045 1055/5808/1046
f 1053/5809/1047 1054/5810/1045 1056/5811/1048
f 1033/5812/1030 1056/5813/1048 1032/5814/1029
f 1054/5815/1045 1032/5816/1029 1056/5817/1048
f 1035/5818/1049 1058/5819/1050 1034/5820/1051
f 1034/5821/1051 1058/5822/1050 1033/5823/1030
f 1056/5824/1048 1033/5825/1030 1058/5826/1050
f 1059/5827/1052 1051/5828/1043 1052/5829/1044
f 1056/5830/1048 1059/5831/1052 1053/5832/1047
f 1052/5833/1044 1053/5834/1047 1059/5835/1052
f 1049/5836/1042 1060/5837/1053 1048/5838/1041
f 1048/5839/1041 1060/5840/1053 1047/5841/1039
f 1059/5842/1052 1060/5843/1053 1051/5844/1043
f 1050/5845/1054 1051/5846/1043 1060/5847/1053
f 1061/5848/1055 1036/5849/1031 1037/5850/1032
f 1038/5851/1033 1062/5852/1056 1037/5853/1032
f 1037/5854/1032 1062/5855/1056 1061/5856/1055
f 1057/5857/1057 1061/5858/1055 1062/5859/1056
f 1057/5860/1057 1063/5861/1058 1060/5862/1053
f 1060/5863/1053 1063/5864/1058 1047/5865/1039
f 1039/5866/1034 1064/5867/1059 1038/5868/1033
f 1062/5869/1056 1038/5870/1033 1064/5871/1059
f 1064/5872/1059 1039/5873/1034 1040/5874/1035
f 1040/5875/1035 1041/5876/1060 1064/5877/1059
f 1065/5878/1061 1044/5879/1038 1045/5880/1062
f 1044/5881/1038 1065/5882/1061 1043/5883/1037
f 1042/5884/1036 1043/5885/1037 1065/5886/1061
f 1064/5887/1059 1041/5888/1060 1065/5889/1061
f 1042/5890/1036 1065/5891/1061 1041/5892/1060
f 1066/5893/1063 1060/5894/1053 1059/5895/1052
f 1058/5896/1050 1066/5897/1063 1056/5898/1048
f 1059/5899/1052 1056/5900/1048 1066/5901/1063
f 1066/5902/1063 1058/5903/1050 1061/5904/1055
f 1061/5905/1055 1057/5906/1057 1066/5907/1063
f 1060/5908/1053 1066/5909/1063 1057/5910/1057
f 1063/5911/1058 1057/5912/1057 1067/5913/1064
f 1062/5914/1056 1067/5915/1064 1057/5916/1057
f 1067/5917/1064 1062/5918/1056 1064/5919/1059
f 262/5920/251 1034/5921/1051 1033/5922/1030
f 1033/5923/1030 256/5924/252 262/5925/251
f 262/5926/251 263/5927/253 1035/5928/1049
f 1034/5929/1051 262/5930/251 1035/5931/1049
f 992/5932/984 1000/5933/994 1036/5934/1031
f 1000/5935/994 1001/5936/995 1038/5937/1033
f 1037/5938/1032 1000/5939/994 1038/5940/1033
f 1001/5941/995 998/5942/990 1041/5943/1060
f 1040/5944/1035 1001/5945/995 1041/5946/1060
f 998/5947/990 999/5948/992 1042/5949/1036
f 1041/5950/1060 998/5951/990 1042/5952/1036
f 991/5953/998 1045/5954/1062 1044/5955/1038
f 1044/5956/1038 999/5957/992 991/5958/998
f 1045/5959/1062 991/5960/998 829/5961/836
f 1049/5962/1042 243/5963/1040 244/5964/256
f 250/5965/240 1051/5966/1043 1050/5967/1054
f 1050/5968/1054 245/5969/236 250/5970/240
f 251/5971/241 1053/5972/1047 1052/5973/1044
f 1052/5974/1044 250/5975/240 251/5976/241
f 260/5977/248 1054/5978/1045 1053/5979/1047
f 1053/5980/1047 251/5981/241 260/5982/248
f 1054/5983/1045 260/5984/248 1055/5985/1046
f 256/5986/252 1032/5987/1029 1055/5988/1046
f 260/5989/248 256/5990/252 1055/5991/1046
f 263/5992/253 992/5993/984 1036/5994/1031
f 1058/5995/1050 1036/5996/1031 1061/5997/1055
f 1035/5998/1049 263/5999/253 1036/6000/1031
f 1036/6001/1031 1058/6002/1050 1035/6003/1049
f 1046/6004/1065 829/6005/836 828/6006/834
f 1045/6007/1062 1046/6008/1065 1065/6009/1061
f 1045/6010/1062 829/6011/836 1046/6012/1065
f 1050/6013/1054 1060/6014/1053 1049/6015/1042
f 244/6016/256 1050/6017/1054 1049/6018/1042
f 1050/6019/1054 244/6020/256 245/6021/236
f 1068/6022/1066 142/6023/133 1069/6024/1067
f 1070/6025/1068 155/6026/145 1071/6027/1069
f 1075/6028/1070 173/6029/175 1076/6030/1071
f 1077/6031/1072 1075/6032/1070 1076/6033/1071
f 1071/6034/1069 1078/6035/1073 1070/6036/1068
f 1069/6037/1067 1070/6038/1068 1078/6039/1073
f 1069/6040/1067 1078/6041/1073 1068/6042/1066
f 1071/6043/1069 1072/6044/1074 1078/6045/1073
f 1079/6046/1075 1073/6047/1076 1074/6048/1077
f 1077/6049/1072 1079/6050/1075 1075/6051/1070
f 1074/6052/1077 1075/6053/1070 1079/6054/1075
f 1079/6055/1075 1077/6056/1072 1078/6057/1073
f 1078/6058/1073 1072/6059/1074 1079/6060/1075
f 1073/6061/1076 1079/6062/1075 1072/6063/1074
f 141/6064/225 142/6065/133 1068/6066/1066
f 155/6067/145 1070/6068/1068 1069/6069/1067
f 1069/6070/1067 142/6071/133 155/6072/145
f 1071/6073/1069 155/6074/145 164/6075/1078
f 1072/6076/1074 1071/6077/1069 164/6078/1078
f 164/6079/1078 1073/6080/1076 1072/6081/1074
f 164/6082/1078 174/6083/176 1074/6084/1077
f 1073/6085/1076 164/6086/1078 1074/6087/1077
f 174/6088/176 173/6089/175 1075/6090/1070
f 1074/6091/1077 174/6092/176 1075/6093/1070
f 1081/6094/1079 510/6095/512 1082/6096/1080
f 1082/6097/1080 510/6098/512 1083/6099/1081
f 1087/6100/1082 1077/6101/1072 1088/6102/1083
f 1090/6103/1084 173/6104/175 1091/6105/1085
f 1096/6106/1086 490/6107/483 1097/6108/1087
f 1097/6109/1087 490/6110/483 1098/6111/1088
f 1080/6112/1089 1081/6113/1079 1099/6114/1090
f 1097/6115/1087 1098/6116/1088 1100/6117/1091
f 1098/6118/1088 1099/6119/1090 1100/6120/1091
f 1083/6121/1081 1100/6122/1091 1082/6123/1080
f 1082/6124/1080 1100/6125/1091 1081/6126/1079
f 1099/6127/1090 1081/6128/1079 1100/6129/1091
f 1085/6130/1092 1101/6131/1093 1084/6132/1094
f 1100/6133/1091 1084/6134/1094 1101/6135/1093
f 1095/6136/1095 1096/6137/1086 1101/6138/1093
f 1096/6139/1086 1097/6140/1087 1101/6141/1093
f 1100/6142/1091 1101/6143/1093 1097/6144/1087
f 1102/6145/1096 1092/6146/1097 1093/6147/1098
f 1087/6148/1082 1103/6149/1099 1086/6150/1100
f 1101/6151/1093 1104/6152/1101 1095/6153/1095
f 1091/6154/1085 1092/6155/1097 1105/6156/1102
f 1102/6157/1096 1105/6158/1102 1092/6159/1097
f 1091/6160/1085 1105/6161/1102 1090/6162/1084
f 1089/6163/1103 1090/6164/1084 1105/6165/1102
f 1089/6166/1103 1105/6167/1102 1088/6168/1083
f 1103/6169/1099 1087/6170/1082 1105/6171/1102
f 1088/6172/1083 1105/6173/1102 1087/6174/1082
f 1105/6175/1102 1106/6176/1104 1103/6177/1099
f 1104/6178/1101 1101/6179/1093 1106/6180/1104
f 1103/6181/1099 1106/6182/1104 1101/6183/1093
f 1104/6184/1101 1106/6185/1104 1102/6186/1096
f 1106/6187/1104 1105/6188/1102 1102/6189/1096
f 510/6190/512 1081/6191/1079 1080/6192/1089
f 1080/6193/1089 511/6194/513 510/6195/512
f 1083/6196/1081 510/6197/512 509/6198/511
f 1077/6199/1072 1087/6200/1082 1086/6201/1100
f 1077/6202/1072 1076/6203/1071 1089/6204/1103
f 1088/6205/1083 1077/6206/1072 1089/6207/1103
f 1076/6208/1071 173/6209/175 1090/6210/1084
f 1089/6211/1103 1076/6212/1071 1090/6213/1084
f 173/6214/175 187/6215/178 1092/6216/1097
f 1091/6217/1085 173/6218/175 1092/6219/1097
f 187/6220/178 186/6221/192 1093/6222/1098
f 1092/6223/1097 187/6224/178 1093/6225/1098
f 1094/6226/1105 186/6227/192 185/6228/190
f 490/6229/483 1096/6230/1086 1095/6231/1095
f 1095/6232/1095 185/6233/190 490/6234/483
f 500/6235/573 1099/6236/1090 1098/6237/1088
f 1098/6238/1088 490/6239/483 500/6240/573
f 1084/6241/1094 1100/6242/1091 1083/6243/1081
f 509/6244/511 1084/6245/1094 1083/6246/1081
f 1094/6247/1105 1102/6248/1096 1093/6249/1098
f 1093/6250/1098 186/6251/192 1094/6252/1105
f 1102/6253/1096 1094/6254/1105 1104/6255/1101
f 1104/6256/1101 1094/6257/1105 1095/6258/1095
f 1095/6259/1095 1094/6260/1105 185/6261/190
f 1099/6262/1090 500/6263/573 1080/6264/1089
f 500/6265/573 511/6266/513 1080/6267/1089
f 1108/6268/1106 499/6269/496 1109/6270/1107
f 1112/6271/1108 139/6272/223 1113/6273/1109
f 1113/6274/1109 139/6275/223 1114/6276/1110
f 1115/6277/1111 140/6278/224 1116/6279/1112
f 1116/6280/1112 140/6281/224 1117/6282/1113
f 1118/6283/1114 1068/6284/1066 1119/6285/1115
f 1120/6286/1116 1078/6287/1073 1121/6288/1117
f 1123/6289/1118 1101/6290/1093 1124/6291/1119
f 1127/6292/1120 509/6293/511 1128/6294/1121
f 1108/6295/1106 1109/6296/1107 1111/6297/1122
f 1109/6298/1107 1110/6299/1123 1111/6300/1122
f 1108/6301/1106 1111/6302/1122 1112/6303/1108
f 1130/6304/1124 1132/6305/1125 1129/6306/1126
f 1129/6307/1126 1132/6308/1125 1128/6309/1121
f 1127/6310/1120 1128/6311/1121 1132/6312/1125
f 1121/6313/1117 1133/6314/1127 1120/6315/1116
f 1119/6316/1115 1120/6317/1116 1133/6318/1127
f 1134/6319/1128 1123/6320/1118 1124/6321/1119
f 1124/6322/1119 1125/6323/1129 1134/6324/1128
f 1126/6325/1130 1127/6326/1120 1134/6327/1128
f 1132/6328/1125 1134/6329/1128 1127/6330/1120
f 1132/6331/1125 1107/6332/1131 1135/6333/1132
f 1136/6334/1133 1116/6335/1112 1117/6336/1113
f 1133/6337/1127 1136/6338/1133 1119/6339/1115
f 1118/6340/1114 1119/6341/1115 1136/6342/1133
f 1134/6343/1128 1137/6344/1134 1123/6345/1118
f 1133/6346/1127 1122/6347/1135 1137/6348/1134
f 1115/6349/1111 1116/6350/1112 1138/6351/1136
f 1136/6352/1133 1138/6353/1136 1116/6354/1112
f 1115/6355/1111 1138/6356/1136 1114/6357/1110
f 1114/6358/1110 1138/6359/1136 1113/6360/1109
f 1113/6361/1109 1138/6362/1136 1112/6363/1108
f 1108/6364/1106 1112/6365/1108 1138/6366/1136
f 1134/6367/1128 1139/6368/1137 1137/6369/1134
f 1136/6370/1133 1133/6371/1127 1139/6372/1137
f 1137/6373/1134 1139/6374/1137 1133/6375/1127
f 1139/6376/1137 1134/6377/1128 1132/6378/1125
f 1136/6379/1133 1139/6380/1137 1138/6381/1136
f 1132/6382/1125 1135/6383/1132 1139/6384/1137
f 1138/6385/1136 1139/6386/1137 1135/6387/1132
f 507/6388/497 499/6389/496 1108/6390/1106
f 499/6391/496 489/6392/572 1110/6393/1123
f 1109/6394/1107 499/6395/496 1110/6396/1123
f 138/6397/132 1111/6398/1122 1110/6399/1123
f 1110/6400/1123 489/6401/572 138/6402/132
f 139/6403/223 1112/6404/1108 1111/6405/1122
f 1111/6406/1122 138/6407/132 139/6408/223
f 140/6409/224 1115/6410/1111 1114/6411/1110
f 1114/6412/1110 139/6413/223 140/6414/224
f 1117/6415/1113 140/6416/224 141/6417/225
f 1068/6418/1066 1078/6419/1073 1120/6420/1116
f 1119/6421/1115 1068/6422/1066 1120/6423/1116
f 1122/6424/1135 1077/6425/1072 1086/6426/1100
f 1085/6427/1092 1125/6428/1129 1124/6429/1119
f 1124/6430/1119 1101/6431/1093 1085/6432/1092
f 1085/6433/1092 1084/6434/1094 1126/6435/1130
f 1084/6436/1094 509/6437/511 1127/6438/1120
f 1126/6439/1130 1084/6440/1094 1127/6441/1120
f 509/6442/511 522/6443/510 1129/6444/1126
f 1128/6445/1121 509/6446/511 1129/6447/1126
f 522/6448/510 521/6449/508 1130/6450/1124
f 1129/6451/1126 522/6452/510 1130/6453/1124
f 508/6454/507 1107/6455/1131 1131/6456/1138
f 521/6457/508 508/6458/507 1131/6459/1138
f 508/6460/507 507/6461/497 1108/6462/1106
f 1135/6463/1132 1108/6464/1106 1138/6465/1136
f 1107/6466/1131 508/6467/507 1108/6468/1106
f 1108/6469/1106 1135/6470/1132 1107/6471/1131
f 1117/6472/1113 1118/6473/1114 1136/6474/1133
f 141/6475/225 1118/6476/1114 1117/6477/1113
f 1118/6478/1114 141/6479/225 1068/6480/1066
f 1122/6481/1135 1133/6482/1127 1121/6483/1117
f 1121/6484/1117 1078/6485/1073 1122/6486/1135
f 1078/6487/1073 1077/6488/1072 1122/6489/1135
f 1086/6490/1100 1137/6491/1134 1122/6492/1135
f 1123/6493/1118 1103/6494/1099 1101/6495/1093
f 1103/6496/1099 1123/6497/1118 1086/6498/1100
f 1123/6499/1118 1137/6500/1134 1086/6501/1100
f 1125/6502/1129 1126/6503/1130 1134/6504/1128
f 1125/6505/1129 1085/6506/1092 1126/6507/1130
f 1130/6508/1124 1131/6509/1138 1132/6510/1125
f 1130/6511/1124 521/6512/508 1131/6513/1138
f 1107/6514/1131 1132/6515/1125 1131/6516/1138
f 1141/6517/1139 613/6518/618 1142/6519/1140
f 1144/6520/1141 601/6521/590 1145/6522/1142
f 1147/6523/1143 466/6524/463 1148/6525/1144
f 1140/6526/1145 1141/6527/1139 1144/6528/1141
f 1141/6529/1139 1142/6530/1140 1144/6531/1141
f 1142/6532/1140 1143/6533/1146 1144/6534/1141
f 1140/6535/1145 1144/6536/1141 1145/6537/1142
f 613/6538/618 1141/6539/1139 1140/6540/1145
f 1140/6541/1145 614/6542/620 613/6543/618
f 612/6544/605 601/6545/590 1144/6546/1141
f 1143/6547/1146 612/6548/605 1144/6549/1141
f 601/6550/590 474/6551/464 1146/6552/1147
f 1145/6553/1142 601/6554/590 1146/6555/1147
f 474/6556/464 466/6557/463 1147/6558/1143
f 1146/6559/1147 474/6560/464 1147/6561/1143
f 466/6562/463 165/6563/157 1149/6564/1148
f 1148/6565/1144 466/6566/463 1149/6567/1148
f 1140/6568/1145 1145/6569/1142 1146/6570/1147
f 1142/6571/1140 613/6572/618 1143/6573/1146
f 613/6574/618 612/6575/605 1143/6576/1146
f 1154/6577/1149 467/6578/465 1155/6579/1150
f 1151/6580/1151 1152/6581/1152 1153/6582/1153
f 149/6583/227 460/6584/479 1152/6585/1152
f 1151/6586/1151 149/6587/227 1152/6588/1152
f 468/6589/466 1153/6590/1153 1152/6591/1152
f 1152/6592/1152 460/6593/479 468/6594/466
f 467/6595/465 476/6596/468 1156/6597/1154
f 1155/6598/1150 467/6599/465 1156/6600/1154
f 1153/6601/1153 468/6602/466 1154/6603/1149
f 468/6604/466 467/6605/465 1154/6606/1149
f 1159/6607/1155 1149/6608/1148 1160/6609/1156
f 1161/6610/1157 165/6611/157 1162/6612/1158
f 1165/6613/1159 191/6614/1160 1166/6615/1161
f 1165/6616/1159 1168/6617/1162 1164/6618/1163
f 1168/6619/1162 1163/6620/1164 1164/6621/1163
f 1169/6622/1165 1161/6623/1157 1162/6624/1158
f 1162/6625/1158 1163/6626/1164 1169/6627/1165
f 1168/6628/1162 1169/6629/1165 1163/6630/1164
f 1168/6631/1162 1170/6632/1166 1169/6633/1165
f 1166/6634/1161 1167/6635/1167 1170/6636/1166
f 1166/6637/1161 1170/6638/1166 1165/6639/1159
f 1168/6640/1162 1165/6641/1159 1170/6642/1166
f 1161/6643/1157 1171/6644/1168 1160/6645/1156
f 1171/6646/1168 1161/6647/1157 1169/6648/1165
f 1169/6649/1165 1170/6650/1166 1171/6651/1168
f 1149/6652/1148 165/6653/157 1161/6654/1157
f 1160/6655/1156 1149/6656/1148 1161/6657/1157
f 176/6658/159 1163/6659/1164 1162/6660/1158
f 1162/6661/1158 165/6662/157 176/6663/159
f 192/6664/182 1164/6665/1163 1163/6666/1164
f 1163/6667/1164 176/6668/159 192/6669/182
f 192/6670/182 191/6671/1160 1165/6672/1159
f 1164/6673/1163 192/6674/182 1165/6675/1159
f 191/6676/1160 190/6677/180 1167/6678/1167
f 1166/6679/1161 191/6680/1160 1167/6681/1167
f 1173/6682/1169 475/6683/470 1174/6684/1170
f 1174/6685/1170 475/6686/470 1175/6687/1171
f 1175/6688/1171 475/6689/470 1176/6690/1172
f 1176/6691/1172 475/6692/470 1177/6693/1173
f 1177/6694/1173 475/6695/470 1178/6696/1174
f 1183/6697/1175 1157/6698/1176 1184/6699/1177
f 1184/6700/1177 1157/6701/1176 1185/6702/1178
f 1183/6703/1175 1184/6704/1177 1185/6705/1178
f 1181/6706/1179 1182/6707/1180 1187/6708/1181
f 1176/6709/1172 1177/6710/1173 1190/6711/1182
f 1186/6712/1183 1190/6713/1182 1178/6714/1174
f 1177/6715/1173 1178/6716/1174 1190/6717/1182
f 1176/6718/1172 1190/6719/1182 1175/6720/1171
f 1175/6721/1171 1190/6722/1182 1174/6723/1170
f 1187/6724/1181 1191/6725/1184 1181/6726/1179
f 1186/6727/1183 1192/6728/1185 1190/6729/1182
f 476/6730/468 475/6731/470 1173/6732/1169
f 1172/6733/1186 476/6734/468 1173/6735/1169
f 1178/6736/1174 475/6737/470 479/6738/472
f 587/6739/593 602/6740/595 1179/6741/1187
f 615/6742/606 1180/6743/1188 1179/6744/1187
f 1179/6745/1187 602/6746/595 615/6747/606
f 1158/6748/1189 1157/6749/1176 1183/6750/1175
f 1182/6751/1180 1158/6752/1189 1183/6753/1175
f 1179/6754/1187 479/6755/472 587/6756/593
f 479/6757/472 1179/6758/1187 1178/6759/1174
f 1178/6760/1174 1179/6761/1187 1186/6762/1183
f 1193/6763/1190 1189/6764/1191 1194/6765/1192
f 1195/6766/1193 1188/6767/1194 1196/6768/1195
f 1197/6769/1196 1186/6770/1183 1198/6771/1197
f 1201/6772/1198 1140/6773/1145 1202/6774/1199
f 1206/6775/1200 1148/6776/1144 1207/6777/1201
f 1209/6778/1202 1159/6779/1155 1210/6780/1203
f 1212/6781/1204 1171/6782/1168 1213/6783/1205
f 1214/6784/1206 1170/6785/1166 1215/6786/1207
f 1216/6787/1208 1167/6788/1167 1217/6789/1209
f 1219/6790/1210 175/6791/181 1220/6792/1211
f 1223/6793/1212 1158/6794/1189 1224/6795/1213
f 1227/6796/1214 1191/6797/1184 1228/6798/1215
f 1201/6799/1198 1202/6800/1199 1203/6801/1216
f 1194/6802/1192 1229/6803/1217 1193/6804/1190
f 1207/6805/1201 1229/6806/1217 1206/6807/1200
f 1230/6808/1218 1196/6809/1195 1197/6810/1196
f 1199/6811/1219 1230/6812/1218 1198/6813/1197
f 1197/6814/1196 1198/6815/1197 1230/6816/1218
f 1205/6817/1220 1231/6818/1221 1204/6819/1222
f 1200/6820/1223 1231/6821/1221 1230/6822/1218
f 1227/6823/1214 1228/6824/1215 1232/6825/1224
f 1229/6826/1217 1232/6827/1224 1228/6828/1215
f 1209/6829/1202 1232/6830/1224 1208/6831/1225
f 1229/6832/1217 1207/6833/1201 1232/6834/1224
f 1208/6835/1225 1232/6836/1224 1207/6837/1201
f 1221/6838/1226 1234/6839/1227 1220/6840/1211
f 1217/6841/1209 1218/6842/1228 1234/6843/1227
f 1218/6844/1228 1219/6845/1210 1234/6846/1227
f 1220/6847/1211 1234/6848/1227 1219/6849/1210
f 1195/6850/1193 1196/6851/1195 1235/6852/1229
f 1230/6853/1218 1235/6854/1229 1196/6855/1195
f 1229/6856/1217 1194/6857/1192 1235/6858/1229
f 1195/6859/1193 1235/6860/1229 1194/6861/1192
f 1235/6862/1229 1230/6863/1218 1231/6864/1221
f 1213/6865/1205 1236/6866/1230 1212/6867/1204
f 1212/6868/1204 1236/6869/1230 1211/6870/1231
f 1232/6871/1224 1209/6872/1202 1236/6873/1230
f 1210/6874/1203 1236/6875/1230 1209/6876/1202
f 1237/6877/1232 1224/6878/1213 1225/6879/1233
f 1225/6880/1233 1226/6881/1234 1237/6882/1232
f 1232/6883/1224 1237/6884/1232 1227/6885/1214
f 1234/6886/1227 1238/6887/1235 1217/6888/1209
f 1216/6889/1208 1217/6890/1209 1238/6891/1235
f 1216/6892/1208 1238/6893/1235 1215/6894/1207
f 1233/6895/1236 1214/6896/1206 1238/6897/1235
f 1215/6898/1207 1238/6899/1235 1214/6900/1206
f 1222/6901/1237 1239/6902/1238 1221/6903/1226
f 1234/6904/1227 1221/6905/1226 1239/6906/1238
f 1234/6907/1227 1239/6908/1238 1238/6909/1235
f 1233/6910/1236 1238/6911/1235 1239/6912/1238
f 1239/6913/1238 1222/6914/1237 1223/6915/1212
f 1236/6916/1230 1240/6917/1239 1232/6918/1224
f 1233/6919/1236 1240/6920/1239 1214/6921/1206
f 1236/6922/1230 1213/6923/1205 1240/6924/1239
f 1241/6925/1240 1233/6926/1236 1239/6927/1238
f 1237/6928/1232 1241/6929/1240 1224/6930/1213
f 1239/6931/1238 1223/6932/1212 1241/6933/1240
f 1224/6934/1213 1241/6935/1240 1223/6936/1212
f 1233/6937/1236 1241/6938/1240 1240/6939/1239
f 1240/6940/1239 1241/6941/1240 1232/6942/1224
f 1237/6943/1232 1232/6944/1224 1241/6945/1240
f 1188/6946/1194 1195/6947/1193 1194/6948/1192
f 1194/6949/1192 1189/6950/1191 1188/6951/1194
f 1179/6952/1187 1199/6953/1219 1198/6954/1197
f 1198/6955/1197 1186/6956/1183 1179/6957/1187
f 1199/6958/1219 1179/6959/1187 1180/6960/1188
f 1200/6961/1223 614/6962/620 1140/6963/1145
f 1202/6964/1199 1140/6965/1145 1203/6966/1216
f 1140/6967/1145 1146/6968/1147 1203/6969/1216
f 1146/6970/1147 1147/6971/1143 1205/6972/1220
f 1204/6973/1222 1146/6974/1147 1205/6975/1220
f 1147/6976/1143 1148/6977/1144 1206/6978/1200
f 1149/6979/1148 1208/6980/1225 1207/6981/1201
f 1207/6982/1201 1148/6983/1144 1149/6984/1148
f 1159/6985/1155 1209/6986/1202 1208/6987/1225
f 1208/6988/1225 1149/6989/1148 1159/6990/1155
f 1160/6991/1156 1171/6992/1168 1212/6993/1204
f 1211/6994/1231 1160/6995/1156 1212/6996/1204
f 1171/6997/1168 1170/6998/1166 1214/6999/1206
f 1167/7000/1167 1216/7001/1208 1215/7002/1207
f 1215/7003/1207 1170/7004/1166 1167/7005/1167
f 1167/7006/1167 190/7007/180 1218/7008/1228
f 1217/7009/1209 1167/7010/1167 1218/7011/1228
f 190/7012/180 175/7013/181 1219/7014/1210
f 1218/7015/1228 190/7016/180 1219/7017/1210
f 1158/7018/1189 1223/7019/1212 1222/7020/1237
f 1182/7021/1180 1225/7022/1233 1224/7023/1213
f 1224/7024/1213 1158/7025/1189 1182/7026/1180
f 1181/7027/1179 1226/7028/1234 1225/7029/1233
f 1225/7030/1233 1182/7031/1180 1181/7032/1179
f 1181/7033/1179 1191/7034/1184 1227/7035/1214
f 1196/7036/1195 1192/7037/1185 1197/7038/1196
f 1196/7039/1195 1188/7040/1194 1192/7041/1185
f 1186/7042/1183 1197/7043/1196 1192/7044/1185
f 1199/7045/1219 1180/7046/1188 1230/7047/1218
f 1200/7048/1223 615/7049/606 614/7050/620
f 1180/7051/1188 615/7052/606 1200/7053/1223
f 1200/7054/1223 1230/7055/1218 1180/7056/1188
f 1203/7057/1216 1146/7058/1147 1204/7059/1222
f 1204/7060/1222 1231/7061/1221 1203/7062/1216
f 1205/7063/1220 1206/7064/1200 1231/7065/1221
f 1205/7066/1220 1147/7067/1143 1206/7068/1200
f 1229/7069/1217 1235/7070/1229 1206/7071/1200
f 1231/7072/1221 1206/7073/1200 1235/7074/1229
f 1211/7075/1231 1236/7076/1230 1210/7077/1203
f 1210/7078/1203 1159/7079/1155 1211/7080/1231
f 1211/7081/1231 1159/7082/1155 1160/7083/1156
f 1214/7084/1206 1240/7085/1239 1213/7086/1205
f 1213/7087/1205 1171/7088/1168 1214/7089/1206
f 1226/7090/1234 1227/7091/1214 1237/7092/1232
f 1226/7093/1234 1181/7094/1179 1227/7095/1214
f 1193/7096/1190 1229/7097/1217 1228/7098/1215
f 1228/7099/1215 1191/7100/1184 1193/7101/1190
f 1191/7102/1184 1189/7103/1191 1193/7104/1190
f 1242/7105/1241 164/7106/1078 1243/7107/1242
f 1244/7108/1243 1157/7109/1176 1245/7110/1244
f 1246/7111/1245 1158/7112/1189 1247/7113/1246
f 1249/7114/1247 175/7115/181 1250/7116/1248
f 1243/7117/1242 1255/7118/1249 1242/7119/1241
f 1253/7120/1250 1254/7121/1251 1255/7122/1249
f 1242/7123/1241 1255/7124/1249 1254/7125/1251
f 1252/7126/1252 1256/7127/1253 1251/7128/1254
f 1256/7129/1253 1250/7130/1248 1251/7131/1254
f 1245/7132/1244 1258/7133/1255 1244/7134/1243
f 1259/7135/1256 1248/7136/1257 1249/7137/1247
f 1256/7138/1253 1259/7139/1256 1250/7140/1248
f 1249/7141/1247 1250/7142/1248 1259/7143/1256
f 1260/7144/1258 1256/7145/1253 1252/7146/1252
f 1255/7147/1249 1260/7148/1258 1253/7149/1250
f 1252/7150/1252 1253/7151/1250 1260/7152/1258
f 1257/7153/1259 1261/7154/1260 1243/7155/1242
f 1261/7156/1260 1255/7157/1249 1243/7158/1242
f 1259/7159/1256 1262/7160/1261 1248/7161/1257
f 1247/7162/1246 1262/7163/1261 1246/7164/1245
f 1258/7165/1255 1245/7166/1244 1262/7167/1261
f 1246/7168/1245 1262/7169/1261 1245/7170/1244
f 1260/7171/1258 1263/7172/1262 1256/7173/1253
f 1263/7174/1262 1259/7175/1256 1256/7176/1253
f 1259/7177/1256 1263/7178/1262 1262/7179/1261
f 1263/7180/1262 1264/7181/1263 1262/7182/1261
f 1261/7183/1260 1257/7184/1259 1264/7185/1263
f 1264/7186/1263 1263/7187/1262 1260/7188/1258
f 1261/7189/1260 1264/7190/1263 1255/7191/1249
f 1260/7192/1258 1255/7193/1249 1264/7194/1263
f 1158/7195/1189 1246/7196/1245 1245/7197/1244
f 1245/7198/1244 1157/7199/1176 1158/7200/1189
f 1247/7201/1246 1158/7202/1189 1222/7203/1237
f 1221/7204/1226 1220/7205/1211 1248/7206/1257
f 1220/7207/1211 175/7208/181 1249/7209/1247
f 1248/7210/1257 1220/7211/1211 1249/7212/1247
f 175/7213/181 189/7214/179 1251/7215/1254
f 1250/7216/1248 175/7217/181 1251/7218/1254
f 1251/7219/1254 189/7220/179 1252/7221/1252
f 1253/7222/1250 1252/7223/1252 189/7224/179
f 189/7225/179 174/7226/176 1253/7227/1250
f 1253/7228/1250 174/7229/176 1254/7230/1251
f 1242/7231/1241 1254/7232/1251 174/7233/176
f 174/7234/176 164/7235/1078 1242/7236/1241
f 1200/7237/1223 1201/7238/1198 1231/7239/1221
f 1140/7240/1145 1201/7241/1198 1200/7242/1223
f 1203/7243/1216 1231/7244/1221 1201/7245/1198
f 1222/7246/1237 1221/7247/1226 1248/7248/1257
f 1247/7249/1246 1248/7250/1257 1262/7251/1261
f 1222/7252/1237 1248/7253/1257 1247/7254/1246
f 1267/7255/1264 1065/7256/1061 1268/7257/1265
f 1268/7258/1265 1065/7259/1061 1269/7260/1266
f 1274/7261/1267 815/7262/808 1275/7263/1268
f 1275/7264/1268 815/7265/808 1276/7266/1269
f 1277/7267/1270 196/7268/185 1278/7269/1271
f 1279/7270/1272 197/7271/186 1280/7272/1273
f 1280/7273/1273 197/7274/186 1281/7275/1274
f 1284/7276/1275 212/7277/203 1285/7278/1276
f 1286/7279/1277 218/7280/208 1287/7281/1278
f 1291/7282/1279 1063/7283/1058 1292/7284/1280
f 1268/7285/1265 1269/7286/1266 1294/7287/1281
f 1270/7288/1282 1294/7289/1281 1269/7290/1266
f 1296/7291/1283 1266/7292/1284 1267/7293/1264
f 1267/7294/1264 1268/7295/1265 1296/7296/1283
f 1294/7297/1281 1296/7298/1283 1268/7299/1265
f 1297/7300/1285 1274/7301/1267 1275/7302/1268
f 1275/7303/1268 1276/7304/1269 1297/7305/1285
f 1274/7306/1267 1297/7307/1285 1273/7308/1286
f 1265/7309/1287 1266/7310/1284 1298/7311/1288
f 1296/7312/1283 1298/7313/1288 1266/7314/1284
f 1295/7315/1289 1299/7316/1290 1297/7317/1285
f 1299/7318/1290 1295/7319/1289 1298/7320/1288
f 1294/7321/1281 1299/7322/1290 1296/7323/1283
f 1298/7324/1288 1296/7325/1283 1299/7326/1290
f 1295/7327/1289 1300/7328/1291 1298/7329/1288
f 1290/7330/1292 1291/7331/1279 1300/7332/1291
f 1291/7333/1279 1292/7334/1280 1300/7335/1291
f 1292/7336/1280 1293/7337/1293 1300/7338/1291
f 1298/7339/1288 1300/7340/1291 1293/7341/1293
f 1282/7342/1294 1301/7343/1295 1281/7344/1274
f 1280/7345/1273 1281/7346/1274 1301/7347/1295
f 1282/7348/1294 1283/7349/1296 1301/7350/1295
f 1302/7351/1297 1297/7352/1285 1299/7353/1290
f 1299/7354/1290 1294/7355/1281 1302/7356/1297
f 1294/7357/1281 1271/7358/1298 1302/7359/1297
f 1297/7360/1285 1302/7361/1297 1273/7362/1286
f 1303/7363/1299 1287/7364/1278 1288/7365/1300
f 1288/7366/1300 1289/7367/1301 1303/7368/1299
f 1304/7369/1302 1278/7370/1271 1279/7371/1272
f 1279/7372/1272 1280/7373/1273 1304/7374/1302
f 1301/7375/1295 1304/7376/1302 1280/7377/1273
f 1297/7378/1285 1277/7379/1270 1304/7380/1302
f 1278/7381/1271 1304/7382/1302 1277/7383/1270
f 1297/7384/1285 1304/7385/1302 1295/7386/1289
f 1301/7387/1295 1295/7388/1289 1304/7389/1302
f 1301/7390/1295 1305/7391/1303 1295/7392/1289
f 1305/7393/1303 1300/7394/1291 1295/7395/1289
f 1300/7396/1291 1305/7397/1303 1303/7398/1299
f 1306/7399/1304 1303/7400/1299 1305/7401/1303
f 1305/7402/1303 1301/7403/1295 1306/7404/1304
f 1283/7405/1296 1306/7406/1304 1301/7407/1295
f 1285/7408/1276 1286/7409/1277 1306/7410/1304
f 1286/7411/1277 1287/7412/1278 1306/7413/1304
f 1303/7414/1299 1306/7415/1304 1287/7416/1278
f 1285/7417/1276 1306/7418/1304 1284/7419/1275
f 1283/7420/1296 1284/7421/1275 1306/7422/1304
f 1064/7423/1059 1266/7424/1284 1265/7425/1287
f 1265/7426/1287 1067/7427/1064 1064/7428/1059
f 1064/7429/1059 1065/7430/1061 1267/7431/1264
f 1266/7432/1284 1064/7433/1059 1267/7434/1264
f 1046/7435/1065 1270/7436/1282 1269/7437/1266
f 1269/7438/1266 1065/7439/1061 1046/7440/1065
f 1272/7441/1305 827/7442/832 826/7443/830
f 815/7444/808 1274/7445/1267 1273/7446/1286
f 1273/7447/1286 825/7448/817 815/7449/808
f 1276/7450/1269 815/7451/808 804/7452/807
f 196/7453/185 197/7454/186 1279/7455/1272
f 1278/7456/1271 196/7457/185 1279/7458/1272
f 198/7459/187 1282/7460/1294 1281/7461/1274
f 1281/7462/1274 197/7463/186 198/7464/187
f 198/7465/187 206/7466/198 1283/7467/1296
f 1282/7468/1294 198/7469/187 1283/7470/1296
f 206/7471/198 212/7472/203 1284/7473/1275
f 1283/7474/1296 206/7475/198 1284/7476/1275
f 212/7477/203 218/7478/208 1286/7479/1277
f 1285/7480/1276 212/7481/203 1286/7482/1277
f 244/7483/256 1288/7484/1300 1287/7485/1278
f 1287/7486/1278 218/7487/208 244/7488/256
f 243/7489/1040 1289/7490/1301 1288/7491/1300
f 1288/7492/1300 244/7493/256 243/7494/1040
f 1063/7495/1058 1291/7496/1279 1290/7497/1292
f 1290/7498/1292 1047/7499/1039 1063/7500/1058
f 1067/7501/1064 1293/7502/1293 1292/7503/1280
f 1292/7504/1280 1063/7505/1058 1067/7506/1064
f 1271/7507/1298 828/7508/834 827/7509/832
f 1046/7510/1065 828/7511/834 1271/7512/1298
f 1270/7513/1282 1271/7514/1298 1294/7515/1281
f 1270/7516/1282 1046/7517/1065 1271/7518/1298
f 1271/7519/1298 827/7520/832 1272/7521/1305
f 1302/7522/1297 1271/7523/1298 1272/7524/1305
f 1272/7525/1305 1273/7526/1286 1302/7527/1297
f 826/7528/830 1273/7529/1286 1272/7530/1305
f 1273/7531/1286 826/7532/830 825/7533/817
f 1276/7534/1269 804/7535/807 1297/7536/1285
f 804/7537/807 1277/7538/1270 1297/7539/1285
f 196/7540/185 1277/7541/1270 804/7542/807
f 1289/7543/1301 1290/7544/1292 1303/7545/1299
f 1289/7546/1301 243/7547/1040 1290/7548/1292
f 1290/7549/1292 243/7550/1040 1047/7551/1039
f 1300/7552/1291 1303/7553/1299 1290/7554/1292
f 1265/7555/1287 1298/7556/1288 1293/7557/1293
f 1293/7558/1293 1067/7559/1064 1265/7560/1287
f 1307/7561/1306 689/7562/692 1308/7563/1307
f 1309/7564/1308 699/7565/691 1310/7566/1309
f 1315/7567/1310 1030/7568/1028 1316/7569/1311
f 1316/7570/1311 1030/7571/1028 1317/7572/1312
f 1318/7573/1313 1031/7574/1027 1319/7575/1314
f 1322/7576/1315 211/7577/197 1323/7578/1316
f 1324/7579/1317 194/7580/184 1325/7581/1318
f 1308/7582/1307 1328/7583/1319 1307/7584/1306
f 1328/7585/1319 1308/7586/1307 1329/7587/1320
f 1328/7588/1319 1329/7589/1320 1327/7590/1321
f 1326/7591/1322 1327/7592/1321 1329/7593/1320
f 1310/7594/1309 1311/7595/1323 1331/7596/1324
f 1311/7597/1323 1312/7598/1325 1331/7599/1324
f 1310/7600/1309 1331/7601/1324 1309/7602/1308
f 1309/7603/1308 1331/7604/1324 1308/7605/1307
f 1329/7606/1320 1308/7607/1307 1331/7608/1324
f 1332/7609/1326 1316/7610/1311 1317/7611/1312
f 1317/7612/1312 1318/7613/1313 1332/7614/1326
f 1318/7615/1313 1319/7616/1314 1332/7617/1326
f 1316/7618/1311 1332/7619/1326 1315/7620/1310
f 1315/7621/1310 1332/7622/1326 1314/7623/1327
f 1326/7624/1322 1333/7625/1328 1325/7626/1318
f 1330/7627/1329 1324/7628/1317 1333/7629/1328
f 1325/7630/1318 1333/7631/1328 1324/7632/1317
f 1333/7633/1328 1326/7634/1322 1329/7635/1320
f 1320/7636/1330 1334/7637/1331 1319/7638/1314
f 1330/7639/1329 1332/7640/1326 1334/7641/1331
f 1319/7642/1314 1334/7643/1331 1332/7644/1326
f 1335/7645/1332 1329/7646/1320 1331/7647/1324
f 1332/7648/1326 1335/7649/1332 1314/7650/1327
f 1335/7651/1332 1332/7652/1326 1330/7653/1329
f 1330/7654/1329 1333/7655/1328 1335/7656/1332
f 1329/7657/1320 1335/7658/1332 1333/7659/1328
f 689/7660/692 699/7661/691 1309/7662/1308
f 1308/7663/1307 689/7664/692 1309/7665/1308
f 698/7666/704 1311/7667/1323 1310/7668/1309
f 1310/7669/1309 699/7670/691 698/7671/704
f 717/7672/703 1312/7673/1325 1311/7674/1323
f 1311/7675/1323 698/7676/704 717/7677/703
f 717/7678/703 716/7679/730 1313/7680/1333
f 1312/7681/1325 717/7682/703 1313/7683/1333
f 1313/7684/1333 716/7685/730 1006/7686/1016
f 1030/7687/1028 1315/7688/1310 1314/7689/1327
f 1314/7690/1327 1006/7691/1016 1030/7692/1028
f 1031/7693/1027 1318/7694/1313 1317/7695/1312
f 1317/7696/1312 1030/7697/1028 1031/7698/1027
f 1028/7699/1024 1320/7700/1330 1319/7701/1314
f 1319/7702/1314 1031/7703/1027 1028/7704/1024
f 194/7705/184 1324/7706/1317 1323/7707/1316
f 1323/7708/1316 211/7709/197 194/7710/184
f 1325/7711/1318 194/7712/184 1326/7713/1322
f 1327/7714/1321 1326/7715/1322 194/7716/184
f 1307/7717/1306 1328/7718/1319 682/7719/675
f 689/7720/692 1307/7721/1306 682/7722/675
f 1327/7723/1321 682/7724/675 1328/7725/1319
f 682/7726/675 1327/7727/1321 194/7728/184
f 1006/7729/1016 1314/7730/1327 1313/7731/1333
f 1314/7732/1327 1331/7733/1324 1312/7734/1325
f 1312/7735/1325 1313/7736/1333 1314/7737/1327
f 1331/7738/1324 1314/7739/1327 1335/7740/1332
f 1321/7741/1334 1028/7742/1024 1029/7743/1025
f 1334/7744/1331 1320/7745/1330 1321/7746/1334
f 1320/7747/1330 1028/7748/1024 1321/7749/1334
f 1337/7750/1335 710/7751/718 1338/7752/1336
f 1341/7753/1337 697/7754/687 1342/7755/1338
f 1344/7756/1339 217/7757/791 1345/7758/1340
f 1346/7759/1341 242/7760/980 1347/7761/1342
f 1348/7762/1343 258/7763/996 1349/7764/1344
f 1349/7765/1344 258/7766/996 1350/7767/1345
f 1350/7768/1345 258/7769/996 1351/7770/1346
f 1354/7771/1347 252/7772/250 1355/7773/1348
f 1355/7774/1348 252/7775/250 1356/7776/1349
f 1357/7777/1350 1004/7778/1000 1358/7779/1351
f 1359/7780/1352 1005/7781/1002 1360/7782/1353
f 1360/7783/1353 1005/7784/1002 1361/7785/1354
f 1363/7786/1355 1021/7787/1011 1364/7788/1356
f 1366/7789/1357 1025/7790/1019 1367/7791/1358
f 1367/7792/1358 1025/7793/1019 1368/7794/1359
f 1373/7795/1360 712/7796/722 1374/7797/1361
f 1340/7798/1362 1341/7799/1337 1342/7800/1338
f 1340/7801/1362 1342/7802/1338 1343/7803/1363
f 1370/7804/1364 1371/7805/1365 1372/7806/1366
f 1343/7807/1363 1376/7808/1367 1340/7809/1362
f 1340/7810/1362 1376/7811/1367 1339/7812/1368
f 1338/7813/1336 1339/7814/1368 1376/7815/1367
f 1348/7816/1343 1377/7817/1369 1347/7818/1342
f 1344/7819/1339 1345/7820/1340 1377/7821/1369
f 1345/7822/1340 1346/7823/1341 1377/7824/1369
f 1347/7825/1342 1377/7826/1369 1346/7827/1341
f 1356/7828/1349 1378/7829/1370 1355/7830/1348
f 1354/7831/1347 1355/7832/1348 1378/7833/1370
f 1380/7834/1371 1336/7835/1372 1337/7836/1335
f 1337/7837/1335 1338/7838/1336 1380/7839/1371
f 1376/7840/1367 1380/7841/1371 1338/7842/1336
f 1353/7843/1373 1354/7844/1347 1381/7845/1374
f 1378/7846/1370 1381/7847/1374 1354/7848/1347
f 1360/7849/1353 1382/7850/1375 1359/7851/1352
f 1359/7852/1352 1382/7853/1375 1358/7854/1351
f 1358/7855/1351 1382/7856/1375 1357/7857/1350
f 1365/7858/1376 1366/7859/1357 1383/7860/1377
f 1366/7861/1357 1367/7862/1358 1383/7863/1377
f 1385/7864/1378 1369/7865/1379 1370/7866/1364
f 1385/7867/1378 1379/7868/1380 1383/7869/1377
f 1369/7870/1379 1385/7871/1378 1368/7872/1359
f 1383/7873/1377 1367/7874/1358 1385/7875/1378
f 1368/7876/1359 1385/7877/1378 1367/7878/1358
f 1386/7879/1381 1379/7880/1380 1385/7881/1378
f 1372/7882/1366 1373/7883/1360 1386/7884/1381
f 1374/7885/1361 1386/7886/1381 1373/7887/1360
f 1385/7888/1378 1370/7889/1364 1386/7890/1381
f 1372/7891/1366 1386/7892/1381 1370/7893/1364
f 1387/7894/1382 1376/7895/1367 1343/7896/1363
f 1387/7897/1382 1379/7898/1380 1386/7899/1381
f 1376/7900/1367 1387/7901/1382 1380/7902/1371
f 1388/7903/1383 1351/7904/1346 1352/7905/1384
f 1381/7906/1374 1388/7907/1383 1353/7908/1373
f 1352/7909/1384 1353/7910/1373 1388/7911/1383
f 1382/7912/1375 1360/7913/1353 1389/7914/1385
f 1361/7915/1354 1389/7916/1385 1360/7917/1353
f 1389/7918/1385 1361/7919/1354 1362/7920/1386
f 1362/7921/1386 1363/7922/1355 1389/7923/1385
f 1363/7924/1355 1364/7925/1356 1389/7926/1385
f 1383/7927/1377 1389/7928/1385 1365/7929/1376
f 1364/7930/1356 1365/7931/1376 1389/7932/1385
f 1390/7933/1387 1378/7934/1370 1382/7935/1375
f 1383/7936/1377 1390/7937/1387 1389/7938/1385
f 1382/7939/1375 1389/7940/1385 1390/7941/1387
f 1348/7942/1343 1391/7943/1388 1377/7944/1369
f 1391/7945/1388 1348/7946/1343 1349/7947/1344
f 1349/7948/1344 1350/7949/1345 1391/7950/1388
f 1350/7951/1345 1351/7952/1346 1391/7953/1388
f 1351/7954/1346 1388/7955/1383 1391/7956/1388
f 1392/7957/1389 1344/7958/1339 1377/7959/1369
f 1384/7960/1390 1392/7961/1389 1391/7962/1388
f 1377/7963/1369 1391/7964/1388 1392/7965/1389
f 1344/7966/1339 1392/7967/1389 1343/7968/1363
f 1343/7969/1363 1392/7970/1389 1387/7971/1382
f 1393/7972/1391 1378/7973/1370 1390/7974/1387
f 1378/7975/1370 1393/7976/1391 1381/7977/1374
f 1381/7978/1374 1393/7979/1391 1388/7980/1383
f 1388/7981/1383 1393/7982/1391 1391/7983/1388
f 1384/7984/1390 1391/7985/1388 1393/7986/1391
f 1394/7987/1392 1379/7988/1380 1387/7989/1382
f 1387/7990/1382 1392/7991/1389 1394/7992/1392
f 1384/7993/1390 1394/7994/1392 1392/7995/1389
f 1394/7996/1392 1384/7997/1390 1393/7998/1391
f 1395/7999/1393 1336/8000/1372 1380/8001/1371
f 1386/8002/1381 1395/8003/1393 1387/8004/1382
f 1380/8005/1371 1387/8006/1382 1395/8007/1393
f 1386/8008/1381 1374/8009/1361 1395/8010/1393
f 1396/8011/1394 1379/8012/1380 1394/8013/1392
f 1394/8014/1392 1393/8015/1391 1396/8016/1394
f 1390/8017/1387 1396/8018/1394 1393/8019/1391
f 1379/8020/1380 1396/8021/1394 1383/8022/1377
f 1396/8023/1394 1390/8024/1387 1383/8025/1377
f 711/8026/720 710/8027/718 1337/8028/1335
f 1336/8029/1372 711/8030/720 1337/8031/1335
f 709/8032/702 1339/8033/1368 1338/8034/1336
f 1338/8035/1336 710/8036/718 709/8037/702
f 1339/8038/1368 709/8039/702 697/8040/687
f 1340/8041/1362 1339/8042/1368 697/8043/687
f 697/8044/687 1341/8045/1337 1340/8046/1362
f 697/8047/687 688/8048/689 1343/8049/1363
f 1342/8050/1338 697/8051/687 1343/8052/1363
f 688/8053/689 217/8054/791 1344/8055/1339
f 1343/8056/1363 688/8057/689 1344/8058/1339
f 217/8059/791 242/8060/980 1346/8061/1341
f 1345/8062/1340 217/8063/791 1346/8064/1341
f 242/8065/980 258/8066/996 1348/8067/1343
f 1347/8068/1342 242/8069/980 1348/8070/1343
f 995/8071/986 1352/8072/1384 1351/8073/1346
f 1351/8074/1346 258/8075/996 995/8076/986
f 994/8077/993 1353/8078/1373 1352/8079/1384
f 1352/8080/1384 995/8081/986 994/8082/993
f 994/8083/993 252/8084/250 1354/8085/1347
f 1353/8086/1373 994/8087/993 1354/8088/1347
f 1356/8089/1349 252/8090/250 1002/8091/1001
f 1002/8092/1001 1004/8093/1000 1357/8094/1350
f 1004/8095/1000 1005/8096/1002 1359/8097/1352
f 1358/8098/1351 1004/8099/1000 1359/8100/1352
f 1011/8101/1005 1362/8102/1386 1361/8103/1354
f 1361/8104/1354 1005/8105/1002 1011/8106/1005
f 1011/8107/1005 1021/8108/1011 1363/8109/1355
f 1362/8110/1386 1011/8111/1005 1363/8112/1355
f 1018/8113/1014 1365/8114/1376 1364/8115/1356
f 1364/8116/1356 1021/8117/1011 1018/8118/1014
f 1018/8119/1014 1025/8120/1019 1366/8121/1357
f 1365/8122/1376 1018/8123/1014 1366/8124/1357
f 1019/8125/1022 1369/8126/1379 1368/8127/1359
f 1368/8128/1359 1025/8129/1019 1019/8130/1022
f 1026/8131/1021 1370/8132/1364 1369/8133/1379
f 1369/8134/1379 1019/8135/1022 1026/8136/1021
f 1010/8137/1020 1372/8138/1366 1371/8139/1365
f 1371/8140/1365 1026/8141/1021 1010/8142/1020
f 1010/8143/1020 712/8144/722 1373/8145/1360
f 1372/8146/1366 1010/8147/1020 1373/8148/1360
f 711/8149/720 1336/8150/1372 1375/8151/1395
f 1357/8152/1350 1378/8153/1370 1356/8154/1349
f 1002/8155/1001 1357/8156/1350 1356/8157/1349
f 1378/8158/1370 1357/8159/1350 1382/8160/1375
f 1370/8161/1364 1026/8162/1021 1371/8163/1365
f 1375/8164/1395 1395/8165/1393 1374/8166/1361
f 1374/8167/1361 712/8168/722 1375/8169/1395
f 712/8170/722 711/8171/720 1375/8172/1395
f 1375/8173/1395 1336/8174/1372 1395/8175/1393
f 1400/8176/1396 157/8177/150 1401/8178/1397
f 1403/8179/1398 1150/8180/1399 1404/8181/1400
f 1406/8182/1401 1151/8183/1151 1407/8184/1402
f 1410/8185/1403 1155/8186/1150 1411/8187/1404
f 1413/8188/1405 1156/8189/1154 1414/8190/1406
f 1416/8191/1407 1172/8192/1186 1417/8193/1408
f 1420/8194/1409 1190/8195/1182 1421/8196/1410
f 1422/8197/1411 1192/8198/1185 1423/8199/1412
f 1424/8200/1413 1188/8201/1194 1425/8202/1414
f 1426/8203/1415 1189/8204/1191 1427/8205/1416
f 1429/8206/1417 1187/8207/1181 1430/8208/1418
f 1432/8209/1419 1185/8210/1178 1433/8211/1420
f 1433/8212/1420 1185/8213/1178 1434/8214/1421
f 1437/8215/1422 1258/8216/1255 1438/8217/1423
f 1438/8218/1423 1258/8219/1255 1439/8220/1424
f 1441/8221/1425 1257/8222/1259 1442/8223/1426
f 1397/8224/1427 1445/8225/1428 1446/8226/1429
f 1409/8227/1430 1450/8228/1431 1408/8229/1432
f 1408/8230/1432 1450/8231/1431 1407/8232/1402
f 1406/8233/1401 1407/8234/1402 1450/8235/1431
f 1442/8236/1426 1451/8237/1433 1441/8238/1425
f 1448/8239/1434 1452/8240/1435 1447/8241/1436
f 1453/8242/1437 1448/8243/1434 1447/8244/1436
f 1447/8245/1436 1445/8246/1428 1453/8247/1437
f 1448/8248/1434 1453/8249/1437 1454/8250/1438
f 1453/8251/1437 1398/8252/1439 1454/8253/1438
f 1444/8254/1440 1461/8255/1441 1455/8256/1442
f 1452/8257/1435 1448/8258/1434 1461/8259/1441
f 1443/8260/1443 1444/8261/1440 1462/8262/1444
f 1455/8263/1442 1462/8264/1444 1444/8265/1440
f 1463/8266/1445 1428/8267/1446 1429/8268/1417
f 1429/8269/1417 1430/8270/1418 1463/8271/1445
f 1464/8272/1447 1456/8273/1448 1463/8274/1445
f 1463/8275/1445 1430/8276/1418 1464/8277/1447
f 1431/8278/1449 1464/8279/1447 1430/8280/1418
f 1437/8281/1422 1465/8282/1450 1436/8283/1451
f 1456/8284/1448 1464/8285/1447 1465/8286/1450
f 1436/8287/1451 1465/8288/1450 1435/8289/1452
f 1435/8290/1452 1465/8291/1450 1434/8292/1421
f 1434/8293/1421 1465/8294/1450 1433/8295/1420
f 1433/8296/1420 1465/8297/1450 1432/8298/1419
f 1465/8299/1450 1437/8300/1422 1438/8301/1423
f 1462/8302/1444 1455/8303/1442 1467/8304/1453
f 1454/8305/1438 1399/8306/1454 1468/8307/1455
f 1457/8308/1456 1469/8309/1457 1468/8310/1455
f 1448/8311/1434 1454/8312/1438 1469/8313/1457
f 1468/8314/1455 1469/8315/1457 1454/8316/1438
f 1470/8317/1458 1449/8318/1459 1466/8319/1460
f 1409/8320/1430 1471/8321/1461 1450/8322/1431
f 1472/8323/1462 1403/8324/1398 1404/8325/1400
f 1458/8326/1463 1472/8327/1462 1471/8328/1461
f 1458/8329/1463 1473/8330/1464 1472/8331/1462
f 1474/8332/1465 1449/8333/1459 1470/8334/1458
f 1417/8335/1408 1418/8336/1466 1475/8337/1467
f 1418/8338/1466 1419/8339/1468 1475/8340/1467
f 1420/8341/1409 1475/8342/1467 1419/8343/1468
f 1417/8344/1408 1475/8345/1467 1416/8346/1407
f 1416/8347/1407 1475/8348/1467 1415/8349/1469
f 1475/8350/1467 1420/8351/1409 1421/8352/1410
f 1411/8353/1404 1476/8354/1470 1410/8355/1403
f 1471/8356/1461 1410/8357/1403 1476/8358/1470
f 1459/8359/1471 1476/8360/1470 1475/8361/1467
f 1413/8362/1405 1476/8363/1470 1412/8364/1472
f 1413/8365/1405 1414/8366/1406 1476/8367/1470
f 1414/8368/1406 1415/8369/1469 1476/8370/1470
f 1475/8371/1467 1476/8372/1470 1415/8373/1469
f 1477/8374/1473 1458/8375/1463 1471/8376/1461
f 1471/8377/1461 1476/8378/1470 1477/8379/1473
f 1459/8380/1471 1477/8381/1473 1476/8382/1470
f 1458/8383/1463 1477/8384/1473 1474/8385/1465
f 1459/8386/1471 1478/8387/1474 1477/8388/1473
f 1477/8389/1473 1478/8390/1474 1474/8391/1465
f 1449/8392/1459 1474/8393/1465 1478/8394/1474
f 1422/8395/1411 1479/8396/1475 1421/8397/1410
f 1475/8398/1467 1421/8399/1410 1479/8400/1475
f 1479/8401/1475 1422/8402/1411 1423/8403/1412
f 1423/8404/1412 1424/8405/1413 1479/8406/1475
f 1424/8407/1413 1425/8408/1414 1479/8409/1475
f 1460/8410/1476 1480/8411/1477 1479/8412/1475
f 1479/8413/1475 1480/8414/1477 1475/8415/1467
f 1459/8416/1471 1475/8417/1467 1480/8418/1477
f 1459/8419/1471 1480/8420/1477 1478/8421/1474
f 1463/8422/1445 1481/8423/1478 1428/8424/1446
f 1427/8425/1416 1428/8426/1446 1481/8427/1478
f 1427/8428/1416 1481/8429/1478 1426/8430/1415
f 1460/8431/1476 1479/8432/1475 1481/8433/1478
f 1426/8434/1415 1481/8435/1478 1425/8436/1414
f 1479/8437/1475 1425/8438/1414 1481/8439/1478
f 1482/8440/1479 1449/8441/1459 1478/8442/1474
f 1478/8443/1474 1480/8444/1477 1482/8445/1479
f 1460/8446/1476 1482/8447/1479 1480/8448/1477
f 1449/8449/1459 1482/8450/1479 1466/8451/1460
f 1463/8452/1445 1483/8453/1480 1481/8454/1478
f 1483/8455/1480 1460/8456/1476 1481/8457/1478
f 1466/8458/1460 1482/8459/1479 1483/8460/1480
f 1460/8461/1476 1483/8462/1480 1482/8463/1479
f 1463/8464/1445 1456/8465/1448 1483/8466/1480
f 1466/8467/1460 1483/8468/1480 1456/8469/1448
f 1439/8470/1424 1484/8471/1481 1438/8472/1423
f 1465/8473/1450 1438/8474/1423 1484/8475/1481
f 1467/8476/1453 1485/8477/1482 1484/8478/1481
f 1456/8479/1448 1465/8480/1450 1485/8481/1482
f 1484/8482/1481 1485/8483/1482 1465/8484/1450
f 1486/8485/1483 1467/8486/1453 1484/8487/1481
f 1484/8488/1481 1440/8489/1484 1486/8490/1483
f 1440/8491/1484 1441/8492/1425 1486/8493/1483
f 1451/8494/1433 1486/8495/1483 1441/8496/1425
f 1467/8497/1453 1486/8498/1483 1462/8499/1444
f 1467/8500/1453 1487/8501/1485 1485/8502/1482
f 1457/8503/1456 1487/8504/1485 1469/8505/1457
f 1488/8506/1486 1401/8507/1397 1473/8508/1464
f 1401/8509/1397 1488/8510/1486 1400/8511/1396
f 1488/8512/1486 1468/8513/1455 1400/8514/1396
f 1489/8515/1487 1469/8516/1457 1487/8517/1485
f 1487/8518/1485 1467/8519/1453 1489/8520/1487
f 1455/8521/1442 1489/8522/1487 1467/8523/1453
f 1469/8524/1457 1489/8525/1487 1448/8526/1434
f 1455/8527/1442 1461/8528/1441 1489/8529/1487
f 1448/8530/1434 1489/8531/1487 1461/8532/1441
f 1471/8533/1461 1472/8534/1462 1490/8535/1488
f 1472/8536/1462 1404/8537/1400 1490/8538/1488
f 1471/8539/1461 1490/8540/1488 1450/8541/1431
f 1450/8542/1431 1490/8543/1488 1406/8544/1401
f 1405/8545/1489 1406/8546/1401 1490/8547/1488
f 1457/8548/1456 1491/8549/1490 1470/8550/1458
f 1473/8551/1464 1491/8552/1490 1488/8553/1486
f 1457/8554/1456 1468/8555/1455 1491/8556/1490
f 1488/8557/1486 1491/8558/1490 1468/8559/1455
f 1466/8560/1460 1492/8561/1491 1470/8562/1458
f 1485/8563/1482 1492/8564/1491 1456/8565/1448
f 1492/8566/1491 1466/8567/1460 1456/8568/1448
f 1470/8569/1458 1493/8570/1492 1457/8571/1456
f 1493/8572/1492 1487/8573/1485 1457/8574/1456
f 1493/8575/1492 1470/8576/1458 1492/8577/1491
f 1487/8578/1485 1493/8579/1492 1485/8580/1482
f 1492/8581/1491 1485/8582/1482 1493/8583/1492
f 1458/8584/1463 1494/8585/1493 1473/8586/1464
f 1494/8587/1493 1491/8588/1490 1473/8589/1464
f 1494/8590/1493 1458/8591/1463 1474/8592/1465
f 1474/8593/1465 1470/8594/1458 1494/8595/1493
f 1491/8596/1490 1494/8597/1493 1470/8598/1458
f 1398/8599/1439 156/8600/147 157/8601/150
f 1401/8602/1397 157/8603/150 147/8604/151
f 148/8605/226 149/8606/227 1405/8607/1489
f 1151/8608/1151 1406/8609/1401 1405/8610/1489
f 1405/8611/1489 149/8612/227 1151/8613/1151
f 1153/8614/1153 1408/8615/1432 1407/8616/1402
f 1407/8617/1402 1151/8618/1151 1153/8619/1153
f 1153/8620/1153 1154/8621/1149 1409/8622/1430
f 1408/8623/1432 1153/8624/1153 1409/8625/1430
f 1154/8626/1149 1155/8627/1150 1410/8628/1403
f 1156/8629/1154 476/8630/468 1415/8631/1469
f 1414/8632/1406 1156/8633/1154 1415/8634/1469
f 1172/8635/1186 1416/8636/1407 1415/8637/1469
f 1415/8638/1469 476/8639/468 1172/8640/1186
f 1172/8641/1186 1173/8642/1169 1418/8643/1466
f 1417/8644/1408 1172/8645/1186 1418/8646/1466
f 1173/8647/1169 1174/8648/1170 1419/8649/1468
f 1418/8650/1466 1173/8651/1169 1419/8652/1468
f 1174/8653/1170 1190/8654/1182 1420/8655/1409
f 1419/8656/1468 1174/8657/1170 1420/8658/1409
f 1192/8659/1185 1422/8660/1411 1421/8661/1410
f 1421/8662/1410 1190/8663/1182 1192/8664/1185
f 1192/8665/1185 1188/8666/1194 1424/8667/1413
f 1423/8668/1412 1192/8669/1185 1424/8670/1413
f 1188/8671/1194 1189/8672/1191 1426/8673/1415
f 1425/8674/1414 1188/8675/1194 1426/8676/1415
f 1191/8677/1184 1428/8678/1446 1427/8679/1416
f 1427/8680/1416 1189/8681/1191 1191/8682/1184
f 1191/8683/1184 1187/8684/1181 1429/8685/1417
f 1428/8686/1446 1191/8687/1184 1429/8688/1417
f 1182/8689/1180 1431/8690/1449 1430/8691/1418
f 1430/8692/1418 1187/8693/1181 1182/8694/1180
f 1183/8695/1175 1185/8696/1178 1432/8697/1419
f 1157/8698/1176 1435/8699/1452 1434/8700/1421
f 1434/8701/1421 1185/8702/1178 1157/8703/1176
f 1244/8704/1243 1436/8705/1451 1435/8706/1452
f 1435/8707/1452 1157/8708/1176 1244/8709/1243
f 1258/8710/1255 1437/8711/1422 1436/8712/1451
f 1436/8713/1451 1244/8714/1243 1258/8715/1255
f 1439/8716/1424 1258/8717/1255 1262/8718/1261
f 1257/8719/1259 1441/8720/1425 1440/8721/1484
f 1440/8722/1484 1264/8723/1263 1257/8724/1259
f 1243/8725/1242 164/8726/1078 1444/8727/1440
f 1443/8728/1443 1243/8729/1242 1444/8730/1440
f 1445/8731/1428 164/8732/1078 155/8733/145
f 155/8734/145 156/8735/147 1397/8736/1427
f 1446/8737/1429 1445/8738/1428 155/8739/145
f 1397/8740/1427 1446/8741/1429 155/8742/145
f 1397/8743/1427 1398/8744/1439 1445/8745/1428
f 1397/8746/1427 156/8747/147 1398/8748/1439
f 1398/8749/1439 1453/8750/1437 1445/8751/1428
f 157/8752/150 1399/8753/1454 1398/8754/1439
f 1399/8755/1454 1454/8756/1438 1398/8757/1439
f 1400/8758/1396 1468/8759/1455 1399/8760/1454
f 1399/8761/1454 157/8762/150 1400/8763/1396
f 1401/8764/1397 1402/8765/1494 1473/8766/1464
f 147/8767/151 1402/8768/1494 1401/8769/1397
f 1405/8770/1489 1490/8771/1488 1404/8772/1400
f 1404/8773/1400 1150/8774/1399 1405/8775/1489
f 1150/8776/1399 148/8777/226 1405/8778/1489
f 1409/8779/1430 1410/8780/1403 1471/8781/1461
f 1409/8782/1430 1154/8783/1149 1410/8784/1403
f 1476/8785/1470 1411/8786/1404 1412/8787/1472
f 1411/8788/1404 1155/8789/1150 1412/8790/1472
f 1155/8791/1150 1156/8792/1154 1412/8793/1472
f 1412/8794/1472 1156/8795/1154 1413/8796/1405
f 1464/8797/1447 1431/8798/1449 1432/8799/1419
f 1431/8800/1449 1182/8801/1180 1432/8802/1419
f 1182/8803/1180 1183/8804/1175 1432/8805/1419
f 1464/8806/1447 1432/8807/1419 1465/8808/1450
f 1484/8809/1481 1439/8810/1424 1440/8811/1484
f 1262/8812/1261 1440/8813/1484 1439/8814/1424
f 1440/8815/1484 1262/8816/1261 1264/8817/1263
f 1443/8818/1443 1451/8819/1433 1442/8820/1426
f 1442/8821/1426 1257/8822/1259 1443/8823/1443
f 1257/8824/1259 1243/8825/1242 1443/8826/1443
f 1451/8827/1433 1443/8828/1443 1486/8829/1483
f 1462/8830/1444 1486/8831/1483 1443/8832/1443
f 1461/8833/1441 1444/8834/1440 1452/8835/1435
f 1444/8836/1440 164/8837/1078 1452/8838/1435
f 1452/8839/1435 1445/8840/1428 1447/8841/1436
f 164/8842/1078 1445/8843/1428 1452/8844/1435
f 1496/8845/1495 227/8846/217 1497/8847/1496
f 1499/8848/1497 923/8849/928 1500/8850/1498
f 1501/8851/1499 922/8852/926 1502/8853/1500
f 1504/8854/1501 920/8855/923 1505/8856/1502
f 1506/8857/1503 204/8858/196 1507/8859/1504
f 1507/8860/1504 204/8861/196 1508/8862/1505
f 1513/8863/1506 192/8864/182 1514/8865/1507
f 1518/8866/1508 211/8867/197 1519/8868/1509
f 1520/8869/1510 1322/8870/1315 1521/8871/1511
f 1526/8872/1512 1321/8873/1334 1527/8874/1513
f 1527/8875/1513 1321/8876/1334 1528/8877/1514
f 1530/8878/1515 1020/8879/1026 1531/8880/1516
f 1533/8881/1517 1023/8882/1013 1534/8883/1518
f 1537/8884/1519 254/8885/243 1538/8886/1520
f 1538/8887/1520 254/8888/243 1539/8889/1521
f 1540/8890/1522 259/8891/247 1541/8892/1523
f 1544/8893/1524 241/8894/235 1545/8895/1525
f 1541/8896/1523 1542/8897/1526 1548/8898/1527
f 1542/8899/1526 1543/8900/1528 1548/8901/1527
f 1543/8902/1528 1544/8903/1524 1548/8904/1527
f 1544/8905/1524 1545/8906/1525 1548/8907/1527
f 1539/8908/1521 1540/8909/1522 1551/8910/1529
f 1548/8911/1527 1551/8912/1529 1541/8913/1523
f 1540/8914/1522 1541/8915/1523 1551/8916/1529
f 1495/8917/1530 1552/8918/1531 1547/8919/1532
f 1547/8920/1532 1552/8921/1531 1546/8922/1533
f 1511/8923/1534 1553/8924/1535 1510/8925/1536
f 1508/8926/1505 1555/8927/1537 1507/8928/1504
f 1507/8929/1504 1555/8930/1537 1506/8931/1503
f 1505/8932/1502 1506/8933/1503 1555/8934/1537
f 1505/8935/1502 1555/8936/1537 1504/8937/1501
f 1504/8938/1501 1555/8939/1537 1503/8940/1538
f 1503/8941/1538 1555/8942/1537 1502/8943/1500
f 1549/8944/1539 1556/8945/1540 1555/8946/1537
f 1499/8947/1497 1500/8948/1498 1556/8949/1540
f 1500/8950/1498 1501/8951/1499 1556/8952/1540
f 1555/8953/1537 1556/8954/1540 1502/8955/1500
f 1501/8956/1499 1502/8957/1500 1556/8958/1540
f 1499/8959/1497 1556/8960/1540 1498/8961/1541
f 1557/8962/1542 1549/8963/1539 1555/8964/1537
f 1509/8965/1543 1557/8966/1542 1508/8967/1505
f 1555/8968/1537 1508/8969/1505 1557/8970/1542
f 1557/8971/1542 1509/8972/1543 1510/8973/1536
f 1526/8974/1512 1527/8975/1513 1558/8976/1544
f 1528/8977/1514 1558/8978/1544 1527/8979/1513
f 1526/8980/1512 1558/8981/1544 1525/8982/1545
f 1560/8983/1546 1522/8984/1547 1523/8985/1548
f 1550/8986/1549 1560/8987/1546 1558/8988/1544
f 1523/8989/1548 1524/8990/1550 1560/8991/1546
f 1558/8992/1544 1560/8993/1546 1525/8994/1545
f 1524/8995/1550 1525/8996/1545 1560/8997/1546
f 1522/8998/1547 1560/8999/1546 1521/9000/1511
f 1521/9001/1511 1560/9002/1546 1520/9003/1510
f 1520/9004/1510 1560/9005/1546 1519/9006/1509
f 1519/9007/1509 1560/9008/1546 1518/9009/1508
f 1550/9010/1549 1561/9011/1551 1560/9012/1546
f 1560/9013/1546 1561/9014/1551 1518/9015/1508
f 1538/9016/1520 1562/9017/1552 1537/9018/1519
f 1538/9019/1520 1539/9020/1521 1562/9021/1552
f 1551/9022/1529 1562/9023/1552 1539/9024/1521
f 1563/9025/1553 1549/9026/1539 1557/9027/1542
f 1557/9028/1542 1510/9029/1536 1563/9030/1553
f 1553/9031/1535 1563/9032/1553 1510/9033/1536
f 1513/9034/1506 1564/9035/1554 1512/9036/1555
f 1553/9037/1535 1511/9038/1534 1564/9039/1554
f 1512/9040/1555 1564/9041/1554 1511/9042/1534
f 1566/9043/1556 1551/9044/1529 1548/9045/1527
f 1548/9046/1527 1552/9047/1531 1566/9048/1556
f 1497/9049/1496 1567/9050/1557 1496/9051/1495
f 1556/9052/1540 1567/9053/1557 1498/9054/1541
f 1554/9055/1558 1568/9056/1559 1567/9057/1557
f 1567/9058/1557 1568/9059/1559 1496/9060/1495
f 1552/9061/1531 1495/9062/1530 1568/9063/1559
f 1552/9064/1531 1568/9065/1559 1566/9066/1556
f 1549/9067/1539 1569/9068/1560 1556/9069/1540
f 1556/9070/1540 1569/9071/1560 1567/9072/1557
f 1554/9073/1558 1567/9074/1557 1569/9075/1560
f 1534/9076/1518 1570/9077/1561 1533/9078/1517
f 1533/9079/1517 1570/9080/1561 1532/9081/1562
f 1532/9082/1562 1570/9083/1561 1531/9084/1516
f 1531/9085/1516 1570/9086/1561 1530/9087/1515
f 1530/9088/1515 1570/9089/1561 1529/9090/1563
f 1558/9091/1544 1528/9092/1514 1570/9093/1561
f 1529/9094/1563 1570/9095/1561 1528/9096/1514
f 1516/9097/1564 1571/9098/1565 1515/9099/1566
f 1550/9100/1549 1572/9101/1567 1561/9102/1551
f 1561/9103/1551 1572/9104/1567 1571/9105/1565
f 1559/9106/1568 1571/9107/1565 1572/9108/1567
f 1573/9109/1569 1514/9110/1507 1515/9111/1566
f 1559/9112/1568 1573/9113/1569 1571/9114/1565
f 1515/9115/1566 1571/9116/1565 1573/9117/1569
f 1575/9118/1570 1565/9119/1571 1574/9120/1572
f 1563/9121/1553 1578/9122/1573 1549/9123/1539
f 1578/9124/1573 1569/9125/1560 1549/9126/1539
f 1513/9127/1506 1514/9128/1507 1579/9129/1574
f 1573/9130/1569 1579/9131/1574 1514/9132/1507
f 1513/9133/1506 1579/9134/1574 1564/9135/1554
f 1564/9136/1554 1579/9137/1574 1553/9138/1535
f 1580/9139/1575 1563/9140/1553 1553/9141/1535
f 1574/9142/1572 1580/9143/1575 1579/9144/1574
f 1553/9145/1535 1579/9146/1574 1580/9147/1575
f 1558/9148/1544 1581/9149/1576 1550/9150/1549
f 1550/9151/1549 1581/9152/1576 1572/9153/1567
f 1575/9154/1570 1572/9155/1567 1581/9156/1576
f 1582/9157/1577 1573/9158/1569 1559/9159/1568
f 1575/9160/1570 1582/9161/1577 1572/9162/1567
f 1559/9163/1568 1572/9164/1567 1582/9165/1577
f 1573/9166/1569 1582/9167/1577 1579/9168/1574
f 1579/9169/1574 1582/9170/1577 1574/9171/1572
f 1575/9172/1570 1574/9173/1572 1582/9174/1577
f 1551/9175/1529 1583/9176/1578 1562/9177/1552
f 1584/9178/1579 1536/9179/1580 1562/9180/1552
f 1576/9181/1581 1584/9182/1579 1583/9183/1578
f 1562/9184/1552 1583/9185/1578 1584/9186/1579
f 1576/9187/1581 1585/9188/1582 1584/9189/1579
f 1570/9190/1561 1534/9191/1518 1585/9192/1582
f 1584/9193/1579 1585/9194/1582 1535/9195/1583
f 1534/9196/1518 1535/9197/1583 1585/9198/1582
f 1587/9199/1584 1574/9200/1572 1565/9201/1571
f 1574/9202/1572 1587/9203/1584 1580/9204/1575
f 1588/9205/1585 1569/9206/1560 1578/9207/1573
f 1569/9208/1560 1588/9209/1585 1554/9210/1558
f 1577/9211/1586 1589/9212/1587 1588/9213/1585
f 1554/9214/1558 1588/9215/1585 1589/9216/1587
f 1554/9217/1558 1589/9218/1587 1568/9219/1559
f 1566/9220/1556 1568/9221/1559 1589/9222/1587
f 1565/9223/1571 1590/9224/1588 1586/9225/1589
f 1581/9226/1576 1590/9227/1588 1575/9228/1570
f 1590/9229/1588 1565/9230/1571 1575/9231/1570
f 1591/9232/1590 1566/9233/1556 1589/9234/1587
f 1566/9235/1556 1591/9236/1590 1551/9237/1529
f 1591/9238/1590 1583/9239/1578 1551/9240/1529
f 1558/9241/1544 1592/9242/1591 1581/9243/1576
f 1585/9244/1582 1592/9245/1591 1570/9246/1561
f 1592/9247/1591 1558/9248/1544 1570/9249/1561
f 1583/9250/1578 1593/9251/1592 1576/9252/1581
f 1593/9253/1592 1586/9254/1589 1576/9255/1581
f 1586/9256/1589 1594/9257/1593 1565/9258/1571
f 1565/9259/1571 1594/9260/1593 1587/9261/1584
f 1577/9262/1586 1587/9263/1584 1594/9264/1593
f 1594/9265/1593 1586/9266/1589 1593/9267/1592
f 1586/9268/1589 1595/9269/1594 1576/9270/1581
f 1595/9271/1594 1585/9272/1582 1576/9273/1581
f 1578/9274/1573 1596/9275/1595 1588/9276/1585
f 1587/9277/1584 1577/9278/1586 1596/9279/1595
f 1588/9280/1585 1596/9281/1595 1577/9282/1586
f 1587/9283/1584 1596/9284/1595 1580/9285/1575
f 1580/9286/1575 1596/9287/1595 1563/9288/1553
f 1578/9289/1573 1563/9290/1553 1596/9291/1595
f 1597/9292/1596 1594/9293/1593 1593/9294/1592
f 1593/9295/1592 1583/9296/1578 1597/9297/1596
f 1591/9298/1590 1597/9299/1596 1583/9300/1578
f 1597/9301/1596 1591/9302/1590 1589/9303/1587
f 1594/9304/1593 1597/9305/1596 1577/9306/1586
f 1589/9307/1587 1577/9308/1586 1597/9309/1596
f 1581/9310/1576 1598/9311/1597 1590/9312/1588
f 1595/9313/1594 1586/9314/1589 1598/9315/1597
f 1590/9316/1588 1598/9317/1597 1586/9318/1589
f 1598/9319/1597 1581/9320/1576 1592/9321/1591
f 1592/9322/1591 1585/9323/1582 1598/9324/1597
f 1595/9325/1594 1598/9326/1597 1585/9327/1582
f 1497/9328/1496 227/9329/217 925/9330/931
f 923/9331/928 1499/9332/1497 1498/9333/1541
f 1498/9334/1541 924/9335/930 923/9336/928
f 923/9337/928 922/9338/926 1501/9339/1499
f 1500/9340/1498 923/9341/928 1501/9342/1499
f 921/9343/925 1503/9344/1538 1502/9345/1500
f 1502/9346/1500 922/9347/926 921/9348/925
f 920/9349/923 1504/9350/1501 1503/9351/1538
f 1503/9352/1538 921/9353/925 920/9354/923
f 1505/9355/1502 920/9356/923 919/9357/921
f 190/9358/180 1509/9359/1543 1508/9360/1505
f 1508/9361/1505 204/9362/196 190/9363/180
f 190/9364/180 191/9365/1160 1510/9366/1536
f 1509/9367/1543 190/9368/180 1510/9369/1536
f 191/9370/1160 1512/9371/1555 1511/9372/1534
f 1510/9373/1536 191/9374/1160 1511/9375/1534
f 192/9376/182 1513/9377/1506 1512/9378/1555
f 1512/9379/1555 191/9380/1160 192/9381/182
f 1514/9382/1507 192/9383/182 1515/9384/1566
f 1516/9385/1564 1515/9386/1566 192/9387/182
f 192/9388/182 193/9389/166 1516/9390/1564
f 1322/9391/1315 1520/9392/1510 1519/9393/1509
f 1519/9394/1509 211/9395/197 1322/9396/1315
f 1322/9397/1315 1323/9398/1316 1522/9399/1547
f 1521/9400/1511 1322/9401/1315 1522/9402/1547
f 1323/9403/1316 1324/9404/1317 1523/9405/1548
f 1522/9406/1547 1323/9407/1316 1523/9408/1548
f 1330/9409/1329 1524/9410/1550 1523/9411/1548
f 1523/9412/1548 1324/9413/1317 1330/9414/1329
f 1334/9415/1331 1525/9416/1545 1524/9417/1550
f 1524/9418/1550 1330/9419/1329 1334/9420/1331
f 1334/9421/1331 1321/9422/1334 1526/9423/1512
f 1525/9424/1545 1334/9425/1331 1526/9426/1512
f 1029/9427/1025 1529/9428/1563 1528/9429/1514
f 1528/9430/1514 1321/9431/1334 1029/9432/1025
f 1020/9433/1026 1530/9434/1515 1529/9435/1563
f 1529/9436/1563 1029/9437/1025 1020/9438/1026
f 1020/9439/1026 1017/9440/1015 1532/9441/1562
f 1531/9442/1516 1020/9443/1026 1532/9444/1562
f 1017/9445/1015 1023/9446/1013 1533/9447/1517
f 1532/9448/1562 1017/9449/1015 1533/9450/1517
f 1023/9451/1013 1022/9452/1012 1535/9453/1583
f 1534/9454/1518 1023/9455/1013 1535/9456/1583
f 1022/9457/1012 1016/9458/1009 1536/9459/1580
f 259/9460/247 1540/9461/1522 1539/9462/1521
f 1539/9463/1521 254/9464/243 259/9465/247
f 264/9466/254 1542/9467/1526 1541/9468/1523
f 1541/9469/1523 259/9470/247 264/9471/254
f 257/9472/246 1543/9473/1528 1542/9474/1526
f 1542/9475/1526 264/9476/254 257/9477/246
f 241/9478/235 1544/9479/1524 1543/9480/1528
f 1543/9481/1528 257/9482/246 241/9483/235
f 1495/9484/1530 1547/9485/1532 1546/9486/1533
f 1546/9487/1533 230/9488/220 1495/9489/1530
f 1402/9490/1494 148/9491/226 1150/9492/1399
f 147/9493/151 148/9494/226 1402/9495/1494
f 1402/9496/1494 1150/9497/1399 1403/9498/1398
f 1403/9499/1398 1472/9500/1462 1402/9501/1494
f 1472/9502/1462 1473/9503/1464 1402/9504/1494
f 1496/9505/1495 1568/9506/1559 1495/9507/1530
f 1495/9508/1530 230/9509/220 1496/9510/1495
f 1496/9511/1495 230/9512/220 227/9513/217
f 1498/9514/1541 1567/9515/1557 1497/9516/1496
f 925/9517/931 1498/9518/1541 1497/9519/1496
f 1498/9520/1541 925/9521/931 924/9522/930
f 1506/9523/1503 1505/9524/1502 919/9525/921
f 919/9526/921 204/9527/196 1506/9528/1503
f 1516/9529/1564 1517/9530/1598 1571/9531/1565
f 1516/9532/1564 193/9533/166 1517/9534/1598
f 193/9535/166 205/9536/183 1517/9537/1598
f 1561/9538/1551 1571/9539/1565 1517/9540/1598
f 1517/9541/1598 1518/9542/1508 1561/9543/1551
f 1517/9544/1598 205/9545/183 1518/9546/1508
f 205/9547/183 211/9548/197 1518/9549/1508
f 1535/9550/1583 1022/9551/1012 1536/9552/1580
f 1536/9553/1580 1584/9554/1579 1535/9555/1583
f 1016/9556/1009 254/9557/243 1537/9558/1519
f 1562/9559/1552 1536/9560/1580 1537/9561/1519
f 1536/9562/1580 1016/9563/1009 1537/9564/1519
f 1546/9565/1533 1548/9566/1527 1545/9567/1525
f 1545/9568/1525 241/9569/235 1546/9570/1533
f 241/9571/235 230/9572/220 1546/9573/1533
f 1548/9574/1527 1546/9575/1533 1552/9576/1531
