# Blender 4.1.1
# www.blender.org
o bear
v -4.757380 8.499912 8.285918
v -4.558160 11.478802 7.749088
v -4.372770 13.992500 6.282798
v -5.708260 13.656300 6.264878
v -4.229430 15.658400 4.110268
v -4.146480 15.599900 -0.973339
v -5.891380 15.160600 -0.996755
v -4.219500 13.884400 -3.110482
v -5.554990 13.548200 -3.128412
v -4.357900 11.337500 -4.523822
v -4.540620 8.347040 -4.998190
v -6.354340 10.256002 7.733858
v -7.691670 11.733000 6.254648
v -8.565790 12.706200 4.073488
v -8.843610 13.027400 1.522438
v -8.482830 12.647700 -1.010122
v -7.538400 11.624900 -3.138642
v -6.154080 10.114700 -4.539062
v -8.975520 6.430010 6.294720
v -8.778530 5.018072 6.314188
v -10.243200 5.777522 4.125850
v -9.985840 3.932740 4.151278
v -10.659200 5.527860 1.579120
v -10.380700 3.531070 1.606640
v -10.160300 5.719020 -0.957758
v -9.902890 3.874240 -0.932328
v -8.822250 6.321920 -3.098562
v -8.625260 4.909980 -3.079100
v -6.383150 6.067532 7.781590
v -7.744910 3.993820 6.342840
v -8.635350 2.594480 4.188720
v -8.918900 2.082560 1.647160
v -8.552400 2.535980 -0.894892
v -7.591640 3.885720 -3.050440
v -6.182890 5.926290 -4.491332
v -4.940110 5.509400 7.811560
v -5.078510 2.962540 6.398220
v -5.151530 1.247050 4.261070
v -5.148040 0.624109 1.725480
v -5.068580 1.188550 -0.822540
v -4.925240 2.854440 -2.995070
v -4.739850 5.368168 -4.461360
v -7.070600 8.921772 7.737520
v -9.015150 9.267770 6.261418
v -10.295000 9.485230 4.082338
v -10.715300 9.541050 1.532018
v -10.212000 9.426730 -1.001272
v -8.861880 9.159670 -3.131862
v -6.870340 8.780530 -4.535390
v 3.066890 7.448182 8.178098
v 4.412560 5.151630 7.739530
v 5.528820 6.078910 7.747078
v 5.569250 3.193501 6.394218
v 7.631820 4.906900 6.408160
v 6.360860 1.871910 4.346980
v 9.055740 4.110570 4.365190
v 6.666880 1.388050 1.909470
v 9.583800 3.811160 1.929180
v 6.440720 1.815590 -0.547205
v 9.135600 4.054250 -0.528994
v 5.716810 3.089440 -2.649050
v 7.779380 4.802830 -2.635110
v 4.605360 5.015658 -4.076070
v 5.721610 5.942940 -4.068521
v 3.275570 7.301010 -4.611022
v 5.507370 7.614700 7.729050
v 7.592190 7.744660 6.374858
v 9.003960 7.818282 4.321670
v 9.527750 7.824350 1.882088
v 9.083820 7.761960 -0.572508
v 7.739750 7.640590 -2.668411
v 5.700170 7.478730 -4.086552
v 4.244810 2.573761 6.379740
v 4.630400 1.062180 4.328060
v 4.793850 0.511608 1.889000
v 4.710260 1.005860 -0.566123
v 4.392370 2.469700 -2.663530
v 1.563090 2.216910 -2.706780
v 2.357380 4.543448 -4.107310
v 5.362400 8.377332 7.717908
v 7.324330 9.153822 6.354270
v 8.653990 9.659440 4.294778
v 9.148940 9.817210 1.852968
v 8.733850 9.603120 -0.599407
v 7.471890 9.049750 -2.689002
v 5.555200 8.241360 -4.097692
v 5.027160 9.094092 7.704188
v 6.704880 10.478202 6.328918
v 7.844640 11.389900 4.261658
v 8.272910 11.690200 1.817118
v 7.924500 11.333500 -0.632526
v 6.852440 10.374200 -2.714352
v 5.219960 8.958120 -4.111412
v 3.985090 10.205702 7.674388
v 4.779380 12.532300 6.273858
v 5.328850 14.073600 4.189718
v 5.408700 14.017300 -0.704461
v 4.926940 12.428200 -2.769402
v 4.177880 10.069800 -4.141202
v 1.438570 11.290402 7.997238
v 1.222970 8.234182 8.546888
v 1.638260 13.869402 6.495668
v 1.791610 15.578500 4.270788
v 1.876560 15.518600 -0.935480
v 1.795230 13.758700 -3.124262
v 1.643670 11.145700 -4.571812
v 1.444960 8.077620 -5.057752
v 1.229350 5.021430 -4.508101
v 0.109369 11.517302 8.088608
v 0.260966 8.398792 8.654498
v -0.044623 16.483999 1.626238
v 0.318235 11.370000 -4.711692
v 0.487040 8.239350 -5.200450
v 0.717506 0.806139 4.471180
v 0.749946 2.489200 -3.100160
v -1.130350 11.500602 8.135358
v -1.746680 8.371222 8.694348
v -3.796530 8.238632 8.489278
v -0.590454 14.141202 6.595818
v -0.209199 15.891200 4.310118
v -0.121782 15.829500 -1.047242
v -0.428928 14.027300 -3.303292
v -0.919302 11.351700 -4.798462
v -1.518250 8.210120 -5.305110
v -3.573750 8.081510 -5.164032
v -3.143150 0.751817 4.436470
v -2.674480 2.440130 -3.206590
v -3.404340 5.002008 -4.605970
v -2.134580 5.080790 -4.746120
v 3.106070 0.360810 1.863190
v 2.010250 0.665233 3.461590
v 0.728609 0.709777 4.080520
v -1.279110 0.713773 4.193020
v -2.452700 0.646962 3.978840
v -3.164260 0.572725 3.704930
v -4.459520 0.631882 2.513770
v -4.855090 0.544053 1.731180
v -4.941680 0.630623 1.464480
v -4.995020 1.037200 -0.246242
v -4.735280 1.106030 -0.838825
v -3.677310 1.854110 -2.132050
v -2.775920 1.974510 -2.598430
v -2.007700 2.115220 -2.751200
v -0.284175 2.161680 -2.725920
v 0.760976 2.133450 -2.637290
v 1.396340 1.893600 -2.294710
v 2.513440 1.253550 -1.249820
v 2.900470 0.885059 -0.688787
v 3.193500 0.488349 1.324960
v 3.839350 -0.805325 4.582960
v 2.000290 -0.824144 5.458090
v -0.869574 -0.948624 5.603220
v -3.550140 -1.273100 4.890500
v -5.395270 -1.274050 3.176500
v -1.946580 0.998399 -4.337090
v 2.007330 1.204300 -4.152430
v 2.928030 0.903234 -3.657080
v 9.825950 -8.191130 2.726382
v 7.648180 -6.932350 6.489130
v 4.845260 -6.132810 8.005000
v 0.361171 -5.010590 8.402900
v -3.968920 -4.269320 7.406810
v -6.913880 -3.393548 4.749321
v -0.949578 -1.329752 -7.556660
v 10.056900 -7.943430 1.479522
v 10.207100 -10.357100 2.798782
v 7.615950 -9.216488 6.923622
v 4.421780 -8.656188 8.557872
v -0.641765 -7.935688 8.932272
v -5.472790 -7.618680 7.769270
v -8.773200 -6.997818 4.788692
v -9.836520 -7.071280 2.810030
v -4.263440 -4.150530 -8.314290
v -2.280200 -4.065860 -8.736710
v 6.256290 -5.836782 -7.722080
v 10.450200 -10.060300 1.423112
v 10.184100 -12.452100 2.591442
v 7.407390 -11.550498 6.739442
v -1.075170 -11.068998 8.674382
v -5.966910 -11.226998 7.437102
v -9.322230 -10.930200 4.374552
v -10.364000 -11.112000 2.356132
v -10.581800 -10.878300 1.667862
v -10.697900 -9.817790 -2.753878
v -10.027200 -9.666730 -4.289378
v -7.229750 -7.845992 -7.645710
v -4.894190 -7.631860 -8.863298
v -2.896320 -7.351562 -9.268228
v 4.259540 -7.606050 -9.010398
v 5.879310 -8.295672 -8.133528
v 8.709240 -10.073400 -5.447958
v 9.676350 -11.068900 -4.003218
v 10.416700 -12.130700 1.198872
v 10.089500 -14.494100 2.324022
v -1.113240 -13.114798 8.377142
v -9.319460 -12.974400 4.098942
v -10.356200 -13.155000 2.090572
v -10.572800 -12.922400 1.405732
v -10.688200 -11.867100 -2.994038
v -10.020900 -11.717000 -4.521938
v -7.236910 -9.906012 -7.861698
v -4.912940 -9.693582 -9.073318
v -2.924920 -9.415232 -9.476298
v 4.195350 -9.670422 -9.219998
v 10.321000 -14.174400 0.938359
v -10.624700 -13.903900 -3.194648
v -9.973910 -13.724600 -4.678378
v -7.339940 -11.822002 -7.915128
v -5.083620 -11.495802 -9.080548
v -3.162530 -11.122102 -9.460788
v 9.898200 -15.051500 0.769411
v -10.090400 -14.744500 -3.204048
v -9.471100 -14.576000 -4.616378
v -6.959220 -12.774102 -7.697758
v -4.811250 -12.471202 -8.807808
v -2.981840 -12.122102 -9.170458
v -1.278050 -16.184401 6.713264
v -9.547590 -15.574700 -3.187748
v -8.969030 -15.414200 -4.506748
v -6.629960 -13.718102 -7.383928
v -4.624280 -13.424002 -8.419588
v -2.916890 -13.088402 -8.757238
v -8.068730 -16.982100 -3.178738
v -7.548610 -16.806499 -4.363018
v -5.521780 -15.152702 -6.940868
v -3.728280 -14.776202 -7.860408
v -2.210080 -14.378602 -8.153368
v -4.821570 -15.669102 -6.572298
v -3.168410 -15.310602 -7.419448
v -1.769860 -14.934202 -7.688648
v -3.332840 -15.871402 -6.560897
v -2.146170 -15.592002 -6.792048
v -7.066310 -17.058599 -4.248127
v -5.827050 -16.709200 -5.122756
v -4.755250 -16.184999 -6.002098
v -3.867750 -16.245501 -6.072206
v -3.324660 -15.957302 -6.449838
v -3.094090 -15.962102 -6.442357
v -2.149770 -15.751902 -6.651378
v -1.646710 -15.868002 -6.563787
v -0.105109 -15.951802 -6.422398
v -2.274300 -17.707600 4.654223
v -7.816080 -17.606199 -1.267958
v -8.375230 -16.856300 -2.610718
v -8.069440 -17.000799 -3.010838
v -8.056990 -16.990999 -3.163278
v -8.053260 -16.989799 -3.178888
v -7.357100 -17.075899 -3.953328
v 2.417520 -18.530100 -1.491858
v -6.967290 -17.216400 -3.804028
v -4.666430 -17.230200 -4.725478
v -1.066550 -18.882601 -0.007409
v -3.131640 -16.658001 -5.681618
v 1.963890 -18.007401 -3.314568
v 0.221782 -18.555799 -2.037758
v -2.817020 -18.606199 -2.326748
v -0.481172 -16.336100 -6.112206
v -1.557860 -18.200001 3.585682
v 0.272667 -17.823400 -4.019577
v -3.087190 -17.996201 -3.913068
v -1.555110 -18.684900 -1.777038
v -2.403180 -18.840700 -1.077658
v -2.801000 -18.985399 -0.110606
v -1.380950 -17.139400 -5.176096
v -1.447240 -18.303101 -3.201538
v 2.638970 6.135100 7.955288
v 2.241500 6.526031 8.130758
v 1.165740 7.350572 8.406940
v 0.478433 7.477770 8.485398
v -1.006410 7.514940 8.525128
v -1.948480 7.312740 8.523638
v -3.108220 6.811152 8.346208
v -3.670030 6.140212 8.162630
v -3.895170 5.224792 7.965940
v -3.903600 4.710600 7.686338
v -3.630530 3.162020 6.855968
v -3.391400 2.655221 6.619630
v -3.171610 2.364610 6.340110
v -2.914970 2.090720 6.112520
v -1.475010 1.491860 5.349540
v -0.648239 1.477930 5.324920
v 0.666655 1.522820 5.359380
v 1.082810 1.598930 5.447380
v 2.248380 1.994870 5.816180
v 2.763410 2.441411 6.357090
v 3.224140 3.606910 7.031590
v 3.148590 4.886120 7.721960
v 3.012940 5.696332 7.868770
v 2.205200 6.286780 8.452240
v 1.137160 7.119920 8.699548
v -1.024690 7.296391 8.805258
v -1.963350 7.099260 8.806568
v -3.119460 6.600070 8.640800
v -3.681120 5.929592 8.475790
v -3.908680 5.014010 8.305950
v -3.650940 2.928110 7.262330
v -3.414430 2.415920 7.042680
v -2.941090 1.837420 6.556070
v -1.507980 1.213090 5.819010
v 0.623994 1.234841 5.834920
v 2.199150 1.710920 6.280900
v 2.712110 2.168710 6.807830
v 3.173810 3.345990 7.446599
v 3.102130 4.639222 8.096110
v 2.970240 5.450252 8.218190
v 0.937956 5.770722 9.804310
v 0.296637 6.350982 9.689168
v -1.062910 6.552652 9.622798
v -1.664900 6.470942 9.639758
v -2.414740 6.178722 9.631160
v -2.796990 5.768252 9.690040
v -2.979400 5.204262 9.822670
v -2.891330 3.720712 9.775640
v -2.761040 3.360262 9.791700
v -2.478780 2.883522 9.680150
v -1.587300 2.282442 9.472330
v -0.239985 2.227832 9.555890
v 0.767781 2.566412 9.747710
v 1.102130 2.951292 9.951040
v 1.434930 3.781382 10.029100
v 1.435940 4.698862 10.062900
v 1.387460 5.202142 9.916590
v 0.220628 5.431512 10.483100
v -0.211049 5.815402 10.449100
v -1.115040 5.938952 10.427600
v -1.513340 5.877782 10.437500
v -2.007880 5.677832 10.417800
v -2.257020 5.399192 10.432500
v -2.371610 5.016502 10.484600
v -2.299480 4.041322 10.356600
v -2.018680 3.499192 10.236300
v -1.423390 3.125072 10.054100
v -0.528769 3.097352 10.096700
v 0.137774 3.318642 10.238600
v 0.357399 3.562862 10.395600
v 0.570804 4.109052 10.498800
v 0.563019 4.712392 10.580800
v 0.524973 5.053552 10.517300
v -0.926686 3.930242 10.675900
v 6.553980 13.523900 1.767968
v 5.469710 14.267100 0.351877
v 3.794630 14.915300 -0.001000
v 3.229510 15.178500 0.049682
v 1.875850 15.878600 0.527195
v 1.453410 16.088400 1.089128
v 1.376220 16.242500 1.652198
v 1.414640 16.098801 2.246678
v 1.824050 15.803000 3.259278
v 2.685770 15.344600 3.668488
v 4.663280 14.488900 3.680108
v 5.374600 14.181600 3.682418
v 6.637910 13.161100 2.657068
v 7.304380 13.962700 1.796048
v 6.276450 14.722500 0.267929
v 4.258630 15.736100 -0.209937
v 3.633690 16.072701 -0.150542
v 2.141650 16.956800 0.397595
v 1.675740 17.221001 1.038868
v 1.598660 17.399000 1.680868
v 1.633180 17.230400 2.357258
v 2.079670 16.862499 3.508798
v 3.029140 16.282000 3.972038
v 6.008670 14.780700 3.980308
v 7.376260 13.540800 2.806978
v 7.623850 18.189699 1.899228
v 6.549580 18.298599 0.561688
v 4.608430 18.215700 0.124361
v 3.995310 18.212500 0.167127
v 2.493250 18.275999 0.617371
v 2.023440 18.298800 1.163718
v 1.883560 18.417801 1.712468
v 1.971390 18.322001 2.300467
v 2.447820 18.258499 3.303168
v 3.401240 18.225401 3.717447
v 6.277940 18.326500 3.761968
v 7.840980 17.926300 2.782828
v 6.900470 19.039700 1.900618
v 6.048370 19.160601 0.836161
v 4.501090 19.152700 0.488543
v 4.013110 19.168200 0.522841
v 2.819840 19.262100 0.882104
v 2.446850 19.293200 1.317398
v 2.339220 19.390900 1.754658
v 2.406490 19.311001 2.222667
v 2.784070 19.244499 3.020807
v 3.541930 19.189199 3.350258
v 5.834100 19.184700 3.384727
v 7.065790 18.822001 2.603637
v 6.213950 19.887400 1.918487
v 5.657970 19.919300 1.227646
v 4.658640 19.835300 1.001556
v 4.342460 19.820801 1.023486
v 3.566270 19.822800 1.255466
v 3.323310 19.825500 1.537347
v 3.295650 19.837900 2.124098
v 3.542420 19.816401 2.641888
v 4.034740 19.819901 2.856008
v 5.516350 19.932301 2.879528
v 6.331200 19.757299 2.375008
v 4.181570 20.311800 1.887347
v -2.583060 16.091000 2.654848
v -2.945530 16.299500 1.581028
v -3.493910 16.158800 1.137258
v -4.148890 16.029200 0.773938
v -5.273860 15.687700 0.522315
v -5.975100 15.494200 0.443760
v -7.158230 14.619900 1.385998
v -7.172120 14.648200 1.531058
v -7.001480 14.425500 3.207578
v -6.807530 14.582700 3.342188
v -5.983860 15.297400 3.708998
v -4.498020 15.671600 3.728248
v -4.214360 15.765500 3.627008
v -2.594260 16.021200 2.969478
v -2.348620 16.978300 2.669328
v -2.827840 17.181900 1.400388
v -4.220870 16.687500 0.455501
v -6.299610 15.778800 0.084385
v -7.544250 14.552800 1.212058
v -7.562390 14.582300 1.385328
v -7.323520 14.311800 3.303968
v -6.220770 15.504300 3.967418
v -4.524570 16.174801 3.971678
v -2.345420 16.890301 3.042898
v -3.012880 18.823500 2.540768
v -3.504570 19.029200 1.244908
v -4.925200 18.516001 0.280329
v -7.043320 17.574900 -0.097855
v -8.306370 16.314199 1.054318
v -8.077920 16.068100 3.191058
v -6.958380 17.292900 3.868718
v -5.229810 17.988400 3.872267
v -3.008800 18.733400 2.922337
v -3.412890 19.747299 2.387177
v -3.795890 19.985901 1.210486
v -5.118290 19.735901 0.323342
v -7.134140 19.223499 -0.044174
v -8.466450 18.319099 0.983908
v -8.336360 18.098200 2.912307
v -7.166040 19.020700 3.527277
v -5.527260 19.370001 3.553777
v -3.429320 19.672701 2.731438
v -4.104580 20.893400 1.190756
v -5.247440 20.627199 0.424125
v -6.980020 20.103901 0.111391
v -8.097160 19.262199 1.007878
v -7.966840 19.069000 2.683397
v -6.983790 19.914301 3.216418
v -5.573860 20.282200 3.233658
v -3.767020 20.630600 2.510626
v -5.994110 20.833599 1.539887
v -6.565520 20.633699 1.152606
v -7.418770 20.265699 1.000286
v -7.931360 19.766300 1.462137
v -7.841920 19.667500 2.319117
v -7.387920 20.153799 2.590918
v -6.691770 20.424999 2.592927
v -5.797480 20.713400 2.212846
v -7.759560 20.256300 1.944746
v 4.489250 -0.397565 1.678910
v 4.578940 -0.882098 3.272280
v 5.278390 -2.273250 4.024030
v 6.626580 -4.024330 4.067970
v 7.877420 -5.272540 2.855480
v 8.223750 -5.485200 2.279640
v 8.576840 -5.653550 1.498260
v 6.920100 -0.025654 0.207170
v 6.154060 0.402319 1.663120
v 6.161070 -0.154891 3.603970
v 6.797300 -1.696420 4.384870
v 7.774660 -3.315300 4.542400
v 8.075090 -3.673470 4.396852
v 9.266680 -5.102150 3.074682
v 9.946170 -5.561350 1.613110
v 9.410360 -0.307409 -2.057570
v 8.798480 0.353463 -1.148070
v 7.217240 0.790581 1.266760
v 7.070290 0.716171 1.684950
v 10.236500 0.068841 -2.106200
v 9.500960 0.683983 -1.182440
v 7.746080 0.960380 1.280480
v 7.590740 0.867861 1.711640
v 9.901860 0.897039 -0.833129
v 8.252870 1.110610 1.438520
v 8.108560 1.021330 1.837340
v 8.299030 0.251361 4.669890
v -6.368970 -2.083030 3.096810
v -5.697070 -1.357010 2.564330
v -5.572890 -0.658732 1.834140
v -10.148900 -6.092840 -2.267879
v -10.023500 -6.579830 -0.083839
v -9.956840 -6.468620 0.504061
v -9.467980 -6.092820 2.093621
v -9.109840 -5.676830 2.870620
v -8.263080 -4.870049 3.727310
v -7.451370 -3.372470 3.780150
v -7.164280 -3.067830 3.672820
v -6.670910 -0.662902 2.582580
v -6.509360 -0.082999 1.982020
v -11.253800 -4.853070 -2.106460
v -11.203300 -5.363520 0.095413
v -10.617700 -4.931250 2.178680
v -10.238600 -4.556440 2.919910
v -9.363670 -3.841820 3.732110
v -8.480870 -2.465480 3.771050
v -8.927790 -0.335116 2.333190
v -8.760110 0.146913 1.818590
v -8.784740 0.770169 -0.221074
v -10.168800 -0.658255 -2.584510
v -11.708600 -2.324910 -2.564330
v -12.236200 -2.838330 -2.385180
v -13.112900 -3.630740 -1.617590
v -13.083900 -4.063190 0.260004
v -12.543800 -3.726690 2.029990
v -12.193200 -3.429370 2.657880
v -11.399900 -2.872910 3.341620
v -10.566100 -1.755960 3.364530
v -10.972300 0.631453 2.397500
v -10.801300 1.140600 1.831610
v -10.821200 1.661550 0.002887
v -10.746100 1.334950 -1.135310
v -11.603200 0.799209 -1.954990
v -12.155500 0.351906 -2.206460
v -13.634200 -1.175530 -2.181820
v -14.139200 -1.644760 -2.012050
v -14.975700 -2.367190 -1.289730
v -14.952700 -2.771360 0.469803
v -14.434500 -2.466530 2.126410
v -14.097800 -2.195190 2.713490
v -13.340700 -1.690770 3.351440
v -12.535100 -0.662741 3.369610
v -12.616700 2.190460 2.468410
v -12.468100 2.597250 2.030550
v -12.483700 3.125990 0.297094
v -12.413000 2.830470 -0.735134
v -13.186700 2.340020 -1.479220
v -13.684900 1.931350 -1.707760
v -15.017400 0.537896 -1.686790
v -15.472800 0.109514 -1.533290
v -16.227900 -0.550468 -0.878970
v -16.205999 -0.917258 0.716651
v -15.739000 -0.638289 2.219440
v -15.435600 -0.390463 2.752150
v -14.752200 0.071072 3.331350
v -14.027400 1.007850 3.348620
v -13.488800 3.113450 2.337960
v -13.307100 3.425230 1.960020
v -13.269800 3.860140 0.485420
v -13.282600 3.597950 -0.389068
v -14.023900 3.315520 -1.000190
v -14.511300 3.057500 -1.180340
v -15.851100 2.120230 -1.123330
v -17.021500 1.419920 -0.404004
v -17.029600 1.118110 0.952161
v -16.562000 1.279010 2.214930
v -15.599000 1.709690 3.131810
v -14.839900 2.368410 3.123590
v -13.913300 3.737890 2.076510
v -13.709200 3.909760 1.772930
v -13.615800 4.206320 0.624829
v -13.731600 4.017340 -0.045676
v -14.367500 4.019930 -0.487899
v -14.797600 3.970450 -0.606147
v -15.057200 3.901650 -0.626490
v -16.022900 3.672530 -0.500558
v -16.417601 3.597250 -0.369986
v -17.034800 3.500460 0.106818
v -17.074301 3.291070 1.160100
v -16.644899 3.280720 2.117080
v -16.364201 3.310530 2.446680
v -15.796400 3.323860 2.785440
v -15.065300 3.584730 2.741970
v -14.248000 4.230780 1.801640
v -14.091600 4.332620 1.582250
v -14.012000 4.530370 0.761832
v -14.119200 4.405570 0.286213
v -14.573500 4.464600 -0.021640
v -14.883300 4.468840 -0.100772
v -15.775200 4.371240 -0.010255
v -16.059500 4.354690 0.087616
v -16.498800 4.344370 0.434824
v -16.533501 4.203000 1.186680
v -16.219700 4.158920 1.863710
v -15.608200 4.113290 2.330080
v -15.068200 4.230320 2.289620
v -15.991600 5.147790 1.116820
v 10.653500 -0.287442 -2.382250
v 10.515300 0.415482 -1.575330
v 10.346900 0.894247 -0.640308
v 10.134600 1.012740 0.475619
v 9.883080 1.105150 1.791500
v 9.698930 0.844946 2.712380
v 9.335960 0.337692 4.528250
v 9.084990 -1.177559 5.633040
v 9.034610 -2.564650 5.739820
v 9.517970 -4.317220 5.129652
v 9.937500 -5.154819 3.945261
v 10.147400 -5.472488 3.255630
v 10.489000 -5.768280 1.921360
v 10.557000 -5.791060 1.621171
v 10.639000 -5.686740 1.132770
v 11.997300 -0.268931 -2.168150
v 11.863800 0.457681 -1.330870
v 11.696300 0.952322 -0.361661
v 11.221500 1.168870 2.156010
v 10.649100 0.373136 4.986430
v 10.372300 -1.195070 6.125470
v 10.303600 -2.630100 6.231880
v 10.782000 -4.447598 5.594690
v 11.417300 -5.645010 3.651250
v 11.835500 -5.974700 1.958440
v 12.230100 -5.304850 -0.523642
v 12.294200 -4.534600 -1.523290
v 12.183500 -2.250590 -3.056430
v 12.087400 -1.805980 -2.935560
v 13.957200 -1.052320 -1.975310
v 13.836400 -0.283100 -1.081390
v 13.673900 0.239951 -0.048814
v 13.181500 0.465805 2.626660
v 12.559700 -0.382192 5.627890
v 12.227500 -2.046770 6.827730
v 12.117300 -3.568720 6.931612
v 12.575900 -5.506060 6.242220
v 13.214400 -6.780879 4.169641
v 13.645700 -7.130710 2.369292
v 14.076300 -6.413940 -0.262485
v 14.162100 -5.591600 -1.318959
v 14.100800 -3.154620 -2.931610
v 15.296300 -2.376170 -1.279170
v 15.261900 -1.717360 -0.483102
v 15.171400 -1.271620 0.429207
v 14.780800 -1.090900 2.770690
v 14.190100 -1.838180 5.375430
v 13.770300 -3.280349 6.390501
v 13.547800 -4.594160 6.451050
v 13.779100 -6.299290 5.806592
v 14.212700 -7.415288 3.968132
v 14.545800 -7.716970 2.387640
v 14.962100 -7.075380 0.103986
v 15.098400 -6.346590 -0.801108
v 15.238500 -4.192500 -2.156960
v 16.240601 -3.850300 -0.475050
v 16.308300 -3.361770 0.172286
v 16.305500 -3.035000 0.905120
v 16.048100 -2.922330 2.757860
v 15.515400 -3.511708 4.791242
v 15.008800 -4.608829 5.550060
v 14.663300 -5.600240 5.559432
v 14.611500 -6.930990 4.995300
v 14.783500 -7.791399 3.507890
v 14.987300 -8.015900 2.250582
v 15.373600 -7.496330 0.468938
v 15.567200 -6.918740 -0.221756
v 15.947700 -5.221390 -1.221880
v 16.795500 -5.477030 0.304608
v 16.940701 -5.195060 0.774473
v 17.008900 -5.012180 1.298220
v 16.878000 -4.979630 2.596591
v 16.431101 -5.373478 3.995790
v 15.891500 -6.048910 4.486260
v 15.471700 -6.647089 4.456902
v 15.178000 -7.499380 4.006980
v 15.113600 -8.033820 2.931192
v 15.193900 -8.160400 2.042812
v 15.532100 -7.798020 0.818897
v 15.764000 -7.414260 0.360113
v 16.330601 -6.301740 -0.268282
v 16.837299 -6.374320 0.678351
v 16.973900 -6.186060 1.037421
v 17.044600 -6.066530 1.435750
v 16.958099 -6.059410 2.417070
v 16.598101 -6.346488 3.468370
v 16.137899 -6.816400 3.829072
v 15.770700 -7.227398 3.798162
v 15.473100 -7.830510 3.443450
v 15.370800 -8.201610 2.621212
v 15.413900 -8.283840 1.947642
v 15.690900 -8.014740 1.028912
v 15.895200 -7.737260 0.688793
v 16.412901 -6.939130 0.233050
v 17.074301 -7.106530 2.041291
v 7.342960 -13.190198 6.508672
v 5.910790 -12.348698 7.327782
v 4.088450 -11.971898 8.259342
v 2.328390 -12.552898 8.270782
v 1.854440 -13.246398 8.195292
v 1.134960 -14.226498 7.773542
v 0.856109 -15.847398 6.894982
v 8.706110 -15.015998 6.871162
v 8.225120 -14.523398 7.958402
v 6.690160 -13.678098 9.109542
v 4.720190 -13.315898 10.247002
v 2.622950 -13.792698 10.150802
v 2.018170 -14.483498 9.888692
v 1.110020 -15.369498 9.172812
v 0.636617 -16.878401 7.774612
v 0.752010 -17.480600 6.433414
v 9.116380 -18.320900 6.874572
v 9.501460 -17.594500 6.974874
v 9.439120 -15.913898 8.305002
v 8.855650 -15.143600 9.248692
v 7.130620 -14.126398 10.160702
v 5.008410 -13.645798 11.214202
v 2.878910 -14.397498 11.292302
v 2.334440 -15.237700 11.251302
v 1.506570 -16.448500 10.819602
v 1.219920 -18.439600 9.891182
v 1.440590 -19.440599 8.731442
v 2.005350 -20.205700 7.860122
v 2.928350 -20.701799 6.553002
v 3.513290 -20.875401 5.808023
v 4.908670 -20.785500 5.084942
v 5.327430 -20.716299 5.037962
v 5.728980 -20.641300 5.082402
v 7.110860 -20.173000 5.566702
v 7.506890 -19.974600 5.801252
v 8.868980 -18.703600 6.519282
v 9.196980 -18.532000 7.769053
v 9.558470 -17.855700 7.867902
v 9.505030 -16.296301 9.121822
v 8.962560 -15.582500 10.008402
v 7.355070 -14.634798 10.867402
v 5.375330 -14.187998 11.854702
v 3.385310 -14.884398 11.922402
v 2.874720 -15.666998 11.878002
v 2.098490 -16.791800 11.466302
v 1.825330 -18.643000 10.585202
v 2.028470 -19.569599 9.495294
v 2.553490 -20.279100 8.676273
v 3.413660 -20.735201 7.452343
v 3.959160 -20.893400 6.755552
v 5.261970 -20.808100 6.081032
v 5.653080 -20.744301 6.037622
v 6.028150 -20.675800 6.079602
v 7.319530 -20.245899 6.534934
v 7.689800 -20.063499 6.755272
v 8.964930 -18.885900 7.434632
v 9.817410 -18.658800 8.661222
v 10.244900 -17.974600 8.867042
v 10.275200 -16.502501 10.441002
v 9.731640 -15.846498 11.498102
v 8.056440 -14.876298 12.568202
v 5.951920 -14.437498 13.701302
v 3.771980 -15.074998 13.680602
v 3.177950 -15.871998 13.517702
v 2.279200 -16.962196 12.912902
v 1.880270 -18.782900 11.694102
v 2.047090 -19.615101 10.390103
v 2.572070 -20.275700 9.405874
v 3.472680 -20.624399 8.026314
v 4.051260 -20.718000 7.255982
v 5.458090 -20.599300 6.541482
v 5.882360 -20.547199 6.502372
v 6.289530 -20.502100 6.555102
v 7.702040 -20.187799 7.097424
v 8.110310 -20.048300 7.357614
v 8.258990 -19.951700 7.485113
v 9.548070 -18.971300 8.252463
v 9.580570 -18.956900 9.054014
v 9.969520 -18.345800 9.249092
v 10.005100 -17.042000 10.688202
v 9.518950 -16.462999 11.650202
v 8.014820 -15.595198 12.628702
v 6.120980 -15.204598 13.656402
v 4.153150 -15.766898 13.629202
v 3.613540 -16.479496 13.471302
v 2.797670 -17.448397 12.911102
v 2.428150 -19.069300 11.787104
v 2.573750 -19.801399 10.600304
v 3.043080 -20.385401 9.703854
v 3.852500 -20.684799 8.455624
v 4.373220 -20.761299 7.760052
v 5.641450 -20.651699 7.117592
v 6.024050 -20.606501 7.082973
v 6.391200 -20.568800 7.131022
v 7.665840 -20.300900 7.623764
v 8.034540 -20.181200 7.860083
v 8.169060 -20.096701 7.976294
v 9.336100 -19.231300 8.681324
v 9.161180 -17.997400 10.250202
v 9.195050 -17.117001 11.274302
v 8.861060 -16.728500 11.953802
v 7.820980 -16.132397 12.650302
v 6.506610 -15.866398 13.372602
v 5.134110 -16.243597 13.344302
v 4.753920 -16.732496 13.221902
v 4.179770 -17.390596 12.815302
v 3.911520 -18.494900 12.004702
v 4.007580 -18.983601 11.166304
v 4.329870 -19.376801 10.532304
v 4.890560 -19.568001 9.658744
v 5.252090 -19.612200 9.173524
v 6.656830 -19.480700 8.738844
v 7.896760 -19.179800 9.334404
v 8.714490 -18.598600 9.839742
v 6.644020 -18.707399 10.700902
v -2.759800 -13.167498 7.960742
v -3.469100 -12.198498 7.920872
v -4.879750 -11.407398 7.681772
v -5.807370 -11.288998 7.468002
v -5.967260 -11.278098 7.429832
v -6.641020 -11.167398 6.821822
v -7.933420 -11.902900 5.526522
v -8.477240 -13.049100 4.867642
v -2.717000 -16.394899 6.248323
v -2.543720 -15.400198 6.829772
v -2.293360 -14.015698 7.621772
v -3.048880 -13.459198 9.215652
v -3.767480 -12.463298 9.148362
v -5.206260 -11.649898 8.885602
v -6.319520 -11.516500 8.628502
v -7.009310 -11.415998 8.007402
v -8.324520 -12.162898 6.731062
v -8.914040 -13.386400 6.071492
v -8.936240 -14.110900 5.640832
v -3.038060 -16.813601 7.561614
v -2.579620 -14.340998 8.892672
v -3.243460 -13.530598 10.835002
v -3.924550 -12.486598 10.416402
v -5.401340 -11.619698 9.897442
v -6.591560 -11.463198 9.630072
v -7.360530 -11.520798 8.996181
v -8.915960 -12.600098 8.051112
v -9.697690 -14.001698 7.876772
v -9.815940 -14.881698 7.721712
v -10.016600 -16.510700 8.016712
v -9.406990 -18.110800 7.872303
v -8.247480 -19.591700 7.733603
v -7.312570 -20.207399 7.808094
v -5.983940 -20.449200 8.171184
v -5.177740 -19.617701 9.304314
v -3.645830 -17.490700 10.452702
v -2.845370 -14.580098 10.829502
v -3.542280 -13.454898 11.809602
v -4.213920 -12.425698 11.401802
v -5.668770 -11.571498 10.894002
v -6.840750 -11.417598 10.630602
v -7.597430 -11.472298 10.005702
v -9.127050 -12.532398 9.068972
v -9.894960 -13.912598 8.890192
v -10.010200 -14.778598 8.733282
v -10.206000 -16.384199 9.015952
v -9.603670 -17.958300 8.866652
v -8.460040 -19.414400 8.723894
v -7.538770 -20.019899 8.794973
v -6.230460 -20.258101 9.152244
v -5.438410 -19.443701 10.272404
v -3.933370 -17.352900 11.414202
v -3.149000 -14.487700 11.799502
v -3.596560 -13.034998 13.555202
v -4.362840 -11.884898 13.242702
v -5.977090 -10.938298 12.779102
v -7.259750 -10.775598 12.488702
v -8.075970 -10.773998 11.784302
v -9.689460 -11.844498 10.585802
v -10.473400 -13.343198 10.180102
v -10.563700 -14.264198 9.885232
v -10.721800 -16.052401 9.961292
v -10.000600 -17.716999 9.591142
v -8.692180 -19.235399 9.256944
v -7.663060 -19.869400 9.269554
v -6.229800 -20.132000 9.653132
v -5.414670 -19.379299 11.001102
v -3.868870 -17.220200 12.568302
v -3.127060 -14.139698 13.407602
v -4.133390 -13.666698 13.850402
v -4.833690 -12.622198 13.590802
v -6.300760 -11.763498 13.187002
v -7.463190 -11.616998 12.923302
v -8.198810 -11.603698 12.284002
v -9.652670 -12.556398 11.167002
v -10.352900 -13.909498 10.762702
v -10.428300 -14.737700 10.474302
v -10.561100 -16.360399 10.502002
v -9.896480 -17.855801 10.131202
v -8.700620 -19.216000 9.798264
v -7.764260 -19.784700 9.798694
v -6.465030 -20.022900 10.145004
v -5.735100 -19.366899 11.386003
v -4.352090 -17.437397 12.860202
v -3.700860 -14.661398 13.693102
v -4.912780 -14.132098 14.050602
v -5.493840 -13.278498 13.879402
v -6.696920 -12.578398 13.578002
v -7.644510 -12.460598 13.362202
v -8.242010 -12.430898 12.836402
v -9.408280 -13.174098 11.878302
v -9.961420 -14.265800 11.487002
v -10.011900 -14.928498 11.216402
v -10.102000 -16.251900 11.168900
v -9.541230 -17.445999 10.807402
v -8.549250 -18.525900 10.486002
v -7.779630 -18.978500 10.468004
v -6.720010 -19.173000 10.748104
v -6.139680 -18.684099 11.791002
v -5.042760 -17.161396 13.082202
v -4.548100 -14.930398 13.882902
v -5.705900 -14.675798 13.691401
v -6.124260 -14.059299 13.562201
v -6.992420 -13.553398 13.340602
v -7.677000 -13.468098 13.184802
v -8.108080 -13.448998 12.806202
v -8.954120 -13.990898 12.119802
v -9.356200 -14.781398 11.845602
v -9.394170 -15.261998 11.655002
v -9.461810 -16.218201 11.630402
v -9.059330 -17.084499 11.377302
v -8.345050 -17.868900 11.151902
v -7.789920 -18.197399 11.141502
v -7.024480 -18.337900 11.344102
v -6.603210 -17.978201 12.093402
v -5.806530 -16.870996 13.014002
v -5.444130 -15.254298 13.575702
v -7.611040 -14.484098 13.027202
v -2.363360 -9.273812 -9.439888
v -0.857446 -7.684711 -9.220898
v 1.152900 -7.856421 -9.158518
v 1.547860 -8.288902 -9.186248
v 2.129350 -9.596372 -9.294358
v 2.268570 -10.644002 -9.235768
v 2.250220 -11.026702 -9.230798
v 2.239270 -11.254502 -9.167108
v 1.976500 -12.052402 -8.961938
v 1.436960 -12.721502 -8.690508
v 1.186500 -13.007702 -8.581878
v -1.973880 -12.107902 -9.128068
v -2.018640 -11.962002 -9.169838
v -2.271640 -11.106400 -9.422928
v -2.483430 -10.298302 -9.444138
v -2.742350 -8.717232 -10.217798
v -0.968673 -6.836412 -10.189398
v 1.391840 -7.032152 -10.062498
v 1.854330 -7.541252 -10.022098
v 2.533100 -9.082472 -9.936568
v 2.667830 -10.738802 -9.638330
v 2.653100 -10.994202 -9.528838
v 2.338040 -11.890902 -9.169338
v 1.400480 -12.942202 -8.588868
v -1.060220 -13.396302 -8.472758
v -1.737110 -13.013902 -8.750238
v -2.301620 -11.970702 -9.408268
v -2.643070 -10.849302 -9.911598
v -2.888000 -9.910822 -10.064898
v -2.374970 -8.282972 -11.953698
v -0.879504 -6.848602 -11.267200
v 1.116450 -7.004752 -11.319798
v 1.508510 -7.395562 -11.498598
v 2.085590 -8.576702 -12.045298
v 2.211330 -9.934942 -12.459298
v 1.950730 -10.986902 -12.537498
v 1.181250 -12.015802 -12.474498
v -0.890045 -12.443302 -12.484900
v -1.471200 -12.060802 -12.526198
v -1.971570 -11.033502 -12.604098
v -2.278400 -10.002902 -12.542698
v -2.491310 -9.242102 -12.291198
v -1.861900 -7.725702 -12.540898
v -0.772848 -6.837072 -11.822698
v 0.669533 -6.924422 -11.918098
v 0.950917 -7.163052 -12.120098
v 1.361830 -7.886912 -12.725998
v 1.449010 -8.761632 -13.264198
v 1.261680 -9.485312 -13.505998
v 0.708720 -10.221702 -13.637198
v -0.787859 -10.531902 -13.690698
v -1.209500 -10.260302 -13.641298
v -1.574750 -9.530262 -13.501698
v -1.797850 -8.821942 -13.266898
v -1.949360 -8.336462 -12.949498
v -1.474950 -7.431612 -12.904698
v -0.692286 -6.814282 -12.367098
v 0.342475 -6.873142 -12.441498
v 0.544019 -7.038252 -12.593898
v 0.837798 -7.539592 -13.049998
v 0.899551 -8.151262 -13.461098
v 0.764982 -8.663321 -13.654799
v 0.368344 -9.187942 -13.768498
v -0.705431 -9.409872 -13.811998
v -1.008010 -9.216852 -13.767798
v -1.270190 -8.697702 -13.645898
v -1.430120 -8.196742 -13.456800
v -1.538340 -7.857872 -13.214898
v -0.358819 -8.165982 -14.050598
v -2.503200 -18.309299 3.428433
v -2.722960 -17.924299 4.312984
v -2.770370 -17.798100 4.528643
v -3.170510 -16.993200 5.540933
v -3.700450 -17.660000 5.786132
v -4.047950 -18.193600 5.967063
v -4.353380 -18.619400 5.968833
v -5.757550 -19.327101 5.654872
v -3.104010 -18.981501 0.118245
v -2.873160 -18.961300 0.919023
v -2.430340 -18.931900 1.510882
v -2.437550 -18.731100 2.162252
v -2.455550 -18.640699 2.499482
v -2.881900 -18.594000 2.605793
v -3.347700 -17.995100 4.220832
v -4.731690 -18.540899 5.332402
v -3.050250 -18.886801 1.326952
v -4.204510 -18.586100 2.464042
v 0.710033 -18.659201 -1.137158
v 2.059130 -18.591801 -0.991561
v 1.184900 -18.677200 -0.388352
v 2.005300 -18.595400 -0.057274
v 6.392370 -19.205601 4.524452
v 5.649250 -19.492001 4.319422
v 5.111940 -19.710300 4.191433
v 4.948490 -19.681299 4.144073
v 4.808780 -19.629299 4.113092
v 2.310560 -18.581400 0.006965
v 2.317290 -18.589399 -0.199140
v 2.435390 -18.563101 -0.843747
v 2.445970 -18.529301 -1.453098
v 2.453030 -18.522900 -1.486638
v 2.497450 -18.506901 -1.513468
v 5.140600 -18.077000 0.480867
v 4.078340 -18.361700 0.515859
v 5.227130 -18.221500 2.559403
v 5.813590 -17.882500 0.085185
v 3.008720 -18.505699 -0.057603
v 3.149330 -18.362700 -1.358048
v 4.385250 -18.225201 -0.367962
v 5.921210 -18.531401 3.730283
v 4.348490 -18.314800 1.565012
v 4.917190 -19.293100 3.913802
v 5.379220 -18.025700 1.430562
v 6.051710 -17.825800 1.752732
v 5.974120 -17.856199 0.703997
v 6.698380 -17.945499 3.811602
v 6.211270 -17.807100 2.818812
v -3.181270 -18.554701 -2.430927
v -3.677170 -18.767099 -1.694178
v -3.737080 -18.900400 -1.144408
v -3.798480 -18.919901 -0.965188
v -4.003710 -18.924400 -0.291900
v -4.387250 -18.817499 1.003342
v -4.569810 -18.655199 1.981172
v -4.454770 -18.580601 2.417102
v -4.610640 -18.508699 2.720662
v -4.841340 -18.339399 3.592872
v -5.043370 -18.380501 4.276302
v -5.377290 -18.527100 4.818162
v -6.326560 -18.969900 5.203532
v -6.327570 -18.972601 5.201004
v -7.441500 -18.706400 5.423643
v -7.805170 -17.625200 -1.220048
v -7.806360 -17.616699 -1.256088
v -7.786430 -17.621599 -1.280538
v -7.088460 -17.762699 -2.269998
v -6.733890 -17.843500 -2.481477
v -5.973400 -17.860100 -3.116157
v -4.795120 -17.983400 -3.412728
v -3.754400 -18.224100 -3.200437
v -3.179430 -18.507601 -2.565937
v -4.425430 -18.518000 -2.236658
v -6.068030 -18.592800 -0.074693
v -4.167760 -18.859600 -1.090558
v -5.711270 -18.209400 -2.412637
v -7.013760 -17.969801 -1.530698
v -4.613650 -18.862801 -0.206154
v -5.234790 -18.716700 1.116952
v -7.446390 -17.989401 0.111757
v -5.285900 -18.495199 2.474643
v -6.350560 -18.453600 4.462112
v -5.406490 -18.630199 -1.248148
v -6.455580 -18.395700 1.312822
v -4.075590 0.814350 -3.373210
v -3.013280 0.917503 -3.981760
v -2.647920 0.822370 -4.312440
v -2.398540 0.502634 -4.884340
v -2.430180 -0.562366 -6.314260
v -1.813830 -1.281422 -7.332290
v -2.771100 -2.451452 -7.833540
v -3.895180 -3.073931 -7.815470
v -4.387020 -3.445451 -7.831220
v -5.074780 -2.521210 -6.561030
v -3.595950 -0.128111 -4.914970
v -3.013390 -1.610361 -7.064290
v -11.907600 -3.056270 -2.447290
v -11.464200 -2.597770 -2.632620
v -11.380700 -2.501910 -2.666640
v -10.996300 -2.455890 -2.737720
v -9.543510 -1.921220 -3.009430
v -9.022670 -1.696390 -3.108090
v -6.463690 -1.964190 -4.768230
v -5.910520 -2.754050 -6.166240
v -5.691490 -3.012450 -6.681040
v -5.697870 -3.487550 -7.192190
v -5.722200 -3.694402 -7.328629
v -5.784450 -4.135860 -7.490038
v -6.334360 -5.091812 -7.453928
v -7.177300 -6.321210 -7.175398
v -8.302670 -6.817990 -5.853390
v -9.496250 -6.192192 -3.832410
v -9.720310 -5.836970 -3.051280
v -9.881430 -5.502920 -2.782058
v -10.204800 -5.257030 -2.542140
v -11.013200 -4.372640 -2.381570
v -10.334700 -3.280580 -2.848920
v -8.894880 -3.648380 -3.787640
v -7.396820 -5.182900 -6.513628
v -7.093650 -2.912840 -5.202700
v -8.569800 -5.682590 -5.168509
v -6.250620 -3.720201 -6.815259
v -7.743010 -4.191200 -5.612618
v -8.701420 0.594052 -0.920757
v -6.796990 0.703026 -0.316032
v -5.870530 -0.099028 0.846976
v -5.609340 -0.442833 1.283660
v -5.606570 0.088879 0.489344
v -5.531020 0.293355 -0.055678
v -5.312610 0.422834 -0.443193
v -5.219180 0.483345 -0.703625
v -5.079610 0.530771 -1.053580
v -5.024960 0.527718 -1.325270
v -4.684140 0.559340 -2.418430
v -4.436260 0.629863 -2.943230
v -4.359690 0.506213 -3.325430
v -3.975930 -0.133254 -4.571930
v -4.013850 -0.263501 -4.710160
v -5.498390 -1.616520 -5.146220
v -7.795900 -1.956320 -3.827510
v -8.284390 -1.741110 -3.395770
v -8.509430 -1.552990 -3.232750
v -9.242760 -1.108480 -2.906430
v -9.519590 -0.734962 -2.681050
v -9.945180 -0.509204 -2.520000
v -10.119400 0.130665 -2.121990
v -9.986600 0.496030 -1.758440
v -9.703190 0.877582 -1.271320
v -9.087940 -0.076585 -2.057660
v -5.113850 -0.535856 -4.057130
v -8.466600 -1.179760 -3.089420
v -7.395120 0.204022 -1.261350
v -4.879620 0.368914 -2.614130
v -6.896820 -1.506430 -4.042770
v -5.799970 0.354131 -0.842497
v -6.809610 -0.358092 -2.519560
v 11.195900 -3.852440 -1.976570
v 11.589700 -4.469410 -1.602030
v 11.635000 -4.757300 -1.272030
v 11.614300 -5.124700 -0.762655
v 10.787100 -5.257660 0.062028
v 10.368900 -5.413210 0.683658
v 9.822010 -5.342460 0.995192
v 8.795740 -5.389900 1.070060
v 8.635930 -5.556820 1.006290
v 8.900970 -6.140350 0.232997
v 4.177300 0.108464 -1.123580
v 4.918440 -0.390622 0.436485
v 4.914010 -0.456217 0.794712
v 5.592780 -0.347554 0.546112
v 6.821640 -0.114435 0.152843
v 6.904770 -0.107049 0.092802
v 7.952370 -0.263191 -0.902691
v 6.839380 -2.925941 -6.387910
v 7.064270 -3.823850 -6.477670
v 8.759150 -6.018660 -0.508243
v 9.009180 -6.513610 -0.843200
v 9.634400 -7.670870 -1.175378
v 9.918650 -8.296970 -1.412458
v 9.946300 -8.989070 -2.429118
v 9.719470 -9.774600 -3.807598
v 9.267660 -9.319350 -4.566850
v 8.841030 -8.935390 -5.167789
v 8.307210 -7.859400 -5.616320
v 9.680520 -9.049190 -3.542008
v 9.719110 -8.326660 -2.459008
v 9.039650 -8.046500 -4.188398
v 9.058440 -6.989450 -2.357008
v 8.697240 -0.416741 -1.471010
v 8.938510 -0.484356 -1.701230
v 9.193000 -0.537614 -1.944120
v 9.358220 -0.492823 -2.041200
v 9.442900 -0.502044 -2.094300
v 9.552620 -0.580751 -2.176120
v 9.797740 -0.816638 -2.374720
v 10.849300 -0.994233 -2.727480
v 10.928600 -1.365020 -2.827250
v 8.452340 -2.858191 -5.547030
v 7.563590 -2.822242 -6.057280
v 6.925260 -2.868572 -6.340050
v 6.913330 -2.875100 -6.347830
v 6.888120 -2.835351 -6.326880
v 9.882310 -1.317780 -2.699310
v 8.072800 -2.335460 -5.594270
v 9.139020 -1.704080 -3.729590
v 9.015510 -2.020180 -4.508990
v 9.241120 -0.891202 -2.213260
v 8.628130 -2.330312 -5.189040
v 9.102160 -1.459390 -2.863250
v 9.180970 -2.287160 -4.622390
v 9.349590 -2.233420 -4.190290
v 9.438740 -2.023070 -3.847210
v 9.522620 -1.849620 -3.436720
v 9.888580 -1.370550 -2.735600
v 9.972920 -1.373180 -2.717430
v 10.657800 -1.384780 -2.784180
v 11.426200 -2.251610 -3.079770
v 11.149100 -3.830570 -1.953360
v 11.161300 -3.850520 -1.946960
v 9.862320 -4.752370 0.238385
v 9.548420 -4.942780 0.477411
v 8.941520 -5.097350 0.654812
v 8.537470 -5.221390 0.599743
v 8.542080 -5.283750 0.192401
v 8.595030 -5.521320 -0.210122
v 8.637040 -5.633520 -0.625862
v 8.675690 -5.747600 -0.761045
v 8.785150 -5.911580 -1.354200
v 8.818600 -5.997000 -1.905370
v 8.846600 -6.278680 -2.658070
v 8.793880 -6.838380 -3.553630
v 8.545800 -7.081972 -4.847818
v 8.305500 -7.204890 -5.448608
v 8.035060 -7.170130 -5.826300
v 7.586870 -7.064291 -6.314209
v 7.092220 -6.221652 -6.760128
v 6.995660 -5.903882 -6.809938
v 7.117690 -5.446762 -6.571990
v 7.225740 -4.814450 -6.398220
v 7.545310 -4.330990 -6.055240
v 8.171450 -3.534961 -5.584138
v 8.282900 -3.235981 -5.563738
v 8.478910 -3.019881 -5.489880
v 8.711720 -2.838400 -5.340140
v 8.915880 -2.587142 -4.905220
v 9.229050 -3.216260 -3.322770
v 10.407200 -1.866990 -2.868500
v 10.146400 -3.711090 -1.408230
v 8.765790 -4.349290 -3.372350
v 8.344960 -5.611510 -4.791658
v 7.540860 -6.305242 -6.227038
v 9.677810 -2.663270 -3.122100
v 8.764420 -5.783910 -1.781260
v 8.469300 -3.314801 -5.340539
v 8.213860 -6.510460 -5.312230
v 7.778060 -5.356580 -5.756908
v 8.677820 -5.710980 -3.678770
v 8.287610 -4.595370 -4.989450
v 1.935890 -3.136392 -8.075590
v 2.969720 -2.555390 -7.648500
v 6.461680 -2.948442 -6.575550
v 6.482870 -3.249980 -6.732250
v 6.652510 -3.836510 -6.816658
v 6.630470 -4.174911 -6.904018
v 6.535770 -4.926291 -7.121990
v 6.222020 -5.429542 -7.648139
v 5.942250 -5.558220 -7.886320
v 4.475880 -5.972240 -8.662820
v 3.336780 -5.055080 -8.732250
v 2.554730 -4.561420 -8.637000
v 2.141190 -3.756662 -8.333570
v 2.934280 -3.480442 -8.154910
v 4.729460 -4.994152 -8.399750
v 4.026710 -2.485700 -7.404360
v 6.034960 -2.767292 -6.597910
v 5.793910 -4.840850 -7.792600
v 3.773260 -4.366022 -8.447750
v 3.584820 -2.804250 -7.765070
v 6.081310 -4.031110 -7.223848
v 4.940660 -4.303570 -8.124380
v 4.309760 -3.352500 -7.855720
v -6.698730 -18.169500 2.158482
v -6.651230 -18.130301 2.610533
v -6.650050 -18.191900 3.747062
v -6.594520 -18.247999 4.317533
v -6.609530 -18.271900 4.469944
v -7.527740 -18.178699 5.156363
v -8.238600 -17.798300 5.572242
v -8.997980 -16.042200 5.717504
v -9.104890 -15.556400 5.630502
v -8.941580 -14.846500 5.349162
v -8.851150 -14.373600 5.284582
v -8.766010 -14.084300 5.160172
v -9.040130 -13.506300 4.185002
v -9.281240 -13.461000 3.892392
v -10.033200 -13.842900 2.572402
v -10.298600 -14.034000 2.007372
v -10.445100 -14.070200 1.670982
v -10.510300 -14.230400 1.233072
v -10.430300 -14.819500 0.335177
v -10.328300 -15.023800 -0.154212
v -10.030900 -15.414000 -0.568390
v -9.817320 -15.700400 -0.680130
v -9.469970 -16.151400 -0.614493
v -9.028200 -16.643101 -0.617153
v -8.599940 -17.111799 -0.389684
v -8.299050 -17.476700 -0.173697
v -7.836820 -17.746401 0.305227
v -7.648370 -17.842501 0.522580
v -7.127720 -18.010900 1.516162
v -7.680250 -17.739000 4.845664
v -8.902300 -16.253401 2.433432
v -7.107010 -17.859600 3.497773
v -8.831150 -14.945400 4.630582
v -7.338210 -17.733801 2.370782
v -8.090060 -16.886299 3.765662
v -8.239710 -17.363199 0.770133
v -10.097100 -15.012600 1.403502
v -8.588150 -16.421000 5.168072
v -9.008250 -16.720400 -0.006152
v -9.575520 -14.479500 3.008922
v -9.331590 -16.298401 1.068982
v -9.910960 -15.624900 0.061989
v 8.381400 -14.979900 6.277512
v 8.460670 -15.464000 5.983512
v 8.762360 -16.812500 5.917223
v 8.703270 -17.207500 5.771452
v 8.454530 -17.607401 5.508904
v 8.275150 -17.679600 5.349433
v 7.743410 -18.091801 5.027833
v 7.044710 -17.776699 4.316702
v 6.815570 -17.816000 3.827562
v 6.796000 -17.810101 3.752102
v 6.786580 -17.770901 3.572462
v 6.504130 -17.694500 2.801913
v 6.615470 -17.621201 2.424552
v 6.550590 -17.651199 1.968292
v 6.862100 -17.635401 0.895471
v 9.677980 -15.380000 0.757263
v 9.730500 -15.270000 1.118902
v 9.610290 -15.026800 2.196352
v 9.512830 -14.651100 2.815652
v 8.911280 -14.670300 3.536052
v 8.019370 -14.250800 5.078882
v 8.053590 -14.536400 5.555802
v 8.293670 -15.224100 4.593722
v 8.370490 -16.297199 2.592062
v 8.335490 -16.898701 5.249992
v 7.123570 -17.440399 3.258762
v 8.855460 -15.257900 3.216892
v 7.277420 -17.306999 1.739472
v 7.883450 -16.641500 3.888912
v 3.299700 -20.388100 5.539093
v 2.770060 -20.119499 6.007483
v 2.395920 -19.741100 6.157242
v 1.797240 -19.200701 6.606554
v 0.903801 -17.565201 6.322783
v 0.819213 -17.513201 6.359902
v 0.816415 -17.399599 6.345213
v 0.872976 -16.458500 6.165722
v 0.773509 -16.377701 6.138722
v -0.547262 -17.055099 5.500032
v -0.973561 -17.529900 4.929543
v -1.054010 -17.625299 4.772183
v -1.125740 -17.981100 3.993152
v -1.215200 -18.064501 3.816852
v -1.355490 -18.194000 3.538302
v -1.280910 -18.290501 3.233403
v -1.652310 -18.728701 2.035412
v -1.521330 -18.772400 1.739522
v -0.878568 -18.795200 0.622390
v -0.801691 -18.834400 0.243167
v -0.266011 -18.777700 0.116890
v 0.487302 -18.720200 -0.095889
v 1.167240 -18.645201 -0.079717
v 1.797000 -18.583200 0.119667
v 1.982150 -18.564800 0.221309
v 2.177790 -18.551901 0.285760
v 2.360270 -18.535900 0.353914
v 2.642940 -18.497000 0.496054
v 3.056150 -18.449100 0.756123
v 3.322770 -18.416100 1.034292
v 3.708310 -18.378000 1.440732
v 4.031840 -18.363899 1.750212
v 4.231980 -18.353800 1.873292
v 4.807250 -18.401300 2.647502
v 4.701080 -19.239201 3.841502
v 4.781130 -19.298901 3.913203
v 4.655220 -19.498600 4.063684
v 4.495720 -19.682800 4.270252
v 4.078780 -19.873600 4.639432
v 3.473930 -20.447901 5.411963
v 1.776810 -18.670500 5.965802
v -0.575064 -17.563601 4.781172
v 0.063391 -18.629700 0.802929
v 2.443100 -18.566200 3.272543
v 2.579150 -19.543200 5.595422
v -0.585391 -18.573999 1.664492
v 1.239580 -18.587000 0.367541
v 2.845390 -18.451599 1.855832
v 0.440148 -18.149799 3.570802
v 3.829940 -18.609400 2.740433
v 3.796230 -19.241199 4.065444
v 2.057780 -18.589500 4.722074
v -0.884839 -18.471001 2.430502
v 2.399380 -18.496799 0.690341
v 1.422700 -18.442900 1.577172
v -0.635720 -18.099501 3.621933
v 0.573386 -17.800400 4.421103
v 0.359991 -18.345301 2.536482
v 1.208020 -18.298100 3.527463
v 3.251020 -19.795799 5.083522
v 1.627410 -18.409401 2.596412
v 1.829820 1.102600 -4.297310
v 2.142850 1.084450 -4.227590
v 2.950760 0.877488 -3.666440
v 2.985490 0.855517 -3.623640
v 3.797930 0.319393 -2.715420
v 4.123680 0.282059 -1.927750
v 4.303840 0.040125 -1.249990
v 4.568750 -0.177317 -0.761825
v 4.570580 -0.210269 -0.490365
v 4.897020 -0.312656 -0.269487
v 5.223040 -0.380424 0.181221
v 5.682990 -0.366576 0.289866
v 6.370030 -0.304144 0.005816
v 6.711850 -0.274730 -0.014985
v 7.052350 -0.330692 -0.290053
v 7.891410 -0.313382 -0.890815
v 7.939230 -0.314016 -0.920161
v 7.965700 -0.340564 -0.959427
v 8.228830 -0.450128 -1.214540
v 8.432470 -0.515643 -1.373590
v 8.613630 -0.580544 -1.549390
v 8.731450 -0.656186 -1.690300
v 8.766970 -0.720041 -1.768310
v 8.772100 -0.849813 -1.899580
v 8.759880 -1.106230 -2.269070
v 8.878180 -1.429800 -2.803450
v 8.898700 -1.478030 -2.921250
v 8.927780 -1.649860 -3.580930
v 8.854360 -1.680430 -3.748270
v 8.682710 -1.828220 -4.304420
v 8.552860 -1.900610 -4.573880
v 8.263470 -2.039011 -5.019860
v 8.017310 -2.222702 -5.493770
v 7.849690 -2.246711 -5.592450
v 7.420640 -2.566680 -5.977960
v 6.978670 -2.680230 -6.205000
v 6.812320 -2.737320 -6.281860
v 6.753790 -2.737150 -6.299250
v 6.635270 -2.728350 -6.337670
v 6.341260 -2.725920 -6.459320
v 6.035720 -2.737120 -6.575900
v 6.016170 -2.726362 -6.578690
v 5.859480 -2.658412 -6.621550
v 4.921490 -2.584512 -7.049330
v 4.491810 -2.330520 -7.089950
v 4.099610 -2.240000 -7.165760
v 3.522390 -2.003922 -7.022530
v 2.869160 -1.168630 -6.488000
v 1.761710 0.735625 -4.685840
v 1.664870 1.010530 -4.428900
v 2.151870 0.158104 -5.187250
v 2.736900 -0.056964 -5.142760
v 6.184560 -1.181020 -3.306940
v 5.517540 -0.387007 -0.138093
v 4.182870 -2.103410 -7.031720
v 2.311170 -0.186015 -5.544000
v 2.248250 0.599224 -4.616910
v 2.903440 0.528850 -4.156400
v 3.421070 -1.029940 -6.212810
v 6.598030 -1.595510 -5.073910
v 4.436590 -0.538406 -4.239580
v 5.337310 -0.638200 -1.960140
v 7.063080 -1.193290 -1.898960
v 7.554810 -1.523890 -3.508170
v 2.744820 -0.569676 -5.865850
v 3.653930 -1.557810 -6.662930
v 7.646780 -1.906130 -5.132080
v 7.187980 -2.179260 -5.722680
v 6.471640 -2.475560 -6.224220
v 6.335160 -1.279430 -4.089120
v 4.304840 -1.225181 -6.068840
v 3.501790 0.238598 -3.804120
v 3.629370 -0.242691 -4.695460
v 5.392630 -0.904666 -3.711660
v 5.960890 -0.496581 -0.683191
v 4.755530 -0.225630 -1.333880
v 4.347910 -0.023267 -2.250960
v 5.762710 -0.971029 -2.688680
v 8.281180 -0.886212 -1.766050
v 7.380630 -0.591522 -0.964355
v 6.304340 -0.995099 -1.779530
v 6.567020 -1.262240 -2.603640
v 8.456140 -1.477290 -3.028950
v 7.374050 -1.399780 -2.670780
v 8.175150 -1.726830 -4.251060
v 6.861430 -1.387570 -3.417820
v 7.197470 -1.530970 -4.234920
v 5.289170 -2.125630 -6.513750
v 5.431300 -1.344050 -5.442740
v 4.379970 -1.927621 -6.794220
v 4.435150 -0.779744 -5.106100
v 3.862420 0.132564 -3.085550
v 3.573390 -0.635712 -5.561850
v 4.832790 -0.281533 -0.577737
v 4.439210 -0.353131 -3.298970
v 5.788730 -1.180990 -4.628280
v 5.109680 -0.934761 -4.654300
v 5.059850 -0.638208 -2.772540
v 1.260480 -14.757102 -7.519228
v 1.613910 -14.122202 -8.001748
v 1.872840 -13.359002 -8.427838
v 2.117060 -12.859002 -8.648768
v 2.284110 -12.254902 -8.886428
v 2.322320 -12.084102 -8.945018
v 2.512350 -11.402302 -9.138998
v 2.643890 -11.248402 -9.171938
v 2.672700 -11.039102 -9.212568
v 2.752910 -10.780202 -9.226708
v 3.100310 -10.375602 -9.233038
v 4.022320 -9.794512 -9.225238
v 4.193190 -9.744142 -9.213578
v 4.498150 -9.979612 -9.065288
v 5.906310 -9.908982 -8.270788
v 7.108110 -10.921802 -7.305818
v 8.214800 -11.308200 -6.294248
v 8.722500 -11.068300 -5.638078
v 9.231510 -11.732100 -4.933478
v 9.622000 -12.021900 -4.148298
v 9.980760 -12.731500 -2.724218
v 10.197700 -12.891000 -0.975088
v 10.135500 -14.137700 -0.176480
v 9.787000 -15.068700 0.180419
v 9.604600 -15.418700 0.405970
v 9.523410 -15.542800 0.486775
v 9.348200 -15.726000 0.605405
v 9.185020 -15.861000 0.750825
v 8.947190 -16.039200 0.935574
v 8.581740 -16.369600 1.065872
v 8.109790 -16.797600 0.826286
v 7.323370 -17.381300 0.673523
v 7.033930 -17.559700 0.626918
v 6.777190 -17.659401 0.335675
v 6.234460 -17.808701 0.188260
v 5.864730 -17.876900 0.032475
v 5.810280 -17.889299 -0.010434
v 5.405600 -17.999599 -0.252927
v 5.115350 -18.064501 -0.483822
v 4.769980 -18.118500 -0.880796
v 4.093100 -18.170500 -1.563398
v 3.418990 -18.183901 -1.978808
v 2.162500 -17.979200 -3.284778
v 2.069310 -17.956499 -3.395228
v 2.058760 -17.886999 -3.560218
v 1.258290 -17.416300 -4.551466
v 1.050620 -16.764500 -5.431128
v 0.679545 -16.349100 -5.910158
v 0.604570 -16.211000 -6.067956
v 0.549024 -16.049200 -6.248928
v 0.499800 -15.855502 -6.447108
v 0.652087 -15.176702 -7.011638
v 1.016100 -15.035102 -7.215668
v 1.080580 -16.099800 -6.204128
v 5.371790 -12.677902 -8.198808
v 8.940520 -15.957900 -1.653718
v 2.634210 -17.052601 -5.071028
v 1.418800 -15.311902 -7.010108
v 8.010850 -12.290202 -6.460638
v 4.208670 -14.654402 -7.517078
v 3.856560 -10.857002 -9.044698
v 3.349720 -12.448202 -8.716108
v 5.762600 -11.141002 -8.301448
v 7.768150 -17.031200 -0.633834
v 9.631390 -14.249500 -3.368628
v 9.148630 -15.878800 0.309824
v 9.718280 -14.900000 -0.858729
v 2.718300 -17.879400 -3.407498
v 6.694450 -12.782802 -7.404348
v 8.686330 -11.845200 -5.761628
v 7.277250 -15.568600 -4.793748
v 2.935070 -16.079500 -6.364296
v 3.088040 -13.747602 -8.184338
v 2.734520 -14.904102 -7.429978
v 4.764090 -13.801802 -7.927848
v 6.062110 -17.812599 -0.550000
v 9.900440 -13.849700 -2.234788
v 9.270310 -15.074200 -2.830788
v 9.660720 -13.477500 -3.723968
v 8.116170 -14.539900 -5.194568
v 8.296620 -15.359400 -4.046828
v 5.588730 -17.300200 -3.736698
v 5.747540 -15.285700 -6.218798
v 5.857780 -13.654402 -7.568398
v 8.862800 -13.097200 -5.244318
v 7.629100 -13.702600 -6.298058
v 8.135510 -16.341299 -2.701268
v 9.138480 -14.369500 -4.152608
v 4.402540 -17.208099 -4.496777
v 4.265640 -17.907700 -2.685608
v 5.862520 -17.635500 -2.492668
v 6.485620 -16.595501 -4.150486
v 6.932780 -14.879300 -5.857078
v 5.308780 -14.585902 -7.155798
v 4.332140 -15.615102 -6.578858
v 7.493040 -16.145000 -3.854188
v 3.895550 -16.600300 -5.652667
v 7.195500 -17.225599 -2.101348
v 5.505090 -16.747101 -4.669008
v 6.136530 -15.924900 -5.250617
v 6.299740 -17.192499 -3.439048
v 6.446280 -14.186502 -6.820548
v 5.003470 -16.344999 -5.474896
v 6.988540 -16.931400 -3.189638
vn -0.1390 0.5066 0.8509
vn -0.1855 0.7694 -0.6112
vn -0.1855 0.7694 -0.6113
vn -0.1109 0.4868 -0.8664
vn -0.5985 0.6145 0.5140
vn -0.6812 0.7035 -0.2025
vn -0.5812 0.6023 -0.5473
vn -0.8432 -0.1104 0.5261
vn -0.9759 -0.1337 0.1725
vn -0.9759 -0.1338 0.1725
vn -0.9698 -0.1381 -0.2011
vn -0.9698 -0.1380 -0.2012
vn -0.8257 -0.1228 -0.5506
vn -0.3722 -0.3516 0.8590
vn -0.5715 -0.5599 0.5999
vn -0.6903 -0.6905 0.2161
vn -0.6831 -0.6956 -0.2226
vn -0.5518 -0.5738 -0.6052
vn -0.3441 -0.3714 -0.8624
vn -0.0790 -0.1515 0.9853
vn -0.1986 -0.4673 0.8615
vn -0.2985 -0.7393 0.6036
vn -0.3557 -0.9077 0.2225
vn -0.3486 -0.9127 -0.2131
vn -0.2789 -0.7531 -0.5959
vn -0.1706 -0.4871 -0.8565
vn -0.0469 -0.1741 -0.9836
vn -0.8625 -0.0061 0.5060
vn -0.9867 -0.0119 0.1623
vn -0.9808 -0.0160 -0.1941
vn -0.9809 -0.0160 -0.1941
vn -0.8456 -0.0181 -0.5336
vn -0.2092 0.1150 0.9711
vn -0.5441 0.2943 0.7857
vn -0.5441 0.2942 0.7857
vn -0.7667 0.4130 0.4915
vn -0.8704 0.4677 0.1537
vn -0.8648 0.4637 -0.1927
vn -0.7501 0.4013 -0.5256
vn -0.5181 0.2759 -0.8096
vn -0.1774 0.0925 -0.9798
vn 0.1008 -0.1293 0.9865
vn 0.3246 -0.3978 0.8581
vn 0.5103 -0.6191 0.5970
vn 0.6214 -0.7499 0.2269
vn 0.6282 -0.7547 -0.1892
vn 0.5292 -0.6325 -0.5656
vn 0.3523 -0.4173 -0.8377
vn 0.1329 -0.1520 -0.9794
vn 0.1800 0.0141 0.9836
vn 0.5439 0.0174 0.8390
vn 0.8236 0.0182 0.5669
vn 0.9776 0.0161 0.2099
vn 0.9839 0.0116 -0.1782
vn 0.9839 0.0117 -0.1782
vn 0.8416 0.0054 -0.5400
vn 0.5710 -0.0017 -0.8210
vn 0.2120 -0.0085 -0.9772
vn 0.3340 -0.7278 0.5990
vn 0.4107 -0.8831 0.2269
vn 0.4176 -0.8879 -0.1930
vn 0.3531 -0.7413 -0.5709
vn 0.3531 -0.7412 -0.5709
vn 0.0814 -0.8115 -0.5787
vn 0.0603 -0.5298 -0.8460
vn 0.1776 0.0481 0.9829
vn 0.5361 0.1141 0.8364
vn 0.8104 0.1623 0.5630
vn 0.9606 0.1856 0.2067
vn 0.9669 0.1812 -0.1795
vn 0.8284 0.1496 -0.5399
vn 0.5632 0.0951 -0.8208
vn 0.2096 0.0256 -0.9775
vn 0.1593 0.0933 0.9828
vn 0.4867 0.2437 0.8389
vn 0.7420 0.3579 0.5669
vn 0.8848 0.4178 0.2063
vn 0.8912 0.4133 -0.1869
vn 0.7602 0.3450 -0.5505
vn 0.5139 0.2245 -0.8280
vn 0.1913 0.0707 -0.9790
vn 0.1206 0.1394 0.9829
vn 0.3797 0.3785 0.8441
vn 0.5891 0.5676 0.5751
vn 0.7110 0.6720 0.2071
vn 0.7176 0.6673 -0.1992
vn 0.6078 0.5545 -0.5685
vn 0.4071 0.3591 -0.8398
vn 0.4071 0.3592 -0.8398
vn 0.1526 0.1168 -0.9814
vn 0.1912 0.1607 0.9683
vn 0.2353 0.0983 0.9669
vn 0.2599 0.4708 0.8431
vn 0.2879 0.4198 0.8607
vn 0.3276 0.7382 0.5897
vn 0.3452 0.7088 0.6152
vn 0.3653 0.6946 -0.6198
vn 0.3469 0.7246 -0.5955
vn 0.3160 0.4000 -0.8603
vn 0.2875 0.4513 -0.8448
vn 0.2667 0.0761 -0.9608
vn 0.2227 0.1384 -0.9650
vn 0.1580 -0.1856 -0.9699
vn 0.2292 -0.2482 -0.9412
vn 0.0984 0.1823 0.9783
vn 0.1376 0.1659 0.9765
vn 0.1427 0.4897 0.8601
vn 0.1709 0.4699 -0.8660
vn 0.1695 0.1435 -0.9750
vn 0.1303 0.1598 -0.9785
vn -0.0652 -0.4926 -0.8678
vn -0.0573 -0.1646 -0.9847
vn -0.0967 -0.1826 -0.9784
vn -0.2408 -0.1377 0.9608
vn -0.2232 -0.4788 -0.8491
vn -0.2094 -0.1598 -0.9647
vn -0.1556 -0.1844 -0.9704
vn 0.0340 -0.5086 -0.8604
vn 0.0346 0.1801 0.9830
vn 0.0172 0.1725 0.9849
vn 0.0259 0.4995 0.8659
vn 0.0543 0.4795 -0.8759
vn 0.0494 0.1498 -0.9875
vn 0.0668 0.1574 -0.9853
vn -0.1338 0.1844 0.9737
vn -0.3729 0.3800 0.8465
vn -0.3419 0.4922 0.8005
vn -0.3449 0.3603 -0.8667
vn -0.1019 0.1619 -0.9815
vn -0.3154 0.4735 -0.8224
vn -0.2378 -0.0423 0.9704
vn -0.5028 -0.0583 0.8624
vn -0.4972 0.0032 0.8676
vn -0.6142 -0.1359 0.7773
vn -0.4686 -0.0169 -0.8832
vn -0.4744 -0.0783 -0.8768
vn -0.2060 -0.0647 -0.9764
vn -0.5886 -0.1540 -0.7936
vn 0.2091 -0.4669 0.8593
vn 0.2368 -0.4864 -0.8410
vn 0.1148 -0.4893 -0.8645
vn 0.0550 -0.1971 -0.9788
vn 0.0738 -0.5327 -0.8431
vn 0.2325 -0.5059 -0.8307
vn 0.0528 -0.4929 -0.8685
vn 0.1144 -0.1837 -0.9763
vn 0.0540 -0.1981 -0.9787
vn 0.0660 -0.1880 -0.9799
vn -0.2519 -0.9399 0.2306
vn -0.1730 -0.5097 -0.8428
vn -0.1988 -0.7713 -0.6046
vn -0.1110 0.1959 0.9743
vn -0.1102 0.1967 0.9743
vn -0.1550 0.1852 0.9704
vn -0.0908 0.5154 0.8521
vn -0.0997 0.5068 0.8563
vn -0.0759 0.7978 0.5981
vn -0.0811 0.7935 0.6031
vn -0.0561 0.7838 -0.6185
vn -0.0611 0.7794 -0.6235
vn -0.0627 0.4956 -0.8663
vn -0.0715 0.4869 -0.8705
vn -0.0791 0.1734 -0.9817
vn -0.0783 0.1742 -0.9816
vn -0.1232 0.1628 -0.9789
vn 0.1008 0.5121 0.8530
vn 0.1229 0.7829 0.6099
vn 0.1334 0.7760 0.6164
vn 0.1430 0.7687 -0.6234
vn 0.1288 0.4924 -0.8608
vn 0.1537 0.7617 -0.6294
vn 0.0718 -0.9719 0.2242
vn 0.0099 -0.9713 0.2375
vn -0.2529 -0.9413 -0.2234
vn 0.0254 -0.7958 -0.6050
vn 0.5320 0.8207 0.2084
vn 0.2667 0.7719 0.5771
vn 0.3023 0.7633 0.5709
vn 0.0083 0.6720 0.7405
vn 0.0437 0.6525 0.7565
vn -0.1756 0.6113 0.7716
vn -0.2769 0.5367 0.7970
vn -0.3483 0.5570 0.7539
vn -0.5804 0.5225 0.6246
vn -0.5715 0.5054 0.6465
vn -0.7907 0.5074 0.3427
vn -0.2559 0.7857 -0.5632
vn -0.0136 0.8173 -0.5761
vn -0.0158 0.8183 -0.5746
vn 0.0645 0.8735 -0.4826
vn 0.4328 0.8823 -0.1850
vn 0.4002 0.8943 -0.2002
vn 0.5209 0.8529 -0.0344
vn 0.3537 0.5519 0.7552
vn 0.5154 0.5299 0.6735
vn 0.0168 0.5709 0.8209
vn 0.2017 0.5094 0.8365
vn -0.2687 0.6412 0.7188
vn -0.0984 0.5444 0.8331
vn -0.4740 0.7179 0.5098
vn -0.4175 0.6179 0.6663
vn 0.9617 0.1730 0.2125
vn 0.9621 0.1763 0.2080
vn 0.8740 0.0789 0.4795
vn 0.8550 0.1669 0.4910
vn 0.4962 0.1055 0.8618
vn 0.4716 0.1584 0.8675
vn 0.1340 0.1906 0.9725
vn 0.0936 0.1461 0.9848
vn -0.1796 0.2345 0.9554
vn -0.2168 0.2007 0.9554
vn -0.5731 0.3381 0.7465
vn -0.6017 0.3184 0.7325
vn 0.9854 -0.0340 0.1668
vn 0.9870 -0.0265 0.1587
vn 0.8260 -0.1173 0.5513
vn 0.8227 -0.0649 0.5648
vn -0.2367 -0.0471 0.9704
vn -0.2431 -0.0559 0.9684
vn -0.6677 0.0229 0.7441
vn -0.8796 0.0733 0.4700
vn -0.8891 0.0652 0.4530
vn -0.9411 0.0861 0.3270
vn -0.2123 0.1947 -0.9576
vn -0.2206 0.1908 -0.9565
vn 0.0410 0.1521 -0.9875
vn 0.4973 0.0685 -0.8648
vn 0.9900 -0.0007 -0.1410
vn 0.9866 -0.0653 0.1497
vn 0.9866 -0.0653 0.1498
vn -0.8845 -0.0635 0.4622
vn -0.8845 -0.0635 0.4623
vn -0.9565 -0.0412 0.2887
vn -0.9566 -0.0412 0.2886
vn -0.9997 -0.0076 0.0244
vn -0.9997 -0.0075 0.0244
vn -0.9171 0.0421 -0.3964
vn -0.7841 0.0674 -0.6170
vn -0.7841 0.0676 -0.6170
vn -0.4670 0.0938 -0.8793
vn -0.2112 0.1010 -0.9722
vn 0.4984 0.0722 -0.8639
vn 0.8961 -0.4412 0.0479
vn -0.9993 -0.0330 0.0183
vn -0.9167 0.0097 -0.3994
vn -0.9162 0.0109 -0.4006
vn -0.7824 0.0594 -0.6200
vn -0.7838 0.0300 -0.6202
vn -0.4652 0.0476 -0.8839
vn -0.4640 0.0496 -0.8844
vn -0.2012 0.0191 -0.9794
vn -0.1984 0.0227 -0.9799
vn -0.7758 -0.4886 -0.3993
vn -0.7766 -0.4877 -0.3987
vn -0.5847 -0.3955 -0.7083
vn -0.5842 -0.3966 -0.7081
vn -0.3894 -0.3502 -0.8519
vn -0.3913 -0.3475 -0.8521
vn -0.1292 -0.2979 -0.9458
vn -0.1300 -0.3005 -0.9449
vn -0.7650 -0.5079 -0.3960
vn -0.7636 -0.5093 -0.3969
vn -0.5597 -0.4306 -0.7080
vn -0.5607 -0.4285 -0.7085
vn -0.3718 -0.4119 -0.8319
vn -0.3713 -0.4070 -0.8346
vn -0.1050 -0.3970 -0.9118
vn -0.1035 -0.3927 -0.9138
vn -0.6411 -0.6760 -0.3635
vn -0.6286 -0.6802 -0.3770
vn -0.4485 -0.5613 -0.6955
vn -0.4578 -0.5399 -0.7063
vn -0.3363 -0.5052 -0.7948
vn -0.2977 -0.5266 -0.7963
vn -0.0924 -0.4322 -0.8970
vn -0.0549 -0.4478 -0.8924
vn -0.1870 -0.7259 -0.6619
vn -0.1790 -0.7309 -0.6586
vn 0.0141 -0.6275 -0.7785
vn 0.0208 -0.6317 -0.7750
vn -0.1075 -0.8228 -0.5580
vn 0.1146 -0.8233 -0.5559
vn 0.0946 -0.8417 -0.5316
vn 0.0827 -0.9670 0.2409
vn 0.0115 -0.9708 0.2398
vn -0.2604 -0.9360 0.2367
vn -0.2446 -0.9450 -0.2170
vn -0.2176 -0.7571 -0.6160
vn 0.0303 -0.7922 -0.6096
vn 0.0296 -0.7922 -0.6096
vn 0.0935 -0.8013 -0.5909
vn 0.0902 -0.9723 -0.2157
vn 0.0789 -0.9758 -0.2037
vn 0.0845 -0.9763 -0.1994
vn -0.9828 0.1723 0.0671
vn -0.1712 -0.7404 -0.6500
vn -0.0054 -0.7912 -0.6116
vn 0.0034 -0.7909 -0.6120
vn -0.0216 -0.6601 -0.7509
vn 0.0418 -0.5908 -0.8058
vn -0.5171 -0.8504 -0.0969
vn -0.4402 -0.8812 -0.1726
vn -0.2839 -0.9471 -0.1499
vn -0.2786 -0.9502 -0.1393
vn -0.2481 -0.9652 -0.0823
vn -0.1022 -0.7732 -0.6259
vn -0.2058 -0.8405 -0.5012
vn -0.1333 -0.7714 -0.6223
vn 0.0150 -0.7381 -0.6745
vn 0.0065 -0.7380 -0.6748
vn -0.0657 -0.7454 -0.6634
vn -0.1014 -0.7735 -0.6257
vn 0.0842 -0.9521 -0.2940
vn 0.0346 -0.6480 -0.7609
vn 0.0420 -0.9375 -0.3454
vn -0.0772 -0.7960 -0.6004
vn 0.0536 -0.9907 -0.1255
vn 0.0738 -0.9887 -0.1308
vn 0.0223 -0.9812 -0.1916
vn 0.0659 -0.9905 -0.1211
vn -0.0454 -0.7972 -0.6020
vn -0.0373 -0.7404 -0.6712
vn -0.0547 -0.7414 -0.6688
vn -0.0029 -0.7292 -0.6843
vn 0.0582 -0.8609 -0.5054
vn 0.0508 -0.9656 -0.2550
vn -0.0205 -0.9343 -0.3558
vn -0.0012 -0.8615 -0.5078
vn 0.0326 -0.9660 -0.2564
vn 0.0976 -0.9343 -0.3428
vn -0.1922 -0.7293 -0.6566
vn -0.0951 -0.7375 -0.6686
vn -0.1029 -0.7435 -0.6607
vn -0.0193 -0.6601 -0.7509
vn 0.0463 -0.7462 -0.6642
vn -0.0322 -0.7994 -0.6000
vn -0.5255 -0.8453 -0.0964
vn -0.6739 -0.7094 -0.2065
vn -0.4637 -0.8242 -0.3252
vn -0.4257 -0.8491 -0.3129
vn -0.3499 -0.8494 -0.3950
vn 0.0253 -0.9402 -0.3397
vn -0.2364 -0.7395 -0.6303
vn -0.2481 -0.7149 -0.6537
vn -0.2287 -0.9323 -0.2803
vn 0.1983 -0.2264 0.9536
vn 0.0339 -0.1654 0.9856
vn -0.1286 -0.1601 0.9787
vn 0.0101 -0.7779 0.6283
vn 0.0094 -0.7779 0.6283
vn 0.0324 -0.5102 0.8594
vn 0.7196 0.5233 0.4565
vn 0.7145 0.5237 0.4639
vn 0.7162 0.5187 0.4669
vn 0.5966 0.6101 0.5214
vn 0.5969 0.6007 0.5318
vn 0.2107 0.7576 0.6178
vn 0.0890 0.6270 0.7739
vn 0.0362 0.7868 0.6162
vn -0.1689 0.7824 0.5994
vn -0.1654 0.7914 0.5885
vn -0.4026 0.7407 0.5378
vn -0.3999 0.7522 0.5237
vn -0.7618 0.5400 0.3578
vn -0.7597 0.5517 0.3442
vn -0.9704 0.2150 0.1102
vn -0.9698 0.2226 0.0995
vn -0.9994 0.0284 -0.0221
vn -0.9854 -0.1559 0.0683
vn -0.9870 -0.1127 -0.1144
vn -0.9169 -0.3242 -0.2326
vn -0.9171 -0.3236 -0.2330
vn -0.8752 -0.3990 -0.2734
vn -0.8426 -0.4735 -0.2566
vn -0.8098 -0.4877 -0.3262
vn -0.5394 -0.7171 -0.4413
vn -0.5373 -0.7081 -0.4582
vn -0.0297 -0.8585 -0.5119
vn 0.0125 -0.8902 -0.4554
vn 0.0427 -0.8563 -0.5147
vn 0.2554 -0.8370 -0.4840
vn 0.3635 -0.8541 -0.3721
vn 0.4109 -0.7967 -0.4433
vn 0.7759 -0.5715 -0.2670
vn 0.7774 -0.5735 -0.2585
vn 0.9426 -0.3221 -0.0876
vn 0.9427 -0.3218 -0.0880
vn 0.9930 -0.0041 0.1178
vn 0.9928 -0.0058 0.1194
vn 0.9710 0.1257 0.2035
vn 0.9700 0.1265 0.2076
vn 0.6399 0.4019 0.6550
vn 0.5058 0.5337 0.6778
vn 0.5380 0.4851 0.6894
vn 0.3690 0.5556 0.7451
vn 0.0931 0.7463 0.6590
vn 0.0763 0.7358 0.6729
vn -0.1533 0.7345 0.6610
vn -0.0884 0.7798 0.6197
vn -0.3913 0.7130 0.5818
vn -0.2853 0.7133 0.6401
vn -0.6955 0.4435 0.5653
vn -0.5268 0.5798 0.6215
vn -0.8533 0.1178 0.5080
vn -0.7266 0.3710 0.5783
vn -0.8872 -0.2894 0.3594
vn -0.8470 -0.0670 0.5274
vn -0.7778 -0.5142 0.3615
vn -0.8817 -0.3026 0.3619
vn -0.5710 -0.7493 0.3354
vn -0.7612 -0.5361 0.3651
vn -0.2671 -0.9264 0.2654
vn -0.4692 -0.8142 0.3421
vn 0.0079 -0.9657 0.2595
vn -0.0562 -0.9585 0.2794
vn 0.1988 -0.9344 0.2955
vn 0.2446 -0.9131 0.3263
vn 0.3808 -0.8488 0.3667
vn 0.5404 -0.7089 0.4533
vn 0.6905 -0.5350 0.4869
vn 0.7476 -0.3526 0.5628
vn 0.7853 -0.2426 0.5696
vn 0.7624 -0.0247 0.6466
vn 0.7631 0.0269 0.6457
vn 0.6863 0.2632 0.6780
vn 0.4378 0.4944 0.7509
vn 0.4865 0.4590 0.7434
vn 0.3977 0.5806 0.7105
vn 0.4463 0.5634 0.6952
vn 0.0867 0.7861 0.6120
vn 0.0934 0.7888 0.6075
vn -0.0910 0.7947 0.6001
vn -0.1060 0.7882 0.6062
vn -0.2920 0.7311 0.6166
vn -0.3194 0.7304 0.6038
vn -0.5187 0.5739 0.6337
vn -0.5451 0.5220 0.6560
vn -0.6559 0.3672 0.6595
vn -0.6617 0.2921 0.6905
vn -0.6813 -0.0636 0.7292
vn -0.7488 -0.1404 0.6477
vn -0.4039 -0.4283 0.8083
vn -0.1697 -0.5373 0.8261
vn -0.1397 -0.6043 0.7845
vn -0.0739 -0.5443 0.8356
vn -0.0567 -0.5598 0.8267
vn 0.0191 -0.5352 0.8445
vn -0.0049 -0.5293 0.8484
vn 0.0626 -0.5082 0.8590
vn 0.0328 -0.5612 0.8270
vn 0.3546 -0.2275 0.9069
vn 0.3617 -0.3076 0.8801
vn 0.4676 -0.0331 0.8833
vn 0.5059 -0.1098 0.8556
vn 0.5144 0.2847 0.8089
vn 0.5011 0.2120 0.8390
vn 0.0240 0.1093 0.9937
vn 0.0210 0.1116 0.9935
vn -0.0069 0.1220 0.9925
vn 0.0057 0.1232 0.9924
vn -0.0790 0.0976 0.9921
vn -0.0623 0.1080 0.9922
vn -0.0243 0.1420 0.9896
vn -0.2352 -0.1436 0.9613
vn -0.1056 -0.5662 0.8175
vn -0.0566 -0.5881 0.8068
vn 0.0128 -0.5668 0.8238
vn 0.0227 -0.5550 0.8315
vn 0.1420 -0.2371 0.9611
vn 0.1319 -0.1318 0.9825
vn -0.0315 0.1795 0.9833
vn 0.1262 -0.1631 0.9785
vn 0.1262 -0.1632 0.9785
vn 0.0824 -0.1611 0.9835
vn 0.0825 -0.1611 0.9835
vn 0.0219 -0.1755 0.9842
vn -0.0894 -0.1419 0.9858
vn -0.1873 -0.1621 0.9688
vn -0.2510 -0.4592 0.8521
vn -0.2006 -0.4902 0.8482
vn -0.2187 -0.7573 0.6154
vn -0.2378 -0.7428 0.6258
vn 0.0054 -0.7817 0.6237
vn 0.0054 -0.7816 0.6237
vn 0.0739 -0.7875 0.6119
vn 0.0621 -0.7979 0.5996
vn 0.0621 -0.7979 0.5995
vn 0.0863 -0.4692 0.8789
vn 0.0230 -0.1745 0.9844
vn -0.6313 -0.1948 0.7507
vn -0.4158 -0.3969 0.8183
vn -0.2391 -0.3267 0.9144
vn 0.3857 0.8960 -0.2203
vn 0.3785 0.9010 0.2121
vn 0.4832 -0.7937 -0.3695
vn 0.4798 -0.7970 -0.3668
vn 0.4156 -0.6715 -0.6135
vn 0.0876 -0.2920 -0.9524
vn -0.1732 -0.1499 -0.9734
vn -0.1565 -0.1479 -0.9765
vn -0.3546 -0.0488 -0.9337
vn -0.3573 -0.0241 -0.9337
vn -0.7728 0.1155 -0.6241
vn -0.7774 0.1253 -0.6164
vn -0.9663 0.1816 -0.1822
vn -0.9671 0.1902 -0.1688
vn -0.9779 0.1857 0.0962
vn -0.9782 0.1785 0.1064
vn -0.9081 0.1367 0.3958
vn -0.9068 0.1239 0.4028
vn -0.4804 -0.0896 0.8725
vn -0.4734 -0.1096 0.8740
vn -0.1205 -0.2656 0.9565
vn -0.1483 -0.2891 0.9457
vn -0.1403 -0.3178 0.9377
vn 0.1756 -0.5810 0.7947
vn 0.1435 -0.5921 0.7930
vn 0.9879 -0.1053 -0.1142
vn 0.9642 -0.0666 -0.2568
vn 0.8176 -0.0478 -0.5738
vn 0.7793 -0.0081 -0.6266
vn -0.0206 0.1364 -0.9904
vn -0.0695 0.1580 -0.9850
vn -0.2420 0.1824 -0.9530
vn -0.2707 0.2280 -0.9353
vn -0.7108 0.2958 -0.6382
vn -0.7161 0.3038 -0.6284
vn -0.9254 0.3217 -0.2003
vn -0.9187 0.2660 -0.2919
vn -0.9461 0.2995 0.1230
vn -0.9481 0.2594 0.1839
vn -0.8579 0.2888 0.4249
vn -0.8578 0.2879 0.4258
vn -0.3370 0.1854 0.9231
vn -0.3808 0.2323 0.8950
vn 0.0272 0.0594 0.9979
vn -0.0200 0.1336 0.9908
vn 0.6174 -0.0611 0.7842
vn 0.5330 0.0116 0.8461
vn 0.7551 0.6555 0.0098
vn 0.7614 0.6479 0.0216
vn 0.6645 0.5663 -0.4876
vn 0.6814 0.5500 -0.4830
vn -0.0669 0.3548 -0.9326
vn -0.0547 0.3492 -0.9355
vn -0.2583 0.3294 -0.9082
vn -0.2461 0.3421 -0.9069
vn -0.6906 0.3884 -0.6101
vn -0.6846 0.3918 -0.6146
vn -0.8573 0.4126 -0.3080
vn -0.8577 0.4148 -0.3038
vn -0.8910 0.4077 0.1995
vn -0.8910 0.4086 0.1978
vn -0.8187 0.3978 0.4142
vn -0.8181 0.3930 0.4198
vn -0.3597 0.3682 0.8573
vn -0.3458 0.3777 0.8589
vn -0.0280 0.3901 0.9203
vn -0.0133 0.3577 0.9337
vn 0.5331 0.5839 0.6123
vn 0.5553 0.5582 0.6165
vn 0.7856 0.6187 0.0068
vn 0.7768 0.6295 -0.0201
vn 0.6773 0.5586 -0.4787
vn 0.6446 0.5854 -0.4917
vn -0.0354 0.6195 -0.7842
vn -0.0826 0.6109 -0.7874
vn -0.1598 0.6857 -0.7101
vn -0.2135 0.6602 -0.7201
vn -0.3997 0.8241 -0.4014
vn -0.4283 0.8212 -0.3770
vn -0.4399 0.8473 -0.2976
vn -0.4641 0.8372 0.2893
vn -0.4909 0.8288 0.2684
vn -0.2274 0.7292 0.6455
vn -0.2817 0.7185 0.6360
vn -0.0106 0.6219 0.7830
vn -0.0545 0.5431 0.8379
vn 0.5513 0.5797 0.6001
vn 0.5049 0.6203 0.6003
vn 0.1961 0.9552 0.2218
vn 0.2047 0.9715 -0.1199
vn -0.0744 0.8610 -0.5032
vn -0.1501 0.8473 -0.5095
vn -0.3639 0.8740 -0.3220
vn -0.4099 0.8821 0.2320
vn -0.1896 0.8867 0.4216
vn -0.0748 0.8937 0.4425
vn 0.2389 0.9698 0.0495
vn 0.3933 0.8894 -0.2330
vn 0.3933 0.8894 -0.2331
vn 0.1623 0.9582 -0.2358
vn 0.1670 0.9566 -0.2389
vn 0.1669 0.9566 -0.2390
vn 0.1594 0.9619 0.2222
vn 0.1549 0.9634 0.2188
vn 0.3858 0.8947 0.2253
vn 0.3858 0.8947 0.2252
vn 0.7110 0.6720 0.2072
vn 0.3332 -0.7056 -0.6254
vn 0.7176 0.6673 -0.1993
vn 0.0725 -0.3036 -0.9500
vn 0.2582 0.0595 -0.9642
vn 0.2146 0.1007 -0.9715
vn 0.1859 0.3946 -0.8999
vn 0.2014 0.3748 -0.9050
vn 0.1782 0.5646 -0.8059
vn 0.1482 0.5127 -0.8457
vn 0.0298 0.8869 -0.4611
vn -0.3567 0.9111 0.2068
vn -0.5128 0.8575 -0.0423
vn -0.4798 0.8764 -0.0411
vn -0.2346 0.9439 -0.2322
vn -0.2418 0.9489 0.2028
vn 0.9616 -0.2731 -0.0264
vn 0.9649 -0.2538 -0.0681
vn 0.9066 -0.2338 -0.3514
vn 0.9062 -0.1974 -0.3739
vn 0.6472 -0.2348 -0.7253
vn 0.5961 -0.1872 -0.7808
vn 0.5070 -0.3298 -0.7964
vn 0.3114 -0.3860 -0.8684
vn 0.3288 -0.4033 -0.8540
vn 0.2563 -0.6317 -0.7317
vn 0.0480 -0.7615 -0.6464
vn 0.3556 -0.8022 -0.4797
vn 0.0909 -0.9801 0.1764
vn 0.0905 -0.9758 0.1990
vn 0.2232 -0.9610 -0.1633
vn 0.2335 -0.6433 0.7291
vn 0.2481 -0.6324 0.7338
vn 0.0965 -0.4293 0.8980
vn 0.4196 -0.3773 0.8256
vn 0.3983 -0.3952 0.8278
vn 0.4389 -0.1997 0.8760
vn 0.9369 0.3420 0.0725
vn 0.9369 0.3422 0.0708
vn 0.9059 0.3057 -0.2931
vn 0.9050 0.3067 -0.2947
vn 0.5270 0.1223 -0.8410
vn 0.5269 0.1224 -0.8411
vn 0.1854 -0.0229 -0.9824
vn 0.1855 -0.0227 -0.9824
vn -0.4774 -0.2811 -0.8325
vn -0.4775 -0.2821 -0.8321
vn -0.9165 -0.3991 -0.0280
vn -0.9186 -0.3908 0.0593
vn -0.0209 0.0466 0.9987
vn -0.0208 0.0465 0.9987
vn 0.3347 0.1810 0.9248
vn 0.3348 0.1809 0.9247
vn 0.9020 0.4221 0.0900
vn 0.9014 0.4123 0.1324
vn 0.8958 0.3404 -0.2859
vn 0.9294 0.2741 -0.2469
vn 0.5297 0.1135 -0.8405
vn 0.5347 0.1328 -0.8345
vn 0.1580 0.0408 -0.9866
vn 0.1641 0.0607 -0.9846
vn -0.6287 -0.0774 -0.7738
vn -0.6077 -0.0076 -0.7942
vn -0.0762 0.1845 0.9799
vn -0.0609 0.2117 0.9754
vn 0.2986 0.2750 0.9139
vn 0.3056 0.3191 0.8971
vn 0.9271 0.3548 0.1211
vn 0.5285 0.1617 -0.8334
vn 0.5213 0.1701 -0.8362
vn 0.1408 0.1483 -0.9789
vn 0.1377 0.1310 -0.9818
vn -0.7004 0.2908 -0.6518
vn -0.7114 0.2412 -0.6601
vn -0.0883 0.3433 0.9351
vn -0.0964 0.3252 0.9407
vn 0.3030 0.3293 0.8943
vn 0.3001 0.3135 0.9009
vn -0.0729 0.9708 -0.2284
vn -0.1468 0.9505 -0.2740
vn -0.2045 0.9029 -0.3780
vn -0.3257 0.8887 -0.3225
vn -0.7392 0.4963 -0.4552
vn -0.7908 0.5323 -0.3021
vn -0.2162 0.8025 0.5561
vn -0.3136 0.8013 0.5094
vn -0.0201 0.9194 0.3928
vn -0.1184 0.9051 0.4083
vn -0.3157 0.9486 -0.0239
vn -0.3739 0.9189 -0.1258
vn -0.7871 0.5503 -0.2785
vn -0.3427 0.8772 0.3362
vn -0.2440 0.9577 0.1526
vn -0.0653 0.9752 0.2114
vn -0.0580 0.9701 -0.2358
vn -0.0596 0.9694 -0.2383
vn -0.0597 0.9694 -0.2382
vn -0.2345 0.9440 -0.2322
vn -0.6812 0.7036 -0.2025
vn -0.6872 0.7077 0.1637
vn -0.0670 0.9746 0.2139
vn -0.0671 0.9746 0.2138
vn 0.2874 -0.9452 -0.1548
vn -0.6872 0.7078 0.1640
vn -0.6871 0.7078 0.1639
vn -0.2887 0.7689 0.5705
vn -0.2416 0.9490 0.2027
vn -0.2117 0.8119 0.5441
vn -0.5860 0.6517 0.4816
vn 0.4072 -0.8296 0.3820
vn 0.2939 -0.6577 0.6936
vn -0.9212 -0.3854 0.0541
vn -0.9892 -0.1132 0.0927
vn -0.4136 -0.1196 0.9026
vn -0.4139 -0.1209 0.9023
vn -0.9953 -0.0774 0.0583
vn -0.9209 0.3753 0.1051
vn -0.5521 0.0440 0.8326
vn -0.5255 0.1037 0.8445
vn 0.8963 0.3891 -0.2128
vn 0.9331 0.3136 -0.1762
vn -0.9261 0.3598 0.1135
vn -0.9588 0.2640 0.1050
vn -0.6532 0.4002 0.6428
vn -0.6655 0.3627 0.6523
vn -0.6831 0.4157 0.6005
vn 0.0118 0.9813 0.1924
vn 0.0013 0.9845 0.1755
vn -0.2513 0.9375 0.2409
vn -0.9704 0.2065 0.1251
vn -0.9684 0.2155 0.1259
vn -0.7604 0.4460 0.4721
vn -0.7543 0.4241 0.5011
vn -0.3310 0.3144 0.8897
vn -0.3307 0.3143 0.8899
vn -0.0953 -0.4423 0.8918
vn 0.0048 -0.6943 0.7197
vn -0.0290 -0.6918 0.7215
vn 0.0544 -0.9256 0.3746
vn 0.1438 -0.9520 0.2701
vn 0.0374 -0.9483 0.3153
vn -0.4511 0.7637 -0.4618
vn -0.4764 0.7560 -0.4488
vn -0.3247 0.9443 0.0539
vn -0.3352 0.6405 -0.6909
vn -0.3326 0.6410 -0.6917
vn -0.2788 0.8963 -0.3448
vn -0.4084 0.8281 -0.3839
vn -0.2825 0.9566 0.0710
vn -0.3066 0.9473 0.0928
vn -0.2025 0.9467 -0.2505
vn -0.2554 0.9276 -0.2726
vn -0.3038 0.9481 0.0940
vn -0.3111 0.9452 0.0990
vn -0.3330 0.9040 0.2681
vn 0.4901 0.8270 0.2756
vn 0.4913 0.8406 0.2280
vn 0.7290 0.5707 0.3779
vn 0.8020 0.5226 0.2893
vn 0.8131 0.5235 0.2546
vn -0.1865 -0.1191 0.9752
vn -0.3242 -0.1042 0.9402
vn -0.4128 0.8647 0.2862
vn -0.4471 0.8593 0.2483
vn -0.3183 0.9109 0.2627
vn -0.2825 0.9234 0.2601
vn -0.3074 0.9128 0.2687
vn -0.4692 0.2373 0.8506
vn -0.6347 0.7430 0.2122
vn 0.2870 0.3795 0.8796
vn -0.7215 -0.6835 -0.1110
vn -0.6862 -0.6965 0.2096
vn -0.6847 -0.6511 0.3276
vn -0.6503 -0.6699 0.3584
vn -0.5592 -0.5957 0.5766
vn -0.5590 -0.5889 0.5837
vn -0.3960 -0.4345 0.8089
vn -0.4020 -0.4341 0.8062
vn -0.0190 -0.0250 0.9995
vn -0.0216 -0.0144 0.9997
vn 0.1596 0.1909 0.9686
vn 0.0225 0.7162 0.6976
vn 0.0292 0.7248 0.6884
vn -0.5210 -0.7947 0.3114
vn -0.5221 -0.7944 0.3103
vn -0.4646 -0.6715 0.5772
vn -0.4645 -0.6715 0.5773
vn -0.3731 -0.4593 0.8061
vn -0.3729 -0.4592 0.8063
vn -0.1651 0.0781 0.9832
vn -0.1465 0.0892 0.9852
vn 0.3227 0.6360 0.7009
vn 0.4112 0.8778 0.2456
vn 0.3682 0.8999 -0.2339
vn 0.0526 0.4392 -0.8968
vn -0.2436 -0.0867 -0.9660
vn -0.2439 -0.0869 -0.9659
vn -0.5164 -0.7985 0.3094
vn -0.5172 -0.7983 0.3087
vn -0.4342 -0.6959 0.5720
vn -0.4349 -0.6962 0.5712
vn -0.3149 -0.5236 0.7916
vn -0.3167 -0.5243 0.7904
vn -0.0062 -0.0159 0.9999
vn -0.0039 -0.0146 0.9999
vn 0.6341 0.7534 -0.1743
vn 0.6337 0.7541 -0.1725
vn 0.3434 0.5804 -0.7384
vn 0.3427 0.5803 -0.7388
vn 0.1026 0.3882 -0.9158
vn 0.1020 0.3880 -0.9160
vn -0.3266 0.0096 -0.9451
vn -0.3270 0.0090 -0.9450
vn -0.7577 -0.5574 0.3396
vn -0.7576 -0.5578 0.3390
vn -0.6409 -0.4875 0.5929
vn -0.6412 -0.4880 0.5922
vn -0.4534 -0.3539 0.8180
vn -0.4539 -0.3540 0.8177
vn -0.0183 -0.0033 0.9998
vn -0.0186 -0.0040 0.9998
vn 0.4840 0.5531 0.6781
vn 0.4827 0.5474 0.6836
vn 0.6099 0.7719 -0.1792
vn 0.6341 0.7381 -0.2306
vn 0.2811 0.6407 -0.7145
vn 0.3357 0.6314 -0.6990
vn 0.0415 0.4486 -0.8928
vn 0.0658 0.4847 -0.8722
vn -0.8580 -0.3864 0.3384
vn -0.8563 -0.3667 0.3638
vn -0.7510 -0.3210 0.5770
vn -0.5572 -0.1895 0.8085
vn -0.1078 0.0651 0.9920
vn -0.0865 0.1121 0.9899
vn 0.4326 0.5823 0.6883
vn 0.4437 0.6186 0.6485
vn 0.5541 0.7951 -0.2465
vn 0.6067 0.7316 -0.3110
vn 0.3170 0.6541 -0.6868
vn 0.3528 0.7892 -0.5026
vn 0.0265 0.5381 -0.8424
vn 0.1390 0.6259 -0.7674
vn -0.0697 0.5154 -0.8541
vn -0.3517 0.3148 -0.8816
vn -0.9342 -0.0530 0.3527
vn -0.9123 -0.0178 0.4092
vn -0.5107 0.1202 0.8513
vn -0.1538 0.1893 0.9698
vn -0.0470 0.2911 0.9555
vn 0.4168 0.6419 0.6436
vn 0.4281 0.6637 0.6133
vn 0.5243 0.7916 -0.3137
vn 0.5289 0.7840 -0.3249
vn 0.3548 0.7864 -0.5056
vn 0.4413 0.7387 -0.5095
vn 0.1069 0.7169 -0.6889
vn 0.1734 0.7498 -0.6385
vn -0.2435 0.6135 -0.7512
vn -0.3521 0.6003 -0.7181
vn -0.2882 0.6164 -0.7328
vn -0.8050 0.4667 0.3663
vn -0.7782 0.4901 0.3926
vn -0.6859 0.4879 0.5400
vn -0.1350 0.5190 0.8440
vn -0.0628 0.5725 0.8175
vn 0.2191 0.8160 0.5349
vn 0.2356 0.9257 -0.2960
vn 0.2724 0.9361 -0.2225
vn 0.1151 0.9085 -0.4018
vn -0.2453 0.7756 -0.5815
vn -0.7841 0.4789 0.3946
vn -0.1103 0.7388 0.6648
vn -0.7676 0.4932 0.4093
vn -0.9872 0.1342 0.0866
vn -0.9872 0.1341 0.0866
vn -0.8778 0.4503 0.1635
vn -0.8117 0.4047 0.4212
vn -0.7923 0.4136 0.4484
vn -0.6142 0.7043 0.3560
vn -0.6143 0.7043 0.3560
vn 0.4456 0.6079 0.6571
vn -0.8065 0.4898 0.3312
vn -0.7958 0.5037 0.3362
vn 0.4598 0.5738 0.6777
vn -0.9074 0.1831 -0.3783
vn -0.7484 -0.6496 -0.1334
vn -0.5704 -0.8030 -0.1731
vn 0.2272 0.3484 0.9094
vn 0.2202 0.3732 0.9013
vn -0.0107 0.5579 0.8299
vn 0.4240 0.8675 0.2600
vn -0.4363 -0.3286 -0.8376
vn -0.3978 -0.3722 -0.8386
vn -0.5727 -0.8008 -0.1756
vn -0.5731 -0.8005 -0.1755
vn 0.0308 0.5636 0.8255
vn 0.2162 0.3979 0.8916
vn 0.3224 0.6532 0.6851
vn 0.5446 0.5350 0.6459
vn 0.5273 0.5258 0.6675
vn -0.1317 0.1097 -0.9852
vn -0.1301 0.1100 -0.9854
vn -0.1675 0.1464 -0.9749
vn -0.4004 -0.3732 -0.8369
vn -0.5429 -0.1894 -0.8182
vn -0.5736 -0.7999 -0.1762
vn -0.8300 -0.5458 -0.1145
vn 0.2235 0.3984 0.8896
vn 0.3175 0.2939 0.9016
vn 0.6582 0.7259 0.1996
vn 0.6668 0.7144 0.2119
vn -0.1676 0.1456 -0.9750
vn -0.2372 0.2126 -0.9479
vn -0.5432 -0.1895 -0.8180
vn -0.8299 -0.5462 -0.1142
vn -0.9275 -0.3670 -0.0716
vn 0.3164 0.2939 0.9020
vn 0.6780 0.7048 0.2089
vn 0.6935 0.6861 0.2199
vn -0.2288 0.2701 -0.9352
vn -0.2710 0.3324 -0.9034
vn -0.2169 0.4336 -0.8746
vn -0.4075 0.1082 -0.9068
vn -0.6676 0.0261 -0.7441
vn -0.5217 -0.0045 -0.8531
vn -0.9312 -0.3547 -0.0845
vn -0.9998 -0.0196 -0.0103
vn -0.6329 -0.1851 0.7517
vn -0.6856 -0.0163 0.7278
vn -0.7613 0.0002 0.6484
vn 0.2912 0.3229 0.9005
vn 0.2886 0.3959 0.8718
vn 0.7088 0.6716 0.2160
vn 0.7330 0.6418 0.2254
vn -0.6191 0.1552 -0.7698
vn -0.5936 0.1883 -0.7824
vn -0.9993 0.0027 -0.0369
vn -0.8590 0.5074 0.0687
vn 0.3271 0.3375 0.8826
vn 0.3585 0.5573 0.7489
vn 0.6650 0.7082 0.2370
vn 0.6628 0.7108 0.2356
vn 0.3290 0.9103 0.2513
vn -0.1288 0.6951 -0.7073
vn -0.1475 0.6963 -0.7024
vn -0.1466 0.8012 -0.5802
vn -0.5522 0.5825 -0.5965
vn -0.5008 0.6086 -0.6155
vn -0.4366 0.7263 -0.5309
vn -0.8528 0.5190 0.0582
vn -0.8644 0.4998 0.0541
vn -0.4344 0.5592 0.7061
vn -0.4932 0.5199 0.6975
vn -0.4558 0.6010 0.6565
vn 0.3683 0.5346 0.7606
vn 0.3939 0.6370 0.6626
vn 0.2691 0.8499 0.4530
vn 0.1878 0.8876 -0.4206
vn 0.0480 0.9942 -0.0964
vn -0.0447 0.9644 0.2605
vn 0.0624 0.5812 0.8113
vn -0.4199 -0.8661 0.2712
vn -0.3519 -0.9360 -0.0087
vn -0.3379 -0.9072 -0.2505
vn 0.0166 0.8450 -0.5345
vn 0.0062 0.9960 -0.0892
vn -0.0409 0.9781 0.2041
vn -0.0387 0.9636 0.2645
vn -0.5077 0.2718 0.8175
vn -0.5262 -0.7709 0.3588
vn -0.4029 -0.9099 0.0986
vn 0.0082 0.8353 -0.5497
vn 0.2357 0.7524 -0.6151
vn 0.0178 0.9976 -0.0667
vn -0.5519 -0.6666 0.5011
vn -0.4920 -0.4042 0.7711
vn -0.5734 -0.2709 0.7732
vn -0.4919 0.0846 0.8665
vn 0.0923 0.7586 -0.6450
vn 0.0930 0.7593 -0.6441
vn 0.0532 0.8927 -0.4475
vn 0.0538 0.8932 -0.4465
vn -0.0202 0.9938 -0.1094
vn -0.0082 0.9962 -0.0872
vn -0.0270 0.9968 -0.0752
vn -0.1136 0.9618 0.2490
vn -0.1143 0.9622 0.2474
vn -0.1120 0.9626 0.2465
vn -0.2789 0.5955 0.7534
vn -0.2798 0.5960 0.7526
vn -0.3550 0.0846 0.9310
vn -0.3563 0.0860 0.9304
vn -0.3500 -0.3926 0.8505
vn -0.3530 -0.3909 0.8500
vn -0.2664 -0.8289 0.4918
vn -0.1926 -0.8623 0.4683
vn -0.2318 -0.9084 0.3479
vn -0.1838 -0.9686 0.1677
vn -0.1539 -0.9763 0.1521
vn -0.1525 -0.9875 0.0404
vn -0.0812 -0.9718 -0.2212
vn -0.0472 -0.9625 -0.2673
vn 0.2616 0.4434 -0.8573
vn 0.3494 0.7345 -0.5817
vn 0.3503 0.7328 -0.5833
vn 0.3661 0.8530 -0.3720
vn 0.3671 0.8518 -0.3737
vn 0.3411 0.9399 -0.0165
vn 0.3412 0.9399 -0.0165
vn 0.2545 0.9164 0.3091
vn 0.2570 0.9148 0.3117
vn -0.0366 0.5915 0.8055
vn -0.0352 0.5890 0.8074
vn -0.3183 0.0852 0.9442
vn -0.3188 0.0875 0.9438
vn -0.5029 -0.4008 0.7658
vn -0.5084 -0.3930 0.7662
vn -0.5621 -0.7735 0.2928
vn -0.5699 -0.7666 0.2959
vn -0.5403 -0.8409 0.0303
vn -0.5432 -0.8389 0.0329
vn -0.4600 -0.8361 -0.2988
vn -0.4632 -0.8330 -0.3026
vn -0.3497 -0.7312 -0.5858
vn -0.3515 -0.7247 -0.5926
vn -0.2077 -0.5521 -0.8075
vn -0.2182 -0.5424 -0.8113
vn 0.7297 0.5639 -0.3867
vn 0.7402 0.5334 -0.4094
vn 0.7269 0.6519 -0.2158
vn 0.7367 0.6335 -0.2365
vn 0.6928 0.7180 0.0669
vn 0.6992 0.7122 0.0617
vn 0.6434 0.6914 0.3287
vn 0.6548 0.6740 0.3419
vn 0.5049 0.4362 0.7449
vn 0.5226 0.3837 0.7613
vn 0.3040 0.0429 0.9517
vn 0.3125 -0.0092 0.9499
vn 0.0920 -0.3144 0.9448
vn 0.1158 -0.3374 0.9342
vn -0.4072 -0.8286 0.3842
vn -0.4368 -0.8110 0.3893
vn -0.5306 -0.8468 0.0374
vn -0.5459 -0.8367 0.0447
vn -0.4866 -0.8195 -0.3028
vn -0.5130 -0.7975 -0.3176
vn -0.2695 -0.7492 -0.6050
vn -0.2826 -0.7259 -0.6271
vn 0.0658 -0.5495 -0.8329
vn 0.0365 -0.5340 -0.8447
vn 0.8532 0.4193 -0.3102
vn 0.8625 0.3565 -0.3592
vn 0.8493 0.5027 -0.1613
vn 0.8607 0.4662 -0.2046
vn 0.8191 0.5661 0.0929
vn 0.8282 0.5546 0.0813
vn 0.7930 0.5138 0.3272
vn 0.7698 0.5302 0.3554
vn 0.6674 0.2889 0.6864
vn 0.6774 0.1804 0.7131
vn 0.5239 -0.0495 0.8503
vn 0.5158 -0.1718 0.8393
vn 0.4467 -0.2626 0.8553
vn 0.5008 -0.3543 0.7897
vn -0.1865 -0.8587 0.4773
vn -0.1826 -0.8601 0.4764
vn -0.5190 -0.8531 0.0534
vn -0.5467 -0.8352 0.0605
vn -0.5257 -0.7892 -0.3176
vn -0.5973 -0.7258 -0.3412
vn -0.1444 -0.7600 -0.6337
vn -0.1652 -0.7333 -0.6595
vn 0.2961 -0.5225 -0.7995
vn 0.3180 -0.5332 -0.7839
vn 0.9335 0.2324 -0.2730
vn 0.9199 0.1379 -0.3670
vn 0.9418 0.3084 -0.1339
vn 0.9432 0.2557 -0.2121
vn 0.9250 0.3648 0.1063
vn 0.9332 0.3490 0.0853
vn 0.8966 0.3031 0.3228
vn 0.8716 0.3226 0.3692
vn 0.7575 0.0967 0.6456
vn 0.7182 -0.0711 0.6922
vn 0.6014 -0.2023 0.7729
vn 0.5161 -0.3994 0.7577
vn 0.5769 -0.3377 0.7437
vn 0.5688 -0.5286 0.6301
vn 0.0063 -0.8653 0.5013
vn 0.1079 -0.8929 0.4371
vn -0.5064 -0.8593 0.0714
vn -0.5204 -0.8507 0.0742
vn -0.6096 -0.7157 -0.3409
vn -0.7527 -0.5450 -0.3694
vn -0.0190 -0.7644 -0.6445
vn -0.0203 -0.7618 -0.6475
vn 0.3832 -0.5312 -0.7556
vn 0.4457 -0.6015 -0.6630
vn 0.9612 -0.0402 -0.2729
vn 0.9454 -0.0868 -0.3141
vn 0.9908 0.0160 -0.1346
vn 0.9852 -0.0124 -0.1711
vn 0.9935 0.0573 0.0987
vn 0.9952 0.0451 0.0874
vn 0.9527 -0.0012 0.3039
vn 0.9446 0.0156 0.3277
vn 0.7797 -0.1896 0.5967
vn 0.7507 -0.2738 0.6012
vn 0.5600 -0.4278 0.7095
vn 0.5162 -0.5128 0.6860
vn 0.4881 -0.5330 0.6911
vn 0.4972 -0.6089 0.6181
vn -0.1375 -0.8838 0.4473
vn -0.0852 -0.9041 0.4187
vn -0.4731 -0.8771 0.0822
vn -0.4618 -0.8835 0.0783
vn -0.5386 -0.7557 -0.3726
vn -0.5726 -0.7240 -0.3847
vn -0.1182 -0.7314 -0.6716
vn -0.1169 -0.7340 -0.6690
vn 0.2687 -0.5738 -0.7737
vn 0.3076 -0.6144 -0.7266
vn 0.9469 -0.1842 -0.2636
vn 0.9857 -0.0628 -0.1561
vn 0.9931 0.0790 0.0870
vn 0.9469 -0.0103 0.3214
vn 0.7828 -0.4018 0.4752
vn 0.6523 -0.6160 0.4416
vn 0.6649 -0.5942 0.4525
vn 0.5842 -0.7645 0.2724
vn 0.5680 -0.8118 0.1355
vn 0.5796 -0.8124 -0.0632
vn 0.6412 -0.7364 -0.2156
vn 0.7033 -0.6367 -0.3162
vn 0.2786 0.4134 -0.8669
vn 0.6772 0.3425 -0.6513
vn 0.2009 0.2972 -0.9334
vn 0.7052 0.2902 -0.6469
vn 0.8144 0.2313 -0.5323
vn 0.8447 0.1054 -0.5247
vn 0.8770 0.0714 -0.4751
vn 0.8562 -0.1364 -0.4984
vn 0.8655 -0.1577 -0.4754
vn 0.8424 -0.2617 -0.4710
vn 0.8604 -0.3713 -0.3491
vn 0.4270 -0.1425 0.8930
vn 0.0371 -0.4179 0.9078
vn 0.6201 0.7281 0.2922
vn 0.6028 0.7430 0.2907
vn -0.2565 0.7879 0.5598
vn -0.7652 0.4758 0.4337
vn -0.7530 0.4945 0.4341
vn -0.8139 0.4288 0.3920
vn -0.7819 0.4896 0.3860
vn -0.9866 0.0995 -0.1296
vn 0.9153 0.2703 -0.2986
vn 0.7490 0.6618 0.0315
vn 0.7593 0.6481 -0.0595
vn 0.5480 0.8273 0.1232
vn 0.5525 0.8239 0.1261
vn 0.3163 0.9132 0.2569
vn 0.3180 0.9223 0.2198
vn -0.7535 0.4959 0.4317
vn -0.7635 0.4734 0.4392
vn -0.7783 0.4226 0.4643
vn -0.8133 0.4082 0.4147
vn -0.9570 0.0332 0.2882
vn -0.9683 0.0235 0.2486
vn -0.9578 -0.2838 0.0450
vn -0.9585 -0.2790 0.0584
vn -0.8678 -0.4752 -0.1452
vn 0.8931 -0.4139 -0.1761
vn 0.8917 -0.4160 -0.1785
vn 0.8786 -0.4403 -0.1849
vn 0.8778 -0.4424 -0.1835
vn 0.9966 0.0709 -0.0429
vn 0.9963 0.0718 -0.0468
vn 0.8683 0.4725 0.1511
vn 0.8683 0.4726 0.1508
vn 0.6030 0.7260 0.3308
vn 0.6046 0.7236 0.3330
vn 0.4025 0.7994 0.4461
vn 0.4030 0.7988 0.4467
vn -0.5848 0.3431 0.7351
vn -0.5847 0.3397 0.7367
vn -0.6673 0.2005 0.7173
vn -0.6698 0.2006 0.7149
vn -0.7668 -0.1773 0.6169
vn -0.7710 -0.1773 0.6116
vn -0.6681 -0.6214 0.4092
vn -0.6714 -0.6217 0.4034
vn -0.5625 -0.7669 0.3088
vn -0.5636 -0.7681 0.3041
vn -0.3143 -0.9397 0.1347
vn -0.3164 -0.9400 0.1279
vn -0.1962 -0.9778 0.0738
vn -0.1954 -0.9783 0.0691
vn 0.1541 -0.9850 -0.0770
vn 0.1522 -0.9853 -0.0772
vn 0.1925 -0.9772 -0.0901
vn 0.1887 -0.9779 -0.0904
vn 0.3616 -0.9217 -0.1404
vn 0.3586 -0.9219 -0.1467
vn 0.5220 -0.8347 -0.1754
vn 0.5178 -0.8369 -0.1773
vn 0.8148 0.0134 -0.5796
vn 0.8227 0.0331 -0.5674
vn 0.7557 -0.3205 -0.5711
vn 0.7662 -0.3093 -0.5632
vn 0.7726 0.4137 -0.4816
vn 0.8110 0.4194 -0.4079
vn 0.6088 0.7571 -0.2371
vn 0.6029 0.7788 -0.1733
vn 0.4708 0.8779 -0.0875
vn 0.4674 0.8815 -0.0676
vn 0.2386 0.9703 0.0394
vn 0.2337 0.9706 0.0582
vn -0.8230 0.5246 0.2178
vn -0.8017 0.5493 0.2358
vn -0.8390 0.5183 0.1659
vn -0.8089 0.5460 0.2179
vn -0.9912 0.1159 0.0637
vn -0.9828 0.1234 0.1373
vn -0.9745 -0.2241 0.0089
vn -0.9739 -0.2261 0.0197
vn -0.7908 -0.6117 0.0230
vn -0.7932 -0.6088 -0.0145
vn -0.2129 -0.9550 0.2063
vn -0.3435 -0.9391 0.0131
vn 0.1205 -0.9436 0.3085
vn 0.0821 -0.9801 0.1808
vn 0.1880 -0.9221 0.3381
vn 0.1447 -0.9346 0.3250
vn 0.1337 -0.9344 0.3303
vn 0.0648 -0.9483 0.3108
vn 0.2397 -0.9469 0.2141
vn 0.2397 -0.9688 -0.0630
vn 0.5594 -0.7724 -0.3006
vn 0.4803 -0.8188 -0.3146
vn 0.6889 -0.4819 -0.5415
vn 0.7652 -0.6437 -0.0121
vn 0.7647 -0.6438 -0.0276
vn 0.8357 -0.5443 0.0736
vn 0.8291 -0.5533 0.0800
vn 0.9031 -0.3221 0.2839
vn 0.8874 -0.3524 0.2973
vn 0.8349 -0.1579 0.5273
vn 0.8321 -0.1755 0.5261
vn 0.5535 0.0380 0.8320
vn 0.5515 0.0155 0.8340
vn 0.4822 0.0551 0.8743
vn 0.4837 0.0456 0.8740
vn -0.0990 -0.1279 0.9868
vn -0.0970 -0.1448 0.9847
vn -0.2850 -0.2745 0.9184
vn -0.2752 -0.2969 0.9144
vn -0.4124 -0.4427 0.7962
vn -0.3797 -0.4671 0.7985
vn -0.4745 -0.7683 0.4296
vn -0.4485 -0.7842 0.4287
vn -0.4299 -0.8389 0.3337
vn -0.4105 -0.8473 0.3370
vn -0.2471 -0.9655 0.0827
vn -0.2627 -0.9630 0.0607
vn -0.1476 -0.9890 0.0093
vn -0.1517 -0.9884 -0.0049
vn 0.1096 -0.9861 -0.1246
vn 0.1051 -0.9864 -0.1264
vn 0.1259 -0.9833 -0.1312
vn 0.1187 -0.9837 -0.1349
vn 0.2719 -0.9493 -0.1579
vn 0.2699 -0.9450 -0.1845
vn 0.4111 -0.8966 -0.1644
vn 0.4044 -0.8974 -0.1764
vn 0.6090 -0.7847 -0.1157
vn 0.6018 -0.7892 -0.1228
vn 0.6490 -0.7490 -0.1333
vn 0.6340 -0.7655 -0.1099
vn 0.1336 -0.8379 0.5293
vn 0.4479 -0.6681 0.5942
vn 0.4719 -0.6762 0.5657
vn 0.5030 -0.6043 0.6179
vn 0.5217 -0.6044 0.6020
vn 0.4680 -0.1673 0.8678
vn 0.4927 -0.1433 0.8583
vn 0.4558 -0.1130 0.8829
vn 0.4573 -0.1296 0.8798
vn 0.1365 -0.3117 0.9403
vn 0.1150 -0.3245 0.9389
vn 0.0806 -0.5489 0.8320
vn 0.0565 -0.5600 0.8266
vn 0.1076 -0.5830 0.8053
vn 0.0802 -0.6024 0.7941
vn 0.2523 -0.8094 0.5303
vn 0.2449 -0.8252 0.5090
vn 0.2087 -0.7659 0.6082
vn 0.2112 -0.7789 0.5905
vn 0.3727 -0.8181 0.4379
vn 0.3755 -0.8254 0.4216
vn 0.4178 -0.8145 0.4024
vn 0.4250 -0.8163 0.3910
vn -0.0453 -0.8238 0.5650
vn 0.2332 -0.7836 0.5758
vn 0.2241 -0.7997 0.5570
vn 0.3142 -0.7250 0.6129
vn 0.3300 -0.7404 0.5855
vn 0.1414 -0.6378 0.7571
vn 0.2576 -0.6553 0.7101
vn 0.4344 -0.5216 0.7343
vn 0.2547 -0.6593 0.7074
vn 0.3018 -0.6107 0.7321
vn 0.1783 -0.8411 0.5107
vn 0.1859 -0.7899 0.5844
vn 0.2366 -0.9063 0.3502
vn 0.2772 -0.9160 0.2900
vn 0.2586 -0.8149 0.5188
vn 0.0541 -0.1445 0.9880
vn 0.0004 -0.4766 0.8791
vn 0.8143 -0.1121 0.5695
vn 0.8143 -0.1123 0.5695
vn 0.7918 0.6061 0.0756
vn 0.3901 0.8116 0.4349
vn 0.3952 0.8144 0.4251
vn 0.4346 -0.1240 0.8920
vn 0.0599 -0.0955 0.9936
vn 0.4253 -0.1089 0.8985
vn 0.0640 -0.0907 0.9938
vn 0.0541 -0.1446 0.9880
vn -0.9886 0.1245 0.0841
vn -0.9661 0.2524 0.0547
vn -0.2044 0.7795 0.5921
vn -0.2142 0.8424 0.4944
vn -0.2945 0.8743 0.3859
vn -0.2149 0.6816 0.6994
vn 0.0444 -0.9983 -0.0384
vn -0.2146 0.6814 0.6998
vn -0.3202 0.9317 0.1714
vn 0.0447 -0.9982 -0.0400
vn 0.2263 -0.9198 0.3207
vn 0.7228 -0.6615 -0.2002
vn 0.7210 -0.6612 -0.2073
vn 0.7188 -0.4990 -0.4841
vn 0.7306 -0.4668 -0.4983
vn -0.2761 0.9373 0.2129
vn 0.0105 -0.0683 0.9976
vn 0.2236 -0.9319 0.2855
vn 0.0327 -0.9944 -0.1008
vn 0.0027 -0.0578 0.9983
vn 0.0916 -0.3652 0.9264
vn 0.0322 -0.9938 -0.1060
vn 0.4475 -0.5176 0.7293
vn 0.4139 -0.7027 0.5787
vn 0.3109 -0.6826 0.6614
vn 0.0781 -0.3541 0.9319
vn 0.1695 -0.6708 0.7220
vn 0.3118 -0.8229 0.4751
vn 0.2262 -0.8514 0.4733
vn 0.1464 -0.8432 0.5173
vn 0.0120 -0.8290 0.5591
vn 0.1969 -0.9117 0.3606
vn -0.0641 -0.8307 0.5531
vn 0.0494 -0.9291 0.3665
vn -0.0865 -0.8279 0.5542
vn 0.0316 -0.8254 0.5636
vn -0.2388 -0.1353 0.9616
vn -0.2388 -0.1352 0.9616
vn 0.8824 0.3682 0.2930
vn 0.8850 0.3652 0.2888
vn 0.7615 0.5703 0.3080
vn 0.7616 0.5701 0.3081
vn 0.4306 0.8550 0.2891
vn 0.4305 0.8551 0.2890
vn 0.0744 0.9735 0.2163
vn 0.0659 0.9733 0.2199
vn 0.0189 0.9795 0.2004
vn -0.0259 0.9819 0.1877
vn -0.8496 0.4999 -0.1680
vn -0.8496 0.4998 -0.1682
vn -0.9379 0.1980 -0.2848
vn 0.8943 0.4123 0.1736
vn 0.9277 0.3512 0.1270
vn 0.8025 0.5865 0.1102
vn 0.8080 0.5763 0.1225
vn 0.4818 0.8737 0.0668
vn 0.4848 0.8713 0.0761
vn 0.1204 0.9927 -0.0064
vn 0.1340 0.9909 -0.0163
vn 0.0378 0.9922 0.1186
vn -0.0253 0.9979 -0.0600
vn -0.8343 0.5121 -0.2042
vn -0.8454 0.4961 -0.1979
vn -0.9199 0.2208 -0.3241
vn -0.9281 0.1820 -0.3249
vn 0.8034 -0.5947 0.0296
vn 0.9055 0.3422 0.2509
vn 0.9054 0.3423 0.2510
vn 0.7843 0.5894 0.1939
vn 0.7843 0.5890 0.1947
vn 0.4814 0.8722 0.0870
vn 0.4815 0.8721 0.0875
vn 0.1331 0.9910 -0.0122
vn 0.1329 0.9911 -0.0121
vn -0.0295 0.9981 -0.0549
vn -0.0287 0.9982 -0.0526
vn -0.8431 0.4961 -0.2077
vn -0.8431 0.4960 -0.2078
vn -0.9653 0.1653 -0.2022
vn -0.9653 0.1651 -0.2024
vn -0.9769 0.0848 -0.1962
vn -0.9770 0.0847 -0.1959
vn -0.9303 -0.3425 -0.1315
vn -0.9298 -0.3432 -0.1328
vn -0.7887 -0.6119 -0.0597
vn -0.7879 -0.6127 -0.0619
vn -0.5515 -0.8336 0.0320
vn -0.5506 -0.8342 0.0312
vn -0.2130 -0.9677 0.1350
vn -0.2131 -0.9677 0.1350
vn 0.4688 -0.8374 0.2809
vn 0.4698 -0.8381 0.2771
vn 0.6878 -0.6593 0.3037
vn 0.6887 -0.6599 0.3005
vn 0.9305 0.3552 -0.0896
vn 0.9150 0.3979 -0.0673
vn 0.8494 0.5209 -0.0843
vn 0.8404 0.5323 -0.1019
vn 0.5449 0.8177 -0.1856
vn 0.5375 0.8199 -0.1974
vn 0.1875 0.9400 -0.2851
vn 0.1836 0.9411 -0.2838
vn -0.7131 0.4647 -0.5249
vn -0.7097 0.5044 -0.4919
vn -0.8444 0.2022 -0.4960
vn -0.8430 0.2372 -0.4827
vn -0.8745 0.0213 -0.4846
vn -0.8892 0.0593 -0.4537
vn -0.8753 -0.2989 -0.3800
vn -0.8782 -0.2971 -0.3749
vn -0.7853 -0.6031 -0.1395
vn -0.7627 -0.6100 -0.2147
vn -0.5517 -0.8257 0.1174
vn -0.5242 -0.8497 0.0571
vn -0.2363 -0.9424 0.2370
vn -0.2362 -0.9422 0.2375
vn 0.5469 -0.8121 0.2037
vn 0.6341 -0.7718 0.0475
vn 0.8045 -0.5934 0.0262
vn 0.8048 -0.5931 0.0232
vn 0.4256 0.0602 0.9029
vn 0.4173 0.0379 0.9080
vn 0.1424 0.3468 0.9271
vn 0.1348 0.3232 0.9367
vn 0.0019 0.4425 0.8968
vn 0.0007 0.4266 0.9045
vn -0.1351 0.4811 0.8662
vn -0.1360 0.4804 0.8664
vn -0.5699 0.4817 0.6658
vn -0.8380 0.3184 0.4431
vn -0.8370 0.2956 0.4604
vn -0.9742 0.0236 0.2245
vn -0.9731 0.0084 0.2304
vn -0.9503 0.0966 0.2961
vn -0.9415 0.0826 0.3269
vn -0.9135 -0.4049 0.0409
vn -0.9055 -0.4190 0.0669
vn -0.7562 -0.6542 0.0117
vn -0.7537 -0.6568 -0.0235
vn -0.5245 -0.8507 0.0358
vn -0.5190 -0.8545 0.0225
vn -0.2088 -0.9711 0.1155
vn 0.2798 -0.9003 0.3335
vn 0.3155 -0.9030 0.2917
vn 0.5697 -0.7093 0.4153
vn 0.5204 -0.7217 0.4564
vn 0.2339 -0.0518 0.9709
vn 0.2870 -0.0696 0.9554
vn 0.1078 0.3073 0.9455
vn 0.0938 0.2568 0.9619
vn -0.0102 0.4111 0.9115
vn 0.0202 0.4245 0.9052
vn -0.1358 0.4815 0.8659
vn -0.1376 0.4803 0.8663
vn -0.8152 0.2685 0.5132
vn -0.8107 0.2157 0.5443
vn -0.8781 -0.0841 0.4711
vn -0.8958 -0.1078 0.4311
vn -0.8606 0.0790 0.5032
vn -0.8259 0.0360 0.5627
vn -0.6548 -0.4429 0.6124
vn -0.6811 -0.4857 0.5479
vn -0.4630 -0.5727 0.6765
vn -0.4734 -0.6208 0.6249
vn -0.3641 -0.5990 0.7132
vn -0.3493 -0.6219 0.7009
vn -0.3066 -0.6103 0.7304
vn -0.3052 -0.6117 0.7298
vn -0.5167 -0.5931 0.6174
vn -0.5020 -0.6415 0.5801
vn -0.1078 -0.5536 0.8257
vn -0.0104 -0.6424 0.7663
vn -0.2188 -0.2953 0.9300
vn -0.2171 -0.2850 0.9336
vn -0.3766 -0.0711 0.9236
vn -0.3764 -0.0617 0.9244
vn -0.3118 -0.1306 0.9411
vn -0.3170 -0.1326 0.9391
vn -0.2381 -0.1610 0.9578
vn -0.2380 -0.1610 0.9578
vn -0.6586 -0.1098 0.7444
vn -0.5238 -0.0396 0.8509
vn -0.5265 -0.0270 0.8498
vn -0.6413 -0.2477 0.7262
vn -0.6443 -0.2374 0.7270
vn -0.5754 0.0098 0.8178
vn -0.5854 0.0206 0.8105
vn -0.5124 -0.4601 0.7251
vn -0.5065 -0.4502 0.7354
vn -0.4085 -0.5840 0.7015
vn -0.4076 -0.5750 0.7094
vn -0.3454 -0.6154 0.7085
vn -0.3486 -0.6116 0.7103
vn -0.3047 -0.6244 0.7192
vn -0.3050 -0.6242 0.7193
vn -0.5341 -0.6114 0.5838
vn -0.5348 -0.6042 0.5907
vn -0.2498 -0.5152 0.8198
vn -0.2631 -0.4978 0.8264
vn -0.3402 -0.3300 0.8805
vn -0.3315 -0.0273 0.9430
vn -0.3074 -0.1138 0.9447
vn -0.2383 -0.1640 0.9573
vn -0.6556 -0.1571 0.7386
vn -0.5604 -0.0023 0.8282
vn -0.5040 -0.2837 0.8158
vn -0.6161 0.0233 0.7873
vn -0.2925 -0.3909 0.8728
vn -0.2068 -0.4395 0.8741
vn -0.2385 -0.4306 0.8705
vn -0.3035 -0.4198 0.8554
vn -0.7256 -0.3652 0.5832
vn -0.4575 -0.3504 0.8173
vn -0.2389 -0.1355 0.9616
vn -0.6733 0.0162 0.7392
vn -0.6756 -0.0994 0.7305
vn -0.2041 -0.4580 0.8652
vn -0.6756 -0.0993 0.7306
vn -0.5097 0.8601 0.0202
vn -0.2096 -0.4660 0.8596
vn -0.0191 0.9797 0.1995
vn -0.5098 0.8600 0.0220
vn -0.5263 0.8491 0.0454
vn 0.9548 -0.2552 0.1521
vn 0.9549 -0.2573 0.1480
vn 0.9547 -0.2573 0.1492
vn -0.5267 0.8445 -0.0976
vn -0.4955 0.8538 -0.1596
vn 0.9568 -0.2537 0.1417
vn 0.9563 -0.2756 0.0972
vn -0.4956 0.8542 -0.1573
vn -0.2811 0.8305 -0.4809
vn -0.2695 0.8695 -0.4139
vn 0.9049 -0.2893 0.3121
vn 0.9052 -0.2896 0.3109
vn 0.1917 0.9300 -0.3136
vn 0.2346 0.9339 -0.2698
vn -0.5712 0.4839 0.6630
vn 0.9650 -0.2610 -0.0239
vn 0.9689 -0.2441 0.0396
vn 0.6488 -0.3415 0.6800
vn -0.7050 0.4396 0.5565
vn -0.7099 0.4231 0.5631
vn -0.7083 0.3942 0.5857
vn -0.7206 0.4107 0.5586
vn 0.5952 -0.3558 0.7205
vn 0.3068 -0.3388 0.8894
vn -0.5720 0.4760 0.6680
vn -0.5689 0.4725 0.6731
vn -0.6597 -0.1088 0.7436
vn 0.1503 -0.3633 0.9195
vn -0.2162 -0.2870 0.9332
vn -0.5920 -0.1016 0.7995
vn -0.5912 -0.0918 0.8013
vn -0.5835 -0.1084 0.8048
vn -0.1917 -0.2835 0.9396
vn -0.3192 -0.2464 0.9151
vn 0.0442 -0.2624 -0.9639
vn -0.6011 0.4818 0.6376
vn -0.6058 0.5628 0.5625
vn 0.0272 0.7535 0.6569
vn 0.0415 0.7328 0.6792
vn 0.5430 0.5441 0.6396
vn 0.5811 0.4890 0.6505
vn 0.7302 0.3540 0.5844
vn 0.7091 0.2612 0.6549
vn 0.7650 0.1739 0.6201
vn 0.7192 0.1337 0.6818
vn 0.7170 0.2393 0.6547
vn 0.5956 -0.0181 0.8031
vn 0.5731 0.1950 0.7960
vn 0.6212 0.0937 0.7781
vn 0.4726 0.0703 0.8785
vn 0.4767 0.0591 0.8771
vn -0.0771 0.4275 0.9007
vn -0.1023 0.4300 0.8970
vn -0.0686 0.1183 -0.9906
vn -0.6446 0.0211 0.7643
vn -0.6446 0.0353 0.7637
vn -0.7859 0.0377 0.6172
vn -0.8281 -0.2033 0.5224
vn -0.8684 -0.1494 0.4727
vn -0.9842 0.1015 -0.1449
vn -0.9712 0.1748 -0.1618
vn -0.7275 0.6858 0.0176
vn -0.6753 0.7348 -0.0642
vn 0.0824 0.9966 0.0037
vn 0.0779 0.9970 -0.0048
vn 0.7401 0.6638 -0.1078
vn 0.6694 0.7313 -0.1307
vn 0.9127 0.3965 -0.0986
vn 0.8583 0.4900 -0.1527
vn 0.9880 0.0544 -0.1444
vn 0.9746 0.1428 -0.1726
vn 0.8932 -0.3978 -0.2095
vn 0.6703 -0.7124 -0.2077
vn 0.7687 -0.5900 -0.2468
vn 0.1669 -0.9609 -0.2212
vn 0.1975 -0.9510 -0.2379
vn -0.4066 -0.8848 -0.2274
vn -0.5212 -0.8181 -0.2432
vn -0.8043 -0.5602 -0.1980
vn -0.8705 -0.4406 -0.2191
vn -0.9082 -0.3669 -0.2014
vn -0.9392 -0.2668 -0.2160
vn -0.9346 -0.2798 -0.2195
vn -0.9546 -0.1919 -0.2277
vn -0.8866 0.2455 -0.3921
vn -0.8446 0.3760 -0.3812
vn -0.7044 0.7076 0.0560
vn -0.5902 0.8014 -0.0967
vn 0.0797 0.9941 0.0739
vn 0.0626 0.9975 0.0327
vn 0.6137 0.7407 -0.2734
vn 0.5047 0.8210 -0.2668
vn 0.7917 0.5286 -0.3062
vn 0.6622 0.6650 -0.3453
vn 0.8495 0.2242 -0.4777
vn 0.7989 0.3710 -0.4735
vn 0.4614 -0.3937 -0.7951
vn 0.5424 -0.2653 -0.7972
vn 0.1145 -0.5344 -0.8374
vn 0.1367 -0.5131 -0.8474
vn -0.2727 -0.5029 -0.8202
vn -0.3820 -0.4458 -0.8095
vn -0.6103 -0.3511 -0.7101
vn -0.7003 -0.2205 -0.6789
vn -0.7469 -0.1843 -0.6389
vn -0.7936 -0.0489 -0.6064
vn -0.8082 -0.0318 -0.5881
vn -0.8307 0.0989 -0.5478
vn -0.7838 0.4189 -0.4584
vn -0.7692 0.4469 -0.4569
vn -0.6211 0.7833 -0.0274
vn -0.5950 0.8019 -0.0545
vn 0.0641 0.9963 0.0575
vn 0.0603 0.9969 0.0507
vn 0.5248 0.8180 -0.2353
vn 0.5043 0.8313 -0.2337
vn 0.6582 0.6666 -0.3500
vn 0.6275 0.6921 -0.3566
vn 0.6870 0.4292 -0.5864
vn 0.6672 0.4607 -0.5853
vn 0.2717 -0.0327 -0.9618
vn 0.2806 -0.0042 -0.9598
vn 0.0586 -0.1116 -0.9920
vn 0.0620 -0.1056 -0.9925
vn -0.1748 -0.0931 -0.9802
vn -0.1944 -0.0810 -0.9776
vn -0.4106 -0.0312 -0.9113
vn -0.4243 -0.0016 -0.9055
vn -0.5937 0.0785 -0.8009
vn -0.5968 0.1095 -0.7949
vn -0.7115 0.2153 -0.6689
vn -0.7105 0.2442 -0.6600
vn -0.3628 0.5830 -0.7270
vn -0.1576 0.7545 -0.6370
vn -0.0007 0.7797 -0.6262
vn 0.1191 0.7480 -0.6529
vn 0.1847 0.7184 -0.6707
vn 0.3500 0.5466 -0.7607
vn 0.3181 -0.0352 -0.9474
vn 0.0829 -0.2100 -0.9742
vn -0.2205 -0.1241 -0.9675
vn -0.4095 0.0074 -0.9123
vn -0.4814 0.1708 -0.8597
vn -0.4492 0.4196 -0.7888
vn 0.0394 0.0997 -0.9942
vn 0.0456 -0.2709 -0.9615
vn 0.0457 -0.2709 -0.9615
vn 0.0427 -0.0150 -0.9990
vn 0.0656 -0.0035 -0.9978
vn -0.8069 0.0922 0.5834
vn -0.8330 0.1691 0.5268
vn 0.0442 -0.3903 -0.9196
vn -0.5982 0.1702 0.7831
vn 0.0091 -0.3188 -0.9478
vn 0.0294 -0.3782 -0.9253
vn 0.0313 -0.4096 -0.9117
vn 0.1216 -0.4328 -0.8932
vn 0.9703 -0.1404 -0.1970
vn 0.9501 -0.2188 -0.2223
vn 0.7079 -0.1237 -0.6954
vn 0.7464 0.0289 -0.6648
vn 0.5065 0.1524 -0.8487
vn 0.5072 0.1851 -0.8417
vn 0.4111 0.2260 -0.8831
vn 0.0279 -0.8601 0.5094
vn 0.7861 -0.6179 0.0186
vn 0.0051 -0.9997 0.0238
vn -0.0418 -0.9656 0.2566
vn -0.0196 -0.9420 0.3350
vn 0.0432 -0.9121 0.4077
vn -0.0311 -0.9400 0.3396
vn 0.0225 -0.8607 0.5086
vn 0.6892 -0.5910 -0.4191
vn 0.6923 -0.6586 -0.2948
vn 0.6072 -0.6700 0.4270
vn -0.1546 -0.9446 0.2895
vn -0.0686 -0.9705 0.2312
vn -0.2121 -0.9735 0.0857
vn -0.0417 -0.9407 0.3368
vn -0.0301 -0.9735 0.2268
vn 0.0776 -0.8847 0.4597
vn 0.0379 -0.9128 0.4067
vn 0.8301 -0.5558 -0.0447
vn 0.7899 -0.6132 -0.0024
vn 0.7329 -0.6800 -0.0224
vn -0.0534 -0.9102 -0.4107
vn 0.0575 -0.9980 0.0274
vn 0.0524 -0.9397 0.3379
vn 0.1491 -0.9531 0.2634
vn -0.1154 -0.7207 0.6836
vn -0.0541 -0.7919 0.6083
vn -0.0135 -0.7852 0.6190
vn -0.0351 -0.7953 0.6053
vn 0.7097 -0.5111 -0.4849
vn 0.8125 -0.5829 -0.0102
vn 0.8004 -0.5992 0.0185
vn 0.4826 -0.7872 -0.3840
vn 0.4825 -0.8153 -0.3202
vn -0.1108 -0.9851 0.1318
vn 0.0498 -0.9987 0.0123
vn 0.0562 -0.9966 -0.0596
vn 0.0985 -0.9951 0.0018
vn 0.0388 -0.9901 -0.1347
vn 0.0584 -0.9950 -0.0808
vn 0.0460 -0.9893 -0.1385
vn 0.1127 -0.6255 -0.7720
vn 0.0374 -0.9985 0.0400
vn 0.2164 -0.9664 -0.1389
vn 0.2229 -0.9541 -0.1999
vn 0.1237 -0.9922 -0.0178
vn 0.1116 -0.9929 0.0422
vn 0.2490 -0.9556 -0.1577
vn 0.2453 -0.9605 -0.1317
vn 0.2127 -0.9735 -0.0840
vn 0.1797 -0.9797 -0.0883
vn 0.1796 -0.9797 -0.0890
vn 0.2566 -0.9647 -0.0599
vn 0.4136 -0.5582 -0.7193
vn 0.2581 -0.9658 -0.0233
vn 0.0009 -0.5101 -0.8601
vn 0.4742 -0.7400 -0.4770
vn 0.1600 -0.4940 -0.8546
vn 0.2809 -0.5583 -0.7807
vn 0.2682 -0.9632 -0.0153
vn 0.2516 -0.9587 -0.1324
vn 0.3341 -0.9352 -0.1172
vn 0.2628 -0.9645 -0.0272
vn 0.2593 -0.9657 -0.0130
vn 0.2819 -0.9594 0.0070
vn 0.5809 -0.7171 -0.3850
vn 0.3974 -0.9166 -0.0434
vn 0.4449 -0.7647 -0.4661
vn 0.4017 -0.4870 -0.7756
vn 0.4318 -0.4930 -0.7553
vn -0.0716 -0.6454 -0.7605
vn 0.0219 -0.6489 -0.7606
vn 0.0858 -0.9960 -0.0249
vn 0.0179 -0.9998 -0.0028
vn 0.1856 -0.9313 -0.3133
vn 0.5991 -0.3374 -0.7261
vn 0.4660 -0.5187 -0.7168
vn 0.1984 -0.6058 -0.7705
vn 0.3857 -0.4916 -0.7808
vn 0.3613 -0.3938 -0.8452
vn 0.2366 -0.9703 -0.0497
vn 0.0968 -0.9939 -0.0534
vn 0.0986 -0.9938 -0.0519
vn -0.0470 -0.9509 -0.3058
vn -0.0667 -0.9958 0.0624
vn -0.0558 -0.9816 0.1827
vn -0.0592 -0.9778 0.2012
vn 0.1269 -0.9744 -0.1854
vn 0.2693 -0.8924 -0.3620
vn -0.6286 -0.7614 -0.1588
vn -0.5321 -0.8014 -0.2732
vn -0.3191 -0.8769 -0.3595
vn -0.1000 -0.9390 -0.3289
vn -0.1358 -0.9173 -0.3743
vn -0.0785 -0.9426 -0.3246
vn -0.0810 -0.9362 -0.3419
vn -0.1113 -0.9831 -0.1451
vn -0.1219 -0.9615 -0.2464
vn -0.1336 -0.9576 -0.2554
vn -0.2977 -0.8946 -0.3333
vn -0.1702 -0.9161 -0.3629
vn -0.1901 -0.9057 -0.3789
vn -0.4551 -0.8684 -0.1970
vn -0.4538 -0.8706 -0.1903
vn -0.3160 -0.9239 -0.2158
vn -0.3404 -0.9138 -0.2216
vn -0.0927 -0.9942 0.0546
vn -0.0976 -0.9846 0.1452
vn -0.1103 -0.9922 0.0578
vn -0.1804 -0.9833 0.0239
vn -0.4117 -0.9035 -0.1192
vn -0.4371 -0.8906 -0.1258
vn -0.0873 -0.9778 0.1904
vn -0.1118 -0.9814 0.1559
vn -0.0876 -0.9785 0.1868
vn -0.0813 -0.9822 0.1692
vn 0.9646 -0.2006 -0.1710
vn 0.1468 -0.8095 -0.5685
vn 0.0185 -0.9680 -0.2505
vn 0.1254 -0.9882 0.0878
vn 0.0493 -0.9977 -0.0454
vn -0.3319 -0.9116 -0.2425
vn -0.1450 -0.9567 -0.2525
vn -0.1855 -0.9387 -0.2906
vn -0.1704 -0.9813 -0.0894
vn -0.1886 -0.9792 -0.0751
vn -0.3493 -0.9219 -0.1676
vn -0.3988 -0.9168 0.0188
vn -0.2432 -0.9675 0.0695
vn -0.2292 -0.9620 0.1483
vn 0.0550 -0.9717 -0.2296
vn 0.0386 -0.9797 -0.1967
vn 0.0458 -0.9905 -0.1294
vn 0.0491 -0.9946 -0.0914
vn -0.1004 -0.9916 0.0821
vn -0.0671 -0.9793 0.1909
vn -0.0867 -0.9853 0.1473
vn 0.1072 -0.9570 0.2696
vn -0.0801 -0.9823 0.1695
vn 0.2104 -0.9554 -0.2072
vn 0.2218 -0.9751 0.0069
vn 0.7044 0.3265 -0.6302
vn 0.2247 -0.6061 -0.7630
vn -0.1630 -0.8664 -0.4720
vn -0.5252 -0.8171 -0.2377
vn -0.3951 -0.8551 -0.3357
vn -0.4072 -0.8498 -0.3348
vn -0.2140 -0.8381 -0.5018
vn -0.2036 -0.8442 -0.4958
vn -0.1261 -0.9045 -0.4073
vn -0.1537 -0.8505 -0.5030
vn -0.0642 -0.9315 -0.3580
vn -0.0391 -0.9433 -0.3296
vn -0.0192 -0.9343 -0.3560
vn -0.0443 -0.9981 -0.0417
vn -0.1084 -0.9924 -0.0583
vn -0.0475 -0.9986 -0.0211
vn -0.1442 -0.9883 -0.0506
vn -0.4647 -0.7605 -0.4536
vn -0.2963 -0.7859 -0.5428
vn -0.2944 -0.8159 -0.4977
vn -0.4552 -0.8683 -0.1972
vn -0.5140 -0.8219 -0.2454
vn -0.5498 -0.8263 -0.1218
vn -0.3734 0.7669 -0.5219
vn -0.2217 0.8067 -0.5477
vn -0.3437 0.4890 -0.8017
vn -0.4327 0.6013 -0.6718
vn -0.3711 0.7322 -0.5712
vn -0.3490 0.7247 -0.5941
vn -0.3943 0.7244 -0.5655
vn -0.3790 0.7462 -0.5473
vn -0.3263 0.5850 -0.7425
vn -0.4306 0.6037 -0.6709
vn -0.3341 0.5819 -0.7415
vn -0.4428 0.6776 -0.5873
vn -0.4532 0.6717 -0.5860
vn -0.3318 0.6641 -0.6700
vn -0.3728 0.7667 -0.5227
vn -0.2280 0.8394 -0.4934
vn -0.2469 0.7900 -0.5613
vn -0.1263 0.7849 -0.6067
vn -0.0838 0.8001 -0.5940
vn -0.1174 0.7763 -0.6194
vn -0.1429 0.4498 -0.8816
vn -0.1887 0.5131 -0.8373
vn -0.2032 0.4680 -0.8601
vn -0.2443 0.4158 -0.8760
vn -0.3236 -0.0534 -0.9447
vn -0.2001 0.1854 -0.9621
vn -0.4542 0.7037 -0.5464
vn -0.4414 0.3624 -0.8209
vn -0.8730 -0.0286 -0.4869
vn -0.6965 -0.2654 -0.6667
vn -0.2066 -0.1883 -0.9601
vn -0.6627 -0.1572 -0.7322
vn -0.3638 -0.1662 -0.9165
vn -0.1804 -0.0121 -0.9835
vn -0.2552 -0.1182 -0.9596
vn -0.3042 -0.2088 -0.9295
vn -0.2996 0.2961 -0.9069
vn -0.5011 0.1920 -0.8438
vn -0.9064 0.2206 -0.3603
vn -0.7952 0.0986 -0.5983
vn -0.5656 -0.1398 -0.8127
vn -0.6488 0.2850 -0.7055
vn -0.5438 0.6201 -0.5655
vn -0.8392 0.2072 -0.5028
vn -0.6549 0.3515 -0.6690
vn -0.6360 0.3573 -0.6840
vn -0.6644 0.3375 -0.6669
vn -0.6231 0.4804 -0.6172
vn -0.6106 0.5838 -0.5351
vn -0.5562 0.5894 -0.5859
vn -0.6029 0.5801 -0.5477
vn -0.6319 0.5085 -0.5849
vn -0.7789 0.2622 -0.5696
vn -0.6503 0.5107 -0.5624
vn -0.7737 0.2564 -0.5794
vn -0.6507 0.3735 -0.6611
vn -0.3309 -0.0607 -0.9417
vn -0.2416 -0.0889 -0.9663
vn -0.2023 0.1752 -0.9635
vn -0.4586 0.6836 -0.5677
vn -0.3465 0.6593 -0.6673
vn -0.4132 0.6696 -0.6172
vn -0.3862 0.4743 -0.7911
vn -0.3829 0.5396 -0.7498
vn -0.4575 0.2188 -0.8619
vn -0.4616 0.2332 -0.8559
vn -0.4641 0.2756 -0.8418
vn -0.5217 0.1682 -0.8364
vn -0.8002 0.1684 -0.5756
vn -0.8760 0.2918 -0.3840
vn -0.9020 0.1889 -0.3883
vn -0.4542 -0.2604 -0.8520
vn -0.4629 -0.3042 -0.8326
vn -0.1797 -0.0115 -0.9837
vn -0.2494 0.1956 -0.9484
vn -0.7818 0.1938 -0.5927
vn -0.7820 0.2081 -0.5875
vn -0.7737 0.1838 -0.6064
vn -0.8370 0.1245 -0.5329
vn -0.8165 0.1962 -0.5430
vn -0.3856 -0.3055 -0.8706
vn -0.3656 -0.3002 -0.8810
vn 0.4464 0.8623 0.2391
vn -0.8106 0.5108 -0.2862
vn -0.8466 0.4979 -0.1880
vn -0.8162 0.5521 -0.1704
vn -0.7810 0.5819 -0.2267
vn -0.7170 0.6083 -0.3404
vn -0.4843 0.6992 -0.5259
vn -0.5386 0.3315 -0.7746
vn -0.0722 0.4854 -0.8713
vn 0.0912 0.8523 0.5151
vn 0.1607 0.8199 0.5494
vn 0.2166 0.9038 0.3691
vn 0.1782 0.6607 -0.7291
vn 0.1620 0.5526 -0.8175
vn 0.0686 0.6618 -0.7465
vn -0.4850 0.6990 -0.5255
vn -0.4831 0.7097 -0.5128
vn -0.5836 0.2348 -0.7774
vn -0.3207 0.3714 -0.8713
vn -0.1732 0.4116 -0.8948
vn 0.0069 0.6851 -0.7284
vn 0.1116 0.8389 -0.5328
vn -0.5991 0.7837 -0.1641
vn -0.6379 0.6948 -0.3321
vn -0.6539 0.6717 -0.3483
vn -0.4051 0.4213 -0.8114
vn -0.3955 0.7180 -0.5728
vn -0.2548 0.9650 -0.0621
vn -0.3043 0.9407 -0.1502
vn -0.2264 0.9731 0.0416
vn -0.2458 0.9599 0.1348
vn -0.2692 0.9488 0.1653
vn 0.3140 0.9488 -0.0341
vn -0.1905 0.7891 -0.5840
vn -0.3324 0.8224 -0.4617
vn -0.4073 0.7403 -0.5348
vn -0.0701 0.6601 -0.7479
vn -0.3545 0.9182 -0.1765
vn 0.0334 0.9182 -0.3947
vn 0.0189 0.9161 -0.4005
vn 0.0738 0.9464 0.3145
vn 0.5346 0.7982 0.2777
vn 0.5429 0.7865 0.2945
vn -0.8303 0.4645 0.3080
vn -0.8413 0.4820 0.2448
vn -0.7916 0.6000 0.1154
vn -0.7616 0.6247 0.1722
vn -0.7912 0.5629 -0.2393
vn -0.7864 0.5502 -0.2808
vn -0.7395 0.6284 -0.2414
vn -0.5128 0.6522 -0.5582
vn -0.6774 0.5486 -0.4900
vn -0.4668 0.6750 -0.5714
vn -0.3166 0.3760 -0.8709
vn -0.3321 0.2907 -0.8974
vn -0.2722 0.2195 -0.9369
vn -0.1108 0.2672 -0.9572
vn -0.3813 0.2538 -0.8889
vn 0.1267 0.4958 -0.8592
vn -0.0914 0.5079 -0.8566
vn 0.2141 0.6999 -0.6814
vn 0.2107 0.6500 -0.7302
vn 0.3293 0.9242 -0.1934
vn 0.3660 0.9023 -0.2278
vn 0.0462 0.9555 0.2914
vn 0.0465 0.8710 -0.4892
vn 0.0212 0.9701 -0.2417
vn 0.1169 0.8459 -0.5204
vn -0.5922 0.7868 -0.1740
vn -0.7330 0.6279 -0.2618
vn -0.7007 0.6414 -0.3125
vn -0.4845 0.7005 -0.5240
vn -0.4840 0.7002 -0.5248
vn -0.4612 0.6784 -0.5719
vn -0.4697 0.5926 -0.6544
vn -0.6608 0.4145 -0.6257
vn -0.4577 0.6031 -0.6532
vn -0.4580 0.6025 -0.6536
vn -0.1808 0.3706 -0.9110
vn -0.2864 0.2132 -0.9341
vn 0.2211 0.7012 -0.6778
vn 0.2195 0.7020 -0.6775
vn 0.4014 0.7226 -0.5627
vn 0.0038 -0.7533 -0.6577
vn -0.2496 -0.8864 -0.3898
vn 0.7303 -0.6815 -0.0463
vn -0.5050 -0.6600 -0.5562
vn -0.4518 -0.7021 -0.5505
vn -0.4229 -0.7267 -0.5413
vn -0.5732 -0.6164 -0.5399
vn 0.0513 -0.4941 -0.8679
vn -0.0036 -0.5574 -0.8302
vn -0.1868 -0.9027 -0.3876
vn -0.1554 -0.9389 -0.3072
vn -0.3393 -0.9061 -0.2528
vn -0.3133 -0.8830 -0.3494
vn 0.0992 -0.8692 -0.4845
vn 0.0189 -0.9412 -0.3372
vn 0.8398 0.5428 0.0063
vn 0.9612 0.2250 0.1597
vn -0.4089 -0.7259 -0.5530
vn 0.0518 -0.8110 -0.5828
vn 0.0050 -0.7923 -0.6101
vn -0.4204 0.7649 -0.4880
vn -0.0916 0.9797 0.1783
vn 0.5173 0.8337 0.1932
vn 0.5126 0.8434 0.1608
vn -0.2933 0.8554 -0.4269
vn -0.4202 0.8695 -0.2596
vn -0.5657 0.5224 -0.6380
vn -0.3652 0.7809 -0.5068
vn -0.2980 0.8551 -0.4243
vn -0.4418 0.7708 -0.4590
vn 0.8652 0.4942 -0.0844
vn 0.8920 0.4416 -0.0966
vn 0.8272 0.0422 -0.5603
vn 0.8899 0.1982 -0.4108
vn 0.9616 0.1384 -0.2371
vn 0.8687 0.4621 -0.1787
vn 0.9319 0.3112 -0.1865
vn 0.9222 0.3056 -0.2368
vn 0.8804 0.3794 -0.2845
vn 0.8725 0.2605 -0.4134
vn 0.8581 0.2814 -0.4294
vn 0.8627 0.2798 -0.4213
vn 0.8564 0.4998 -0.1292
vn 0.8782 0.4469 -0.1704
vn 0.8564 0.4433 -0.2647
vn 0.8649 0.4944 -0.0869
vn 0.8665 0.4921 -0.0836
vn 0.9832 0.1620 -0.0836
vn 0.9805 0.1840 -0.0694
vn 0.9875 -0.0091 -0.1573
vn 0.9903 -0.0252 -0.1365
vn 0.8369 0.0193 -0.5469
vn 0.8701 0.0452 -0.4907
vn 0.7111 0.0760 -0.6990
vn 0.7324 0.0816 -0.6759
vn -0.6413 0.2476 -0.7262
vn -0.5195 0.0709 -0.8515
vn -0.5242 0.0725 -0.8485
vn -0.5689 0.0597 -0.8203
vn -0.6183 0.0189 -0.7857
vn 0.6480 -0.4708 -0.5987
vn 0.1064 0.5156 -0.8502
vn 0.2160 0.5590 -0.8005
vn 0.4866 0.2785 -0.8280
vn -0.3241 0.4262 -0.8446
vn -0.3031 0.4815 -0.8224
vn -0.3043 0.4083 -0.8606
vn -0.4346 0.4617 -0.7733
vn -0.5390 0.4625 -0.7040
vn 0.5538 0.3331 -0.7631
vn 0.0017 0.7527 -0.6583
vn -0.6446 0.3433 -0.6831
vn -0.5813 0.3784 -0.7203
vn -0.2276 0.3841 -0.8948
vn 0.1331 0.4645 -0.8755
vn 0.0094 0.2617 -0.9651
vn 0.1460 0.4487 -0.8816
vn 0.3806 0.1859 -0.9059
vn 0.3866 0.1864 -0.9032
vn -0.2853 0.3557 -0.8900
vn -0.2340 0.3865 -0.8921
vn -0.1950 0.5098 -0.8379
vn 0.7196 0.5968 -0.3550
vn 0.5819 0.6996 -0.4145
vn 0.1898 0.5716 -0.7983
vn -0.5628 -0.5439 -0.6224
vn 0.9677 0.2508 -0.0274
vn 0.9519 0.3061 0.0139
vn 0.9634 0.2609 -0.0618
vn 0.9209 0.3108 -0.2350
vn 0.8106 0.1474 -0.5668
vn 0.7743 0.1385 -0.6175
vn 0.6341 -0.0418 -0.7722
vn 0.7907 0.2904 -0.5389
vn -0.5968 -0.5518 -0.5825
vn 0.8800 -0.3704 -0.2973
vn 0.9694 -0.2408 0.0478
vn 0.4308 0.6244 -0.6515
vn -0.0910 0.2173 -0.9719
vn 0.2019 0.4445 -0.8727
vn 0.0593 -0.8443 -0.5326
vn -0.3628 -0.5464 -0.7549
vn 0.9182 -0.3016 -0.2568
vn 0.8838 -0.3477 -0.3131
vn 0.9941 0.0730 0.0807
vn 0.9255 -0.3766 -0.0406
vn 0.9933 0.0802 0.0833
vn 0.7659 0.1240 -0.6309
vn 0.7440 0.1206 -0.6572
vn 0.7688 0.1188 -0.6284
vn 0.7684 0.1355 -0.6254
vn 0.9671 0.0929 -0.2369
vn 0.5244 -0.2182 -0.8230
vn 0.7717 -0.4714 -0.4268
vn 0.9599 0.0448 -0.2769
vn 0.7128 -0.4946 -0.4973
vn 0.9561 0.2844 -0.0708
vn 0.9720 0.2339 0.0227
vn 0.9899 0.1049 0.0955
vn 0.9682 0.2383 0.0757
vn 0.7095 -0.2188 -0.6698
vn 0.6495 -0.3602 -0.6696
vn 0.8353 -0.4248 -0.3491
vn 0.8096 0.2083 -0.5488
vn 0.8033 0.2151 -0.5554
vn 0.8959 0.1965 -0.3985
vn 0.9511 0.0388 -0.3065
vn 0.9113 0.3360 -0.2379
vn 0.7741 0.0413 -0.6317
vn 0.7645 0.1225 -0.6329
vn 0.8115 0.0837 -0.5783
vn 0.8694 0.1465 -0.4719
vn 0.7477 -0.0234 -0.6637
vn 0.9974 -0.0537 -0.0476
vn 0.9575 0.0674 -0.2804
vn 0.9737 0.2251 -0.0358
vn 0.8550 -0.0522 -0.5159
vn 0.7225 -0.2763 -0.6337
vn 0.8229 0.0216 -0.5678
vn 0.7645 -0.2496 -0.5944
vn 0.9580 -0.0017 -0.2867
vn 0.9589 0.0019 -0.2838
vn 0.9470 -0.2027 -0.2492
vn 0.5027 0.6726 -0.5430
vn 0.7198 0.5960 -0.3558
vn -0.0921 0.1872 -0.9780
vn -0.0878 0.1770 -0.9803
vn -0.1689 0.2222 -0.9602
vn 0.0261 -0.5698 -0.8214
vn -0.5245 -0.6306 -0.5720
vn -0.4663 -0.6854 -0.5593
vn -0.0043 -0.8168 -0.5770
vn 0.0198 -0.7864 -0.6175
vn 0.6987 -0.4595 -0.5483
vn 0.9191 0.3802 -0.1035
vn 0.9217 0.3873 0.0237
vn 0.9519 0.3060 0.0136
vn 0.9208 0.3728 -0.1150
vn 0.9655 0.2556 -0.0489
vn 0.9365 0.3506 0.0025
vn 0.9435 0.2828 -0.1729
vn 0.9163 0.1016 -0.3873
vn 0.8869 0.1572 -0.4343
vn 0.7161 0.0369 -0.6971
vn 0.7432 0.0915 -0.6628
vn 0.7537 -0.0056 -0.6572
vn 0.7121 0.0474 -0.7004
vn 0.6908 0.0548 -0.7209
vn 0.5083 -0.1314 -0.8511
vn 0.6255 0.0156 -0.7801
vn 0.5331 -0.2027 -0.8214
vn 0.4844 -0.1794 -0.8563
vn 0.5761 0.3186 -0.7527
vn -0.0019 0.8261 -0.5635
vn 0.4873 0.8456 -0.2181
vn 0.0683 0.5708 -0.8182
vn -0.1700 0.2548 -0.9519
vn 0.0293 0.2681 -0.9629
vn 0.0182 0.2833 -0.9589
vn -0.1229 0.2074 -0.9705
vn 0.0106 -0.7888 -0.6145
vn 0.1221 -0.8482 -0.5153
vn 0.3184 -0.8624 -0.3935
vn 0.3170 -0.8242 -0.4694
vn 0.7941 -0.5864 -0.1598
vn 0.1093 -0.8345 -0.5401
vn 0.9248 0.3746 0.0671
vn 0.9317 0.3556 0.0736
vn 0.9104 0.4061 0.0794
vn 0.9895 0.0892 -0.1140
vn 0.9604 0.2074 -0.1861
vn 0.6836 -0.3473 -0.6419
vn 0.6225 -0.1679 -0.7644
vn 0.8402 -0.4260 -0.3356
vn 0.7144 0.0278 -0.6991
vn 0.5539 0.5920 -0.5855
vn 0.1179 0.4434 -0.8885
vn 0.3762 0.4479 -0.8111
vn 0.6249 0.1568 -0.7648
vn 0.5833 0.1924 -0.7891
vn 0.0943 0.4753 -0.8748
vn 0.0733 0.3846 -0.9202
vn 0.0659 0.4017 -0.9134
vn 0.2192 0.2000 -0.9550
vn 0.4361 0.1266 -0.8910
vn 0.2404 0.4608 -0.8543
vn 0.6571 0.3091 -0.6875
vn 0.4618 0.2081 -0.8622
vn 0.5711 0.2214 -0.7904
vn 0.2141 0.2538 -0.9433
vn 0.0817 0.3819 -0.9206
vn 0.0932 0.3290 -0.9397
vn 0.1272 0.6609 -0.7396
vn 0.0276 0.4792 -0.8773
vn 0.6641 0.2573 -0.7019
vn 0.5298 0.1795 -0.8289
vn 0.2124 0.4399 -0.8725
vn 0.4990 0.2631 -0.8257
vn 0.2403 0.2952 -0.9247
vn 0.4630 0.2025 -0.8629
vn 0.5250 0.3565 -0.7728
vn 0.4554 0.5085 -0.7307
vn 0.2882 0.5146 -0.8075
vn 0.2247 0.4001 -0.8885
vn 0.1647 0.3690 -0.9147
vn 0.1521 0.4372 -0.8864
vn 0.6046 0.2821 -0.7449
vn 0.5660 0.2212 -0.7942
vn 0.6784 0.0518 -0.7329
vn 0.7439 0.1414 -0.6532
vn 0.7710 0.1760 -0.6120
vn 0.7696 0.1651 -0.6168
vn 0.4558 0.1271 -0.8810
vn 0.4669 0.0050 -0.8843
vn 0.2021 0.1781 -0.9630
vn -0.0682 0.0837 -0.9942
vn 0.0348 0.1409 -0.9894
vn 0.0578 0.3781 -0.9240
vn 0.0555 0.3990 -0.9152
vn 0.0641 0.3688 -0.9273
vn -0.4661 -0.4582 -0.7569
vn -0.5528 -0.4175 -0.7212
vn -0.3829 -0.7495 -0.5400
vn 0.7168 0.0682 -0.6939
vn 0.5292 0.1742 -0.8304
vn 0.7106 0.1120 -0.6947
vn -0.6398 -0.7685 -0.0133
vn -0.5685 -0.8024 -0.1818
vn -0.9366 0.1350 -0.3232
vn -0.9362 0.1362 -0.3240
vn -0.7577 -0.3045 0.5772
vn -0.8870 -0.1008 0.4507
vn -0.9085 -0.0980 0.4062
vn -0.8447 -0.5230 -0.1138
vn -0.7789 -0.6166 -0.1147
vn -0.5064 -0.8603 0.0587
vn -0.4886 -0.8533 -0.1820
vn -0.5146 -0.6067 -0.6060
vn -0.5718 -0.8192 -0.0438
vn -0.5795 -0.8146 -0.0237
vn -0.4691 -0.8748 -0.1212
vn -0.9717 0.1624 -0.1717
vn -0.9598 0.1961 -0.2008
vn -0.9728 0.1560 -0.1710
vn -0.5290 -0.8389 0.1283
vn -0.5015 -0.8651 0.0063
vn -0.8404 -0.4533 0.2971
vn -0.6841 -0.7258 0.0723
vn -0.7150 -0.6546 -0.2455
vn -0.6936 -0.7177 0.0622
vn -0.6675 -0.7142 0.2106
vn -0.5984 -0.7901 0.1326
vn -0.5830 -0.7980 0.1526
vn -0.5776 -0.7990 0.1673
vn -0.5614 -0.8177 0.1269
vn -0.8733 -0.4010 0.2767
vn -0.8168 -0.4153 0.4004
vn -0.8838 -0.4235 0.1991
vn -0.9363 -0.2456 -0.2510
vn -0.8310 -0.5444 -0.1145
vn -0.7265 -0.3567 -0.5874
vn -0.8614 -0.2930 -0.4148
vn -0.7427 -0.6669 -0.0601
vn -0.7211 -0.6898 -0.0637
vn -0.8175 -0.2240 0.5305
vn -0.8337 -0.2686 0.4824
vn -0.8149 -0.4165 0.4031
vn -0.9092 -0.0031 0.4164
vn -0.7608 -0.2856 0.5827
vn -0.8651 -0.4182 0.2770
vn -0.8030 -0.4364 0.4058
vn -0.7955 -0.5434 0.2682
vn -0.6472 -0.7275 0.2276
vn -0.6850 -0.7244 0.0783
vn -0.7711 -0.6365 0.0179
vn -0.8376 -0.5315 0.1264
vn -0.8074 -0.5710 0.1486
vn -0.8088 -0.5866 -0.0424
vn -0.7891 -0.6132 -0.0372
vn -0.7720 -0.6356 -0.0086
vn -0.8142 -0.5793 -0.0389
vn -0.8298 -0.5550 0.0587
vn -0.2465 -0.9630 0.1094
vn -0.2589 -0.9491 0.1794
vn -0.3696 -0.9118 -0.1789
vn -0.2627 -0.9635 -0.0519
vn -0.5649 -0.4445 -0.6953
vn -0.4437 -0.6039 -0.6622
vn -0.8533 -0.2857 -0.4362
vn -0.9565 0.1135 -0.2688
vn -0.9295 0.1110 -0.3518
vn -0.9319 0.1693 -0.3207
vn -0.8817 -0.0896 0.4632
vn -0.7932 -0.2897 0.5357
vn -0.9827 -0.0696 0.1718
vn -0.9565 -0.0396 0.2891
vn -0.9953 -0.0922 0.0309
vn -0.9972 -0.0393 -0.0630
vn -0.8390 -0.5320 -0.1142
vn -0.9310 -0.3625 -0.0427
vn -0.8302 -0.5451 -0.1166
vn -0.8180 -0.5616 -0.1242
vn -0.7335 -0.6581 -0.1699
vn -0.6997 -0.7013 -0.1361
vn -0.6731 -0.7120 -0.1999
vn -0.6604 -0.7383 -0.1373
vn -0.5205 -0.8536 0.0217
vn -0.4860 -0.8675 -0.1063
vn -0.4718 -0.8762 0.0987
vn -0.4655 -0.8808 0.0861
vn -0.7264 -0.5275 -0.4406
vn -0.7050 -0.5444 -0.4546
vn -0.6194 -0.5849 -0.5237
vn -0.6165 -0.4336 -0.6572
vn -0.8267 -0.3192 -0.4633
vn -0.8512 -0.3347 -0.4042
vn -0.8516 -0.2681 -0.4504
vn -0.8597 -0.2672 -0.4353
vn -0.9398 0.0547 -0.3372
vn -0.9545 0.2052 -0.2162
vn -0.7927 0.0723 0.6053
vn -0.6665 -0.2356 0.7073
vn -0.7368 -0.6683 -0.1025
vn -0.6847 -0.6948 -0.2200
vn -0.6007 -0.7806 -0.1728
vn -0.7092 -0.6933 0.1280
vn -0.5244 -0.8394 0.1430
vn 0.8173 0.3909 -0.4233
vn 0.8417 0.0716 -0.5352
vn 0.7343 -0.6349 -0.2400
vn 0.7601 -0.6255 -0.1763
vn 0.3540 -0.9321 -0.0766
vn 0.8288 -0.5574 0.0492
vn 0.5893 -0.6463 0.4848
vn 0.9250 0.2961 -0.2382
vn 0.9222 0.3842 -0.0445
vn 0.9688 0.2370 0.0724
vn 0.8650 -0.0063 0.5018
vn 0.7879 -0.0902 -0.6091
vn 0.6892 -0.1437 -0.7102
vn 0.8355 0.0759 -0.5443
vn 0.8114 0.2084 -0.5460
vn 0.9921 -0.0235 -0.1233
vn 0.5833 -0.7867 -0.2023
vn 0.5311 -0.8017 -0.2742
vn 0.4132 -0.9090 -0.0547
vn 0.5748 -0.7907 -0.2109
vn 0.5785 -0.7888 -0.2076
vn 0.7132 -0.3857 0.5853
vn 0.7152 -0.5737 0.3991
vn 0.7399 -0.5172 0.4302
vn 0.8853 -0.2841 0.3682
vn 0.4276 -0.9039 -0.0014
vn 0.6769 -0.7360 0.0039
vn 0.3937 -0.9183 -0.0408
vn 0.9374 -0.1065 -0.3315
vn 0.7703 -0.6220 -0.1403
vn 0.6944 -0.7162 0.0706
vn 0.8441 -0.5040 0.1832
vn 0.8377 -0.4175 0.3521
vn 0.8708 0.2516 -0.4225
vn 0.9058 0.2204 -0.3617
vn 0.8408 -0.1902 -0.5068
vn 0.7426 -0.3118 -0.5928
vn 0.6981 -0.3244 -0.6383
vn 0.8690 -0.1150 -0.4812
vn 0.6720 -0.3521 -0.6515
vn 0.6699 -0.3559 -0.6516
vn 0.5771 -0.3713 -0.7274
vn 0.7270 -0.6221 -0.2906
vn 0.8059 -0.4275 -0.4097
vn 0.3396 -0.9156 -0.2153
vn 0.5272 -0.7671 -0.3656
vn 0.3241 -0.9459 0.0161
vn 0.3840 -0.9224 -0.0413
vn 0.6951 -0.6807 0.2312
vn 0.8497 -0.5208 0.0822
vn 0.5793 -0.6689 0.4659
vn 0.6215 -0.5869 0.5189
vn 0.8580 0.5078 -0.0776
vn 0.7727 0.4990 -0.3923
vn 0.9149 0.3718 0.1570
vn 0.7445 -0.3171 0.5875
vn 0.5760 -0.3690 -0.7294
vn 0.6428 -0.1454 -0.7521
vn 0.6344 -0.2467 -0.7326
vn 0.6863 -0.6384 -0.3486
vn 0.2392 -0.9709 0.0105
vn 0.4554 -0.8823 0.1192
vn 0.3010 -0.9508 0.0734
vn -0.7271 -0.5641 -0.3912
vn -0.7564 -0.1022 -0.6461
vn 0.1000 -0.7788 0.6192
vn 0.0080 -0.8569 0.5154
vn 0.1066 -0.9186 0.3805
vn 0.1142 -0.9216 0.3709
vn 0.1035 -0.9407 0.3231
vn 0.0700 -0.9907 0.1166
vn 0.1199 -0.9907 0.0638
vn 0.1064 -0.9884 0.1086
vn 0.0371 -0.9930 0.1121
vn 0.0288 -0.9933 0.1115
vn 0.0745 -0.9951 0.0649
vn 0.1118 -0.9911 -0.0717
vn 0.1031 -0.9909 -0.0864
vn -0.3261 -0.6377 -0.6979
vn -0.4621 -0.1249 -0.8780
vn -0.4807 -0.1363 -0.8662
vn 0.1666 -0.6582 -0.7341
vn -0.5161 -0.1344 -0.8459
vn -0.7810 -0.4931 -0.3832
vn -0.7611 -0.5115 -0.3990
vn 0.1094 -0.9079 0.4046
vn 0.1411 -0.8108 0.5681
vn 0.1429 -0.8106 0.5679
vn 0.1035 -0.8731 0.4764
vn 0.1379 -0.9798 0.1451
vn 0.1471 -0.9804 0.1312
vn -0.6903 -0.5580 -0.4606
vn -0.7218 -0.5446 -0.4272
vn -0.7493 -0.5090 -0.4237
vn 0.2163 -0.9656 0.1441
vn 0.1393 -0.9759 0.1680
vn 0.0480 -0.9945 0.0926
vn 0.0598 -0.9911 0.1193
vn 0.1063 -0.9881 0.1114
vn 0.0892 -0.9960 0.0088
vn 0.0711 -0.9970 -0.0289
vn 0.1206 -0.8176 -0.5630
vn -0.0693 -0.9926 -0.1000
vn 0.1862 -0.9625 -0.1974
vn 0.0513 -0.9717 -0.2304
vn 0.1737 -0.9635 -0.2035
vn -0.1912 -0.8841 -0.4264
vn -0.1967 -0.6514 -0.7328
vn -0.2561 -0.7099 -0.6561
vn -0.1045 -0.8967 -0.4302
vn -0.1873 -0.6197 -0.7622
vn -0.9084 -0.3505 -0.2280
vn -0.3872 -0.9144 -0.1176
vn -0.7626 -0.6111 -0.2121
vn 0.1652 -0.9417 0.2932
vn 0.2189 -0.9521 0.2136
vn 0.2014 -0.9522 0.2298
vn 0.0494 -0.9937 0.1001
vn 0.0255 -0.9923 0.1212
vn 0.0460 -0.9929 0.1101
vn 0.0833 -0.9909 0.1055
vn 0.0641 -0.9946 0.0814
vn 0.0848 -0.9964 0.0062
vn 0.0669 -0.9963 0.0540
vn 0.0755 -0.9914 0.1067
vn -0.0148 -0.9989 0.0444
vn 0.0462 -0.9927 0.1113
vn 0.0946 -0.9055 0.4137
vn 0.0772 -0.9158 0.3941
vn 0.0754 -0.9182 0.3889
vn 0.0867 -0.9435 0.3198
vn 0.1183 -0.9547 0.2730
vn 0.0398 -0.7718 0.6346
vn -0.0249 -0.9233 0.3833
vn -0.0546 -0.9053 0.4213
vn -0.6127 -0.5721 0.5452
vn -0.4695 -0.6591 0.5876
vn 0.0481 -0.9869 0.1537
vn 0.1058 -0.9840 0.1433
vn 0.0851 -0.9825 0.1654
vn 0.0725 -0.9564 0.2830
vn -0.0369 -0.9814 0.1884
vn -0.2264 -0.9711 -0.0758
vn -0.4863 -0.8632 0.1354
vn -0.1525 -0.9055 0.3960
vn -0.1753 -0.9648 0.1960
vn -0.6355 -0.5029 -0.5859
vn -0.4695 -0.6451 -0.6028
vn -0.5806 -0.6993 -0.4170
vn -0.3841 -0.7087 -0.5918
vn -0.2074 -0.9780 0.0235
vn -0.0547 -0.9941 0.0942
vn -0.0525 -0.9977 0.0433
vn -0.1002 -0.9890 -0.1085
vn -0.0131 -0.9993 0.0355
vn -0.7010 -0.5797 -0.4154
vn -0.6905 -0.5572 -0.4613
vn -0.7567 -0.5657 -0.3279
vn -0.7629 -0.5576 -0.3271
vn -0.8071 -0.5188 -0.2819
vn -0.6758 -0.4680 -0.5694
vn -0.5669 -0.8081 -0.1599
vn -0.9909 0.0912 -0.0994
vn -0.7718 -0.0741 -0.6316
vn 0.0813 -0.8202 0.5663
vn -0.6253 -0.6052 0.4927
vn -0.0178 -0.7997 0.6002
vn 0.0672 -0.7910 0.6081
vn 0.0396 -0.8971 0.4400
vn 0.0214 -0.9102 0.4137
vn 0.0558 -0.9431 0.3277
vn 0.0785 -0.9489 0.3055
vn 0.1211 -0.9728 0.1973
vn 0.0505 -0.9542 0.2947
vn 0.1410 -0.9855 0.0947
vn 0.1464 -0.9837 0.1043
vn 0.1289 -0.9916 0.0066
vn 0.0406 -0.9979 -0.0498
vn 0.0483 -0.9910 0.1252
vn 0.0640 -0.9923 0.1065
vn 0.0405 -0.9914 0.1242
vn 0.0213 -0.9931 0.1152
vn 0.1157 -0.9890 0.0920
vn 0.0765 -0.9900 0.1189
vn 0.0921 -0.9953 0.0298
vn 0.0998 -0.9930 0.0633
vn 0.0943 -0.9953 0.0202
vn 0.0823 -0.9965 0.0154
vn 0.3231 -0.8991 -0.2952
vn 0.1717 -0.9833 -0.0595
vn -0.0116 -0.8180 -0.5751
vn 0.2173 -0.7891 -0.5746
vn -0.1739 -0.5204 -0.8361
vn 0.0258 -0.5159 -0.8563
vn -0.2573 -0.6347 -0.7287
vn -0.2728 -0.6037 -0.7490
vn -0.6026 -0.5715 -0.5570
vn 0.1186 -0.9808 0.1547
vn 0.0634 -0.9970 -0.0448
vn 0.0879 -0.9861 0.1408
vn 0.0348 -0.7485 -0.6622
vn -0.4414 -0.5194 -0.7317
vn -0.3105 -0.6302 -0.7116
vn -0.3112 -0.6611 -0.6827
vn -0.6140 -0.5123 -0.6005
vn 0.6954 0.6847 -0.2179
vn 0.5365 0.8398 0.0830
vn 0.0572 0.9925 0.1079
vn -0.3356 0.7513 -0.5682
vn -0.6165 0.3938 -0.6818
vn -0.4624 0.5636 -0.6845
vn -0.2907 0.7905 -0.5390
vn 0.0222 0.9266 -0.3755
vn 0.0951 0.9711 -0.2191
vn 0.2809 0.8843 -0.3729
vn 0.2779 0.7117 -0.6451
vn 0.1982 0.5314 -0.8236
vn 0.2390 0.5518 -0.7990
vn 0.3999 0.5336 -0.7452
vn 0.4314 0.5381 -0.7241
vn 0.2846 0.6231 -0.7286
vn 0.1598 0.7035 -0.6925
vn -0.0949 0.9954 -0.0108
vn -0.0207 0.9990 -0.0397
vn 0.1031 0.9919 0.0746
vn 0.2816 0.5792 -0.7651
vn 0.3196 0.7493 -0.5801
vn 0.3131 0.7249 -0.6136
vn 0.2924 0.7319 -0.6155
vn 0.4394 0.7378 -0.5124
vn 0.5002 0.6054 -0.6191
vn 0.1512 0.7271 -0.6697
vn 0.2833 0.7838 -0.5527
vn 0.1219 0.6009 -0.7900
vn 0.1811 0.6831 -0.7075
vn 0.2666 0.8439 -0.4656
vn 0.1920 0.8275 -0.5276
vn 0.2112 0.8143 -0.5406
vn 0.1885 0.8274 -0.5290
vn 0.2117 0.6232 -0.7529
vn 0.2718 0.5797 -0.7681
vn 0.1037 0.7844 -0.6115
vn 0.3224 0.5534 -0.7680
vn 0.2951 0.5436 -0.7857
vn 0.2473 0.5041 -0.8275
vn 0.2263 0.4810 -0.8470
vn 0.3704 0.4644 -0.8045
vn 0.2624 0.6905 -0.6741
vn 0.5984 0.6243 -0.5021
vn 0.4927 0.7933 -0.3578
vn 0.4144 0.7501 -0.5154
vn 0.5620 0.7588 -0.3293
vn 0.3517 0.9348 -0.0499
vn -0.0539 0.9696 -0.2388
vn 0.5181 0.8498 0.0974
vn 0.3473 0.8983 -0.2692
vn 0.5385 0.8409 -0.0538
vn 0.3604 0.9302 -0.0700
vn -0.2711 0.7352 -0.6213
vn -0.2407 0.6945 -0.6781
vn -0.2379 0.6861 -0.6875
vn -0.3039 0.7484 -0.5895
vn -0.2398 0.7503 -0.6161
vn -0.2101 0.8064 -0.5527
vn -0.2129 0.8719 -0.4409
vn 0.0009 0.9488 -0.3160
vn -0.1612 0.8538 -0.4950
vn -0.3330 0.7593 -0.5590
vn -0.2905 0.6903 -0.6626
vn -0.3039 0.7208 -0.6230
vn -0.3019 0.7337 -0.6088
vn 0.3781 0.8816 -0.2824
vn -0.0224 0.9074 -0.4196
vn 0.1236 0.8147 -0.5666
vn 0.3717 0.9071 -0.1974
vn 0.2097 0.9478 -0.2404
vn 0.3518 0.9176 -0.1853
vn 0.3469 0.9344 -0.0807
vn 0.1622 0.8596 -0.4846
vn -0.0340 0.9034 -0.4275
vn 0.0901 0.9271 -0.3639
vn 0.0622 0.9665 -0.2490
vn 0.0975 0.9706 -0.2201
vn 0.0241 0.9896 -0.1415
vn -0.0784 0.8987 -0.4315
vn -0.1973 0.9243 -0.3268
vn 0.1485 0.9686 -0.1993
vn 0.2566 0.9054 -0.3382
vn 0.1159 0.9249 -0.3622
vn 0.1524 0.9336 -0.3243
vn 0.0632 0.9749 -0.2136
vn 0.1567 0.9414 -0.2985
vn 0.0969 0.9706 -0.2205
vn 0.2849 0.9575 -0.0444
vn 0.1597 0.9827 -0.0935
vn 0.1784 0.9782 -0.1065
vn 0.2813 0.9573 -0.0663
vn 0.1826 0.9363 -0.3001
vn 0.1937 0.9755 -0.1047
vn 0.2706 0.9610 -0.0574
vn 0.1797 0.9788 -0.0979
vn 0.2612 0.9301 -0.2582
vn 0.2343 0.9421 -0.2399
vn 0.4438 0.6082 -0.6581
vn 0.3428 0.5008 -0.7948
vn 0.3952 0.7162 -0.5751
vn 0.3445 0.7270 -0.5940
vn 0.3585 0.7308 -0.5809
vn 0.3462 0.6916 -0.6339
vn 0.3529 0.5770 -0.7366
vn 0.4236 0.6095 -0.6701
vn 0.3177 0.6168 -0.7202
vn 0.2417 0.7095 -0.6620
vn 0.3291 0.8392 -0.4328
vn 0.4506 0.8598 -0.2402
vn 0.6540 0.7150 -0.2470
vn 0.6978 0.6810 -0.2222
vn 0.7035 0.6634 -0.2552
vn 0.3551 0.8425 -0.4051
vn 0.3659 0.8248 -0.4311
vn 0.2645 0.7962 -0.5441
vn 0.3756 0.8346 -0.4029
vn 0.2631 0.7967 -0.5441
vn 0.2666 0.7876 -0.5555
vn 0.1918 0.9800 0.0529
vn 0.3464 0.9375 0.0339
vn 0.1826 0.9820 -0.0489
vn 0.1021 0.9916 0.0788
vn 0.2744 0.9608 0.0398
vn 0.4351 0.8832 -0.1752
vn 0.5883 0.7846 -0.1957
vn 0.5866 0.7943 -0.1581
vn 0.5931 0.7843 -0.1819
vn 0.3141 0.9379 -0.1470
vn 0.2929 0.9046 -0.3096
vn 0.3588 0.9124 -0.1971
vn 0.4276 0.8903 -0.1568
vn 0.3726 0.8938 -0.2496
vn 0.3424 0.9302 -0.1325
vn 0.3952 0.8713 -0.2911
vn 0.3335 0.8855 -0.3236
vn 0.5580 0.8077 -0.1906
vn 0.5481 0.8103 -0.2073
vn 0.4377 0.8866 -0.1495
vn 0.4355 0.8947 -0.0995
vn 0.4724 0.8776 -0.0816
vn 0.4723 0.7852 -0.4005
vn 0.5725 0.8196 -0.0207
vn 0.5391 0.8378 0.0866
vn 0.2358 0.9667 0.0996
vn 0.4550 0.8905 0.0025
vn -0.0116 0.9969 -0.0781
vn -0.0588 0.9978 -0.0303
vn -0.2752 0.9055 -0.3231
vn -0.1398 0.9826 -0.1222
vn -0.4116 0.7783 -0.4741
vn -0.5284 0.4349 -0.7291
vn -0.5213 0.4444 -0.7285
vn -0.4523 0.4556 -0.7667
vn -0.4629 0.3938 -0.7941
vn -0.4913 0.5490 -0.6761
vn -0.4597 0.5632 -0.6867
vn -0.5093 0.5573 -0.6558
vn -0.4922 0.5502 -0.6745
vn -0.4500 0.5013 -0.7390
vn -0.5110 0.6012 -0.6143
vn -0.0268 0.8525 -0.5221
vn -0.2668 0.7531 -0.6013
vn 0.0574 0.9614 -0.2691
vn -0.0166 0.9674 -0.2527
vn 0.2623 0.8790 -0.3981
vn 0.0979 0.9539 -0.2837
vn 0.3908 0.7764 -0.4945
vn 0.2812 0.8025 -0.5262
vn 0.4102 0.7110 -0.5712
vn 0.3863 0.7745 -0.5009
vn 0.3780 0.4607 -0.8031
vn 0.2115 0.5483 -0.8091
vn 0.1882 0.5365 -0.8226
vn 0.2989 0.5133 -0.8045
vn 0.1766 0.4828 -0.8577
vn 0.3185 0.5686 -0.7585
vn 0.3451 0.5499 -0.7606
vn 0.2769 0.5617 -0.7796
vn 0.2781 0.5586 -0.7814
vn 0.3735 0.4227 -0.8257
vn 0.3671 0.4951 -0.7874
vn 0.3639 0.5209 -0.7722
vn 0.1822 0.6388 -0.7475
vn 0.2062 0.6367 -0.7430
vn 0.0024 0.8107 -0.5855
vn -0.0169 0.8280 -0.5605
vn -0.0209 0.6787 -0.7341
vn -0.0170 0.8291 -0.5588
vn 0.1943 0.6959 -0.6914
vn 0.1980 0.6716 -0.7140
vn 0.2803 0.6370 -0.7181
vn 0.5343 0.6626 -0.5249
vn 0.5339 0.6637 -0.5239
vn 0.7102 0.6633 -0.2358
vn 0.6940 0.6888 -0.2095
vn 0.6488 0.7241 -0.2340
vn 0.4636 0.8732 -0.1503
vn 0.2955 0.9486 0.1132
vn 0.5254 0.8451 0.0990
vn 0.5391 0.8377 0.0869
vn -0.0967 0.9720 -0.2141
vn -0.1043 0.7524 -0.6504
vn -0.3635 0.7956 -0.4847
vn -0.4248 0.7008 -0.5731
vn -0.5502 0.5123 -0.6594
vn -0.4771 0.3935 -0.7859
vn 0.2229 0.6262 -0.7471
vn 0.3187 0.4390 -0.8400
vn 0.3233 0.4892 -0.8101
vn 0.2728 0.6057 -0.7475
vn 0.3806 0.5568 -0.7383
vn 0.4036 0.4215 -0.8121
vn 0.4483 0.4524 -0.7709
vn 0.0905 0.6689 -0.7378
vn 0.0968 0.6785 -0.7282
vn 0.1193 0.6904 -0.7135
vn 0.1048 0.7558 -0.6464
vn 0.1580 0.5910 -0.7910
vn 0.1453 0.7271 -0.6710
vn 0.1558 0.7289 -0.6666
vn 0.4177 0.7400 -0.5272
vn 0.1616 0.7224 -0.6723
vn 0.0679 -0.5038 -0.8611
vn 0.0162 -0.3277 -0.9447
vn -0.0086 -0.2022 -0.9793
vn 0.0115 -0.0255 -0.9996
vn 0.0939 -0.0891 -0.9916
vn 0.3776 -0.0913 -0.9215
vn 0.8976 0.0159 -0.4405
vn 0.8371 -0.5281 -0.1426
vn 0.7234 -0.6904 0.0022
vn 0.5125 -0.8543 0.0871
vn 0.3795 -0.9250 -0.0179
vn 0.1735 -0.9828 0.0639
vn 0.2075 -0.9771 -0.0476
vn 0.1823 -0.9214 -0.3432
vn 0.1392 -0.9094 -0.3920
vn 0.0094 -0.8024 -0.5967
vn 0.0829 -0.7023 -0.7070
vn -0.0068 -0.7581 -0.6521
vn -0.0111 -0.7551 -0.6555
vn -0.0152 -0.7477 -0.6638
vn -0.0094 -0.7163 -0.6978
vn 0.0575 -0.8830 -0.4658
vn 0.0102 -0.7584 -0.6517
vn -0.0114 -0.8047 -0.5936
vn -0.1073 -0.6887 -0.7171
vn -0.1220 -0.7001 -0.7036
vn 0.6719 -0.0141 -0.7405
vn 0.2792 -0.2261 -0.9332
vn 0.1210 -0.1846 -0.9753
vn 0.1249 -0.1851 -0.9747
vn 0.1512 -0.1451 -0.9778
vn 0.1550 -0.1017 -0.9827
vn 0.1689 -0.2102 -0.9630
vn 0.2112 -0.2617 -0.9417
vn 0.0878 -0.3407 -0.9360
vn 0.1053 -0.2992 -0.9484
vn 0.1817 -0.2540 -0.9500
vn 0.1091 -0.2963 -0.9488
vn 0.0775 -0.3835 -0.9203
vn 0.3400 -0.1485 -0.9286
vn 0.4924 -0.0358 -0.8696
vn 0.3183 -0.2542 -0.9133
vn 0.5993 -0.0500 -0.7989
vn 0.5296 -0.8470 -0.0467
vn 0.4591 -0.8825 -0.1026
vn 0.5974 -0.8019 -0.0115
vn 0.5914 -0.8062 -0.0163
vn 0.6560 -0.7538 -0.0392
vn 0.6760 -0.7363 0.0289
vn 0.6532 -0.7565 -0.0318
vn 0.6670 -0.7448 0.0166
vn 0.6265 -0.7791 -0.0202
vn 0.6887 -0.7190 -0.0933
vn 0.7107 -0.6461 -0.2783
vn 0.6950 -0.6088 -0.3827
vn 0.8267 -0.5589 -0.0651
vn 0.7643 -0.6266 -0.1523
vn 0.1077 -0.9520 -0.2865
vn 0.1012 -0.9145 -0.3917
vn 0.1137 -0.8874 -0.4468
vn 0.4956 -0.1827 -0.8491
vn 0.6019 -0.0918 -0.7933
vn 0.6027 -0.0920 -0.7927
vn 0.8311 0.0494 -0.5539
vn 0.7300 -0.0360 -0.6825
vn 0.7780 0.0632 -0.6251
vn -0.0438 -0.7934 -0.6071
vn -0.0536 -0.7027 -0.7094
vn 0.0172 -0.4918 -0.8705
vn 0.0803 -0.3913 -0.9167
vn 0.0450 -0.5554 -0.8304
vn 0.0378 -0.5540 -0.8317
vn -0.0234 -0.6796 -0.7333
vn -0.0267 -0.6739 -0.7383
vn 0.1986 -0.3299 -0.9229
vn 0.1262 -0.3974 -0.9089
vn 0.1162 -0.4915 -0.8631
vn 0.2505 -0.9642 -0.0867
vn 0.2537 -0.9661 -0.0474
vn 0.2692 -0.9630 -0.0112
vn 0.2410 -0.9702 -0.0254
vn 0.1979 -0.9794 -0.0410
vn 0.4034 -0.8990 -0.1702
vn 0.2799 -0.9581 -0.0603
vn 0.9826 -0.1291 -0.1336
vn 0.8464 -0.5118 -0.1471
vn 0.9075 -0.3831 -0.1723
vn 0.8992 -0.4332 -0.0606
vn 0.9618 -0.0527 -0.2686
vn 0.9744 -0.1234 -0.1877
vn 0.9686 -0.1547 -0.1946
vn 0.5326 -0.6470 -0.5457
vn 0.4738 -0.2989 -0.8283
vn 0.3345 -0.3879 -0.8588
vn 0.8690 -0.1257 -0.4786
vn 0.8668 -0.1182 -0.4845
vn 0.8372 -0.1039 -0.5370
vn 0.7579 -0.1550 -0.6337
vn 0.6245 -0.2538 -0.7386
vn 0.7014 -0.3837 -0.6007
vn 0.6982 -0.2652 -0.6650
vn 0.5869 -0.7936 -0.1605
vn 0.6964 -0.6539 -0.2958
vn 0.6676 -0.6372 -0.3851
vn 0.8356 -0.2556 -0.4863
vn 0.6776 -0.6188 -0.3975
vn 0.7342 -0.5660 -0.3750
vn 0.8311 -0.2473 -0.4981
vn 0.6908 -0.3788 -0.6159
vn 0.6242 -0.5861 -0.5166
vn 0.0666 -0.8922 -0.4468
vn 0.1012 -0.9617 -0.2546
vn 0.1500 -0.9260 -0.3464
vn 0.1449 -0.9266 -0.3470
vn 0.1951 -0.9354 -0.2950
vn 0.2564 -0.9598 -0.1138
vn 0.1878 -0.9624 -0.1965
vn 0.2174 -0.9657 -0.1420
vn 0.5071 -0.6389 -0.5785
vn 0.5222 -0.5525 -0.6497
vn 0.3278 -0.5374 -0.7770
vn 0.2895 -0.5619 -0.7749
vn 0.3254 -0.6782 -0.6589
vn 0.2725 -0.6541 -0.7056
vn 0.0747 -0.6918 -0.7182
vn 0.1043 -0.6582 -0.7456
vn 0.4709 -0.6996 -0.5374
vn 0.5729 -0.6932 -0.4373
vn 0.5247 -0.6666 -0.5295
vn 0.1292 -0.7090 -0.6933
vn 0.0104 -0.8002 -0.5997
vn 0.0837 -0.8664 -0.4923
vn 0.6279 -0.7649 -0.1437
vn 0.3235 -0.9387 -0.1188
vn 0.4144 -0.9092 -0.0413
vn 0.2629 -0.8192 -0.5096
vn 0.3830 -0.7790 -0.4965
vn 0.4436 -0.6958 -0.5649
vn 0.4458 -0.6783 -0.5841
vn 0.4172 -0.6723 -0.6115
vn 0.4099 -0.7152 -0.5661
vn 0.3451 -0.7614 -0.5488
vn 0.2662 -0.9144 -0.3050
vn 0.4090 -0.5601 -0.7204
vn 0.4159 -0.6257 -0.6599
vn 0.4144 -0.6254 -0.6611
vn 0.5154 -0.5510 -0.6564
vn 0.5031 -0.4062 -0.7628
vn 0.5596 -0.4007 -0.7255
vn 0.3806 -0.7108 -0.5916
vn 0.2470 -0.7968 -0.5514
vn 0.2703 -0.7982 -0.5383
vn 0.2686 -0.7203 -0.6396
vn 0.3787 -0.6951 -0.6111
vn 0.3252 -0.6857 -0.6512
vn 0.5509 -0.7159 -0.4289
vn 0.4591 -0.7359 -0.4976
vn 0.4718 -0.7258 -0.5007
vn 0.5366 -0.7833 -0.3138
vn 0.3609 -0.8807 -0.3067
vn 0.4148 -0.8826 -0.2215
vn 0.0265 -0.3575 -0.9335
vn -0.0106 -0.3635 -0.9315
vn -0.0165 -0.3644 -0.9311
vn -0.0298 -0.2397 -0.9704
vn 0.0214 -0.2791 -0.9600
vn 0.0366 -0.1953 -0.9801
vn -0.0074 -0.2689 -0.9631
vn 0.0031 -0.0555 -0.9985
vn 0.0204 -0.0531 -0.9984
vn 0.4866 0.0821 -0.8698
vn 0.5043 0.0629 -0.8612
vn 0.7229 0.1240 -0.6797
vn 0.6618 0.0745 -0.7460
vn 0.7601 0.1317 -0.6363
vn 0.6979 0.1932 -0.6897
vn 0.8568 0.1264 -0.4999
vn 0.8588 0.1072 -0.5010
vn 0.9676 -0.0168 -0.2521
vn 0.9891 0.0933 -0.1142
vn 0.9893 0.0743 -0.1256
vn 0.8006 -0.5904 -0.1022
vn 0.8273 -0.5505 -0.1122
vn 0.6929 -0.7117 0.1158
vn 0.6928 -0.7116 0.1168
vn 0.6524 -0.7204 0.2354
vn 0.6708 -0.7227 0.1664
vn 0.6900 -0.7122 0.1293
vn 0.7306 -0.6660 0.1506
vn 0.6248 -0.7679 0.1411
vn 0.6202 -0.7748 0.1226
vn 0.5108 -0.8558 0.0817
vn 0.5838 -0.8078 0.0815
vn 0.2550 -0.9661 0.0397
vn 0.2403 -0.9707 0.0052
vn 0.1604 -0.9857 0.0509
vn 0.1735 -0.9848 -0.0031
vn 0.2769 -0.9609 -0.0014
vn 0.2282 -0.9717 0.0612
vn 0.2122 -0.9771 -0.0182
vn 0.2323 -0.9725 -0.0187
vn 0.1802 -0.9796 -0.0889
vn 0.1605 -0.9834 -0.0842
vn 0.2505 -0.9538 -0.1659
vn 0.0947 -0.8675 -0.4884
vn 0.0746 -0.9065 -0.4155
vn 0.0432 -0.7380 -0.6734
vn 0.0653 -0.8152 -0.5755
vn 0.1110 -0.7211 -0.6838
vn 0.0945 -0.7986 -0.5944
vn 0.0704 -0.7328 -0.6768
vn 0.1084 -0.6865 -0.7190
vn -0.1508 -0.6656 -0.7309
vn 0.0798 -0.8131 -0.5766
vn 0.5491 0.8237 0.1412
vn 0.5568 0.8166 0.1523
vn 0.5727 0.8083 0.1363
vn 0.5225 0.8375 0.1601
vn 0.7060 0.6896 -0.1616
vn -0.0115 -0.6010 -0.7992
vn 0.0800 -0.6310 -0.7717
vn 0.0720 -0.6057 -0.7924
vn 0.0463 -0.4225 -0.9052
vn -0.0013 -0.4036 -0.9149
vn -0.0122 -0.3454 -0.9384
vn 0.0325 -0.0381 -0.9987
vn 0.0357 -0.0076 -0.9993
vn 0.9825 -0.1328 -0.1308
vn 0.9934 -0.0929 -0.0676
vn 0.9860 -0.0252 -0.1649
vn 0.9185 -0.3634 -0.1557
vn 0.9129 -0.3891 -0.1235
vn 0.9018 -0.4001 -0.1632
vn 0.9010 -0.4038 -0.1583
vn 0.1503 -0.9655 -0.2128
vn 0.1452 -0.9681 -0.2044
vn 0.1793 -0.9331 -0.3119
vn 0.1146 -0.9586 -0.2605
vn 0.1708 -0.9350 -0.3108
vn 0.0478 -0.6450 -0.7627
vn 0.0720 -0.6473 -0.7589
vn 0.1337 -0.6792 -0.7216
vn -0.1193 -0.6845 -0.7192
vt 0.122998 0.126001
vt 0.094751 0.126001
vt 0.094751 0.185498
vt 0.310498 0.251001
vt 0.282251 0.251001
vt 0.282251 0.310498
vt 0.251001 0.310498
vt 0.279248 0.251001
vt 0.251001 0.251001
vt 0.123999 0.127002
vt 0.123999 0.186499
vt 0.095752 0.186499
vt 0.372998 0.251001
vt 0.344751 0.251001
vt 0.344751 0.310498
vt 0.313501 0.310498
vt 0.313501 0.251001
vt 0.341748 0.251001
vt 0.373999 0.252002
vt 0.373999 0.311499
vt 0.345752 0.311499
vt 0.747998 0.688501
vt 0.688501 0.747998
vt 0.688501 0.688501
vt 0.310498 0.313501
vt 0.282251 0.313501
vt 0.282251 0.372998
vt 0.876001 0.810498
vt 0.904248 0.782251
vt 0.876001 0.782251
vt 0.685498 0.282251
vt 0.657251 0.282251
vt 0.657251 0.310498
vt 0.626001 0.310498
vt 0.654248 0.282251
vt 0.626001 0.282251
vt 0.655249 0.311499
vt 0.627002 0.311499
vt 0.655249 0.283252
vt 0.686499 0.283252
vt 0.686499 0.311499
vt 0.658252 0.311499
vt 0.905249 0.811499
vt 0.877002 0.811499
vt 0.905249 0.783252
vt 0.311499 0.314502
vt 0.311499 0.373999
vt 0.283252 0.373999
vt 0.279248 0.313501
vt 0.251001 0.313501
vt 0.251001 0.372998
vt 0.372998 0.313501
vt 0.344751 0.313501
vt 0.344751 0.372998
vt 0.313501 0.372998
vt 0.341748 0.313501
vt 0.313501 0.313501
vt 0.685498 0.251001
vt 0.657251 0.251001
vt 0.657251 0.279248
vt 0.626001 0.279248
vt 0.654248 0.251001
vt 0.626001 0.251001
vt 0.655249 0.280249
vt 0.627002 0.280249
vt 0.655249 0.252002
vt 0.686499 0.252002
vt 0.686499 0.280249
vt 0.658252 0.280249
vt 0.342749 0.373999
vt 0.314502 0.373999
vt 0.342749 0.314502
vt 0.373999 0.314502
vt 0.373999 0.373999
vt 0.345752 0.373999
vt 0.280249 0.314502
vt 0.280249 0.373999
vt 0.252002 0.373999
vt 0.032251 0.435498
vt 0.032251 0.376001
vt 0.060498 0.376001
vt 0.685498 0.688501
vt 0.626001 0.688501
vt 0.626001 0.747998
vt 0.001001 0.435498
vt 0.029248 0.376001
vt 0.001001 0.376001
vt 0.063501 0.247998
vt 0.063501 0.188501
vt 0.122998 0.188501
vt 0.372998 0.688501
vt 0.313501 0.747998
vt 0.313501 0.688501
vt 0.094751 0.435498
vt 0.094751 0.376001
vt 0.122998 0.376001
vt 0.091748 0.376001
vt 0.063501 0.435498
vt 0.063501 0.376001
vt 0.092749 0.436499
vt 0.092749 0.377002
vt 0.064502 0.436499
vt 0.095752 0.436499
vt 0.123999 0.436499
vt 0.123999 0.377002
vt 0.373999 0.748999
vt 0.373999 0.689502
vt 0.314502 0.748999
vt 0.064502 0.248999
vt 0.123999 0.248999
vt 0.123999 0.189502
vt 0.030249 0.436499
vt 0.002002 0.436499
vt 0.030249 0.377002
vt 0.686499 0.689502
vt 0.686499 0.748999
vt 0.627002 0.748999
vt 0.033252 0.436499
vt 0.061499 0.436499
vt 0.061499 0.377002
vt 0.032251 0.497998
vt 0.032251 0.438501
vt 0.060498 0.438501
vt 0.029248 0.438501
vt 0.001001 0.497998
vt 0.001001 0.438501
vt 0.094751 0.497998
vt 0.094751 0.438501
vt 0.122998 0.438501
vt 0.091748 0.438501
vt 0.063501 0.497998
vt 0.063501 0.438501
vt 0.092749 0.498999
vt 0.092749 0.439502
vt 0.064502 0.498999
vt 0.095752 0.498999
vt 0.123999 0.498999
vt 0.123999 0.439502
vt 0.030249 0.498999
vt 0.030249 0.439502
vt 0.002002 0.498999
vt 0.033252 0.498999
vt 0.061499 0.498999
vt 0.061499 0.439502
vt 0.719751 0.310498
vt 0.747998 0.282251
vt 0.719751 0.282251
vt 0.407251 0.001001
vt 0.407251 0.060498
vt 0.435498 0.001001
vt 0.688501 0.310498
vt 0.688501 0.282251
vt 0.716748 0.282251
vt 0.376001 0.001001
vt 0.376001 0.060498
vt 0.404248 0.001001
vt 0.497998 0.001001
vt 0.469751 0.001001
vt 0.469751 0.060498
vt 0.438501 0.001001
vt 0.438501 0.060498
vt 0.466748 0.001001
vt 0.435498 0.063501
vt 0.407251 0.063501
vt 0.407251 0.122998
vt 0.436499 0.064502
vt 0.436499 0.123999
vt 0.408252 0.123999
vt 0.439502 0.061499
vt 0.467749 0.002002
vt 0.467749 0.061499
vt 0.498999 0.002002
vt 0.498999 0.061499
vt 0.470752 0.061499
vt 0.377002 0.061499
vt 0.405249 0.002002
vt 0.405249 0.061499
vt 0.689502 0.311499
vt 0.717749 0.311499
vt 0.717749 0.283252
vt 0.408252 0.061499
vt 0.436499 0.002002
vt 0.436499 0.061499
vt 0.748999 0.311499
vt 0.720752 0.311499
vt 0.748999 0.283252
vt 0.376001 0.122998
vt 0.376001 0.063501
vt 0.404248 0.063501
vt 0.310498 0.688501
vt 0.251001 0.688501
vt 0.251001 0.747998
vt 0.469751 0.122998
vt 0.497998 0.063501
vt 0.469751 0.063501
vt 0.438501 0.122998
vt 0.438501 0.063501
vt 0.466748 0.063501
vt 0.185498 0.376001
vt 0.157251 0.435498
vt 0.157251 0.376001
vt 0.126001 0.435498
vt 0.126001 0.376001
vt 0.154248 0.376001
vt 0.247998 0.376001
vt 0.219751 0.435498
vt 0.219751 0.376001
vt 0.248999 0.436499
vt 0.248999 0.377002
vt 0.220752 0.436499
vt 0.127002 0.436499
vt 0.155249 0.436499
vt 0.155249 0.377002
vt 0.186499 0.436499
vt 0.186499 0.377002
vt 0.158252 0.436499
vt 0.439502 0.123999
vt 0.467749 0.123999
vt 0.467749 0.064502
vt 0.498999 0.123999
vt 0.470752 0.123999
vt 0.498999 0.064502
vt 0.311499 0.689502
vt 0.311499 0.748999
vt 0.252002 0.748999
vt 0.377002 0.123999
vt 0.405249 0.123999
vt 0.405249 0.064502
vt 0.719751 0.279248
vt 0.747998 0.251001
vt 0.719751 0.251001
vt 0.313501 0.626001
vt 0.313501 0.685498
vt 0.372998 0.626001
vt 0.688501 0.279248
vt 0.688501 0.251001
vt 0.716748 0.251001
vt 0.188501 0.376001
vt 0.188501 0.435498
vt 0.216748 0.376001
vt 0.185498 0.438501
vt 0.157251 0.438501
vt 0.157251 0.497998
vt 0.126001 0.438501
vt 0.126001 0.497998
vt 0.154248 0.438501
vt 0.247998 0.438501
vt 0.219751 0.438501
vt 0.219751 0.497998
vt 0.248999 0.439502
vt 0.248999 0.498999
vt 0.220752 0.498999
vt 0.127002 0.498999
vt 0.155249 0.439502
vt 0.155249 0.498999
vt 0.186499 0.439502
vt 0.186499 0.498999
vt 0.158252 0.498999
vt 0.189502 0.436499
vt 0.217749 0.377002
vt 0.217749 0.436499
vt 0.689502 0.280249
vt 0.717749 0.280249
vt 0.717749 0.252002
vt 0.314502 0.686499
vt 0.373999 0.627002
vt 0.373999 0.686499
vt 0.748999 0.280249
vt 0.720752 0.280249
vt 0.748999 0.252002
vt 0.657251 0.344751
vt 0.685498 0.344751
vt 0.657251 0.372998
vt 0.626001 0.372998
vt 0.626001 0.344751
vt 0.654248 0.344751
vt 0.657251 0.313501
vt 0.685498 0.313501
vt 0.657251 0.341748
vt 0.626001 0.341748
vt 0.626001 0.313501
vt 0.654248 0.313501
vt 0.627002 0.342749
vt 0.655249 0.342749
vt 0.655249 0.314502
vt 0.686499 0.314502
vt 0.658252 0.342749
vt 0.686499 0.342749
vt 0.627002 0.373999
vt 0.655249 0.373999
vt 0.655249 0.345752
vt 0.686499 0.345752
vt 0.658252 0.373999
vt 0.686499 0.373999
vt 0.188501 0.497998
vt 0.188501 0.438501
vt 0.216748 0.438501
vt 0.310498 0.626001
vt 0.251001 0.685498
vt 0.251001 0.626001
vt 0.954126 0.404248
vt 0.954126 0.376001
vt 0.966748 0.376001
vt 0.747998 0.344751
vt 0.719751 0.344751
vt 0.719751 0.372998
vt 0.938501 0.404248
vt 0.951123 0.376001
vt 0.938501 0.376001
vt 0.716748 0.344751
vt 0.688501 0.344751
vt 0.688501 0.372998
vt 0.719751 0.341748
vt 0.747998 0.313501
vt 0.719751 0.313501
vt 0.716748 0.313501
vt 0.688501 0.313501
vt 0.688501 0.341748
vt 0.407251 0.685498
vt 0.435498 0.657251
vt 0.407251 0.657251
vt 0.436499 0.686499
vt 0.408252 0.686499
vt 0.436499 0.658252
vt 0.717749 0.314502
vt 0.717749 0.342749
vt 0.689502 0.342749
vt 0.748999 0.342749
vt 0.720752 0.342749
vt 0.748999 0.314502
vt 0.717749 0.345752
vt 0.717749 0.373999
vt 0.689502 0.373999
vt 0.952124 0.405249
vt 0.939502 0.405249
vt 0.952124 0.377002
vt 0.748999 0.345752
vt 0.748999 0.373999
vt 0.720752 0.373999
vt 0.955127 0.405249
vt 0.967749 0.405249
vt 0.967749 0.377002
vt 0.985376 0.404248
vt 0.985376 0.376001
vt 0.997998 0.376001
vt 0.404248 0.657251
vt 0.376001 0.657251
vt 0.376001 0.685498
vt 0.969751 0.404248
vt 0.982373 0.376001
vt 0.969751 0.376001
vt 0.435498 0.626001
vt 0.407251 0.626001
vt 0.407251 0.654248
vt 0.376001 0.654248
vt 0.404248 0.626001
vt 0.376001 0.626001
vt 0.497998 0.657251
vt 0.469751 0.657251
vt 0.469751 0.685498
vt 0.438501 0.685498
vt 0.466748 0.657251
vt 0.438501 0.657251
vt 0.467749 0.686499
vt 0.439502 0.686499
vt 0.467749 0.658252
vt 0.498999 0.658252
vt 0.498999 0.686499
vt 0.470752 0.686499
vt 0.405249 0.655249
vt 0.377002 0.655249
vt 0.405249 0.627002
vt 0.436499 0.627002
vt 0.436499 0.655249
vt 0.408252 0.655249
vt 0.983374 0.405249
vt 0.970752 0.405249
vt 0.983374 0.377002
vt 0.405249 0.658252
vt 0.405249 0.686499
vt 0.377002 0.686499
vt 0.986377 0.405249
vt 0.998999 0.405249
vt 0.998999 0.377002
vt 0.469751 0.654248
vt 0.469751 0.626001
vt 0.497998 0.626001
vt 0.252002 0.686499
vt 0.311499 0.686499
vt 0.311499 0.627002
vt 0.438501 0.654248
vt 0.466748 0.626001
vt 0.438501 0.626001
vt 0.748999 0.689502
vt 0.748999 0.748999
vt 0.689502 0.748999
vt 0.435498 0.126001
vt 0.407251 0.185498
vt 0.407251 0.126001
vt 0.314502 0.311499
vt 0.342749 0.252002
vt 0.342749 0.311499
vt 0.376001 0.126001
vt 0.376001 0.185498
vt 0.404248 0.126001
vt 0.436499 0.186499
vt 0.436499 0.127002
vt 0.408252 0.186499
vt 0.247998 0.688501
vt 0.188501 0.688501
vt 0.188501 0.747998
vt 0.467749 0.655249
vt 0.439502 0.655249
vt 0.467749 0.627002
vt 0.126001 0.747998
vt 0.126001 0.688501
vt 0.185498 0.688501
vt 0.470752 0.655249
vt 0.498999 0.655249
vt 0.498999 0.627002
vt 0.247998 0.626001
vt 0.188501 0.626001
vt 0.188501 0.685498
vt 0.469751 0.185498
vt 0.497998 0.126001
vt 0.469751 0.126001
vt 0.126001 0.685498
vt 0.126001 0.626001
vt 0.185498 0.626001
vt 0.688501 0.247998
vt 0.747998 0.188501
vt 0.688501 0.188501
vt 0.626001 0.247998
vt 0.626001 0.188501
vt 0.685498 0.188501
vt 0.747998 0.126001
vt 0.688501 0.185498
vt 0.688501 0.126001
vt 0.748999 0.186499
vt 0.748999 0.127002
vt 0.689502 0.186499
vt 0.627002 0.248999
vt 0.686499 0.248999
vt 0.686499 0.189502
vt 0.748999 0.248999
vt 0.689502 0.248999
vt 0.748999 0.189502
vt 0.127002 0.686499
vt 0.186499 0.686499
vt 0.186499 0.627002
vt 0.498999 0.186499
vt 0.470752 0.186499
vt 0.498999 0.127002
vt 0.248999 0.627002
vt 0.248999 0.686499
vt 0.189502 0.686499
vt 0.466748 0.126001
vt 0.438501 0.126001
vt 0.438501 0.185498
vt 0.841748 0.876001
vt 0.782251 0.876001
vt 0.782251 0.888623
vt 0.435498 0.188501
vt 0.407251 0.188501
vt 0.407251 0.247998
vt 0.579126 0.997998
vt 0.591748 0.938501
vt 0.579126 0.938501
vt 0.376001 0.247998
vt 0.404248 0.188501
vt 0.376001 0.188501
vt 0.405249 0.248999
vt 0.377002 0.248999
vt 0.405249 0.189502
vt 0.592749 0.998999
vt 0.580127 0.998999
vt 0.592749 0.939502
vt 0.436499 0.189502
vt 0.436499 0.248999
vt 0.408252 0.248999
vt 0.842749 0.889624
vt 0.842749 0.877002
vt 0.783252 0.889624
vt 0.497998 0.188501
vt 0.469751 0.188501
vt 0.469751 0.247998
vt 0.563501 0.997998
vt 0.576123 0.938501
vt 0.563501 0.938501
vt 0.610376 0.997998
vt 0.622998 0.938501
vt 0.610376 0.938501
vt 0.438501 0.188501
vt 0.466748 0.188501
vt 0.438501 0.247998
vt 0.623999 0.998999
vt 0.611377 0.998999
vt 0.623999 0.939502
vt 0.282251 0.435498
vt 0.310498 0.376001
vt 0.282251 0.376001
vt 0.685498 0.126001
vt 0.626001 0.185498
vt 0.626001 0.126001
vt 0.594751 0.938501
vt 0.607373 0.938501
vt 0.594751 0.997998
vt 0.251001 0.435498
vt 0.251001 0.376001
vt 0.279248 0.376001
vt 0.516626 0.997998
vt 0.529248 0.938501
vt 0.516626 0.938501
vt 0.530249 0.998999
vt 0.517627 0.998999
vt 0.530249 0.939502
vt 0.470752 0.248999
vt 0.498999 0.248999
vt 0.498999 0.189502
vt 0.608374 0.939502
vt 0.595752 0.998999
vt 0.608374 0.998999
vt 0.407251 0.747998
vt 0.435498 0.719751
vt 0.407251 0.719751
vt 0.063501 0.688501
vt 0.122998 0.688501
vt 0.063501 0.747998
vt 0.376001 0.747998
vt 0.376001 0.719751
vt 0.404248 0.719751
vt 0.123999 0.689502
vt 0.064502 0.748999
vt 0.123999 0.748999
vt 0.436499 0.748999
vt 0.408252 0.748999
vt 0.436499 0.720752
vt 0.377002 0.748999
vt 0.405249 0.748999
vt 0.405249 0.720752
vt 0.372998 0.376001
vt 0.344751 0.376001
vt 0.344751 0.435498
vt 0.283252 0.436499
vt 0.311499 0.436499
vt 0.311499 0.377002
vt 0.060498 0.688501
vt 0.001001 0.688501
vt 0.001001 0.747998
vt 0.341748 0.376001
vt 0.313501 0.435498
vt 0.313501 0.376001
vt 0.061499 0.689502
vt 0.061499 0.748999
vt 0.002002 0.748999
vt 0.282251 0.497998
vt 0.282251 0.438501
vt 0.310498 0.438501
vt 0.373999 0.377002
vt 0.373999 0.436499
vt 0.345752 0.436499
vt 0.342749 0.436499
vt 0.342749 0.377002
vt 0.314502 0.436499
vt 0.279248 0.438501
vt 0.251001 0.438501
vt 0.251001 0.497998
vt 0.280249 0.439502
vt 0.280249 0.498999
vt 0.252002 0.498999
vt 0.372998 0.438501
vt 0.344751 0.438501
vt 0.344751 0.497998
vt 0.313501 0.438501
vt 0.341748 0.438501
vt 0.313501 0.497998
vt 0.513623 0.938501
vt 0.501001 0.938501
vt 0.501001 0.997998
vt 0.547876 0.997998
vt 0.560498 0.938501
vt 0.547876 0.938501
vt 0.063501 0.685498
vt 0.063501 0.626001
vt 0.122998 0.626001
vt 0.544873 0.938501
vt 0.532251 0.938501
vt 0.532251 0.997998
vt 0.435498 0.251001
vt 0.407251 0.251001
vt 0.407251 0.310498
vt 0.060498 0.626001
vt 0.001001 0.685498
vt 0.001001 0.626001
vt 0.407251 0.716748
vt 0.435498 0.688501
vt 0.407251 0.688501
vt 0.376001 0.310498
vt 0.376001 0.251001
vt 0.404248 0.251001
vt 0.469751 0.251001
vt 0.497998 0.251001
vt 0.469751 0.310498
vt 0.061499 0.686499
vt 0.061499 0.627002
vt 0.002002 0.686499
vt 0.438501 0.310498
vt 0.438501 0.251001
vt 0.466748 0.251001
vt 0.545874 0.939502
vt 0.545874 0.998999
vt 0.533252 0.998999
vt 0.688501 0.063501
vt 0.688501 0.122998
vt 0.747998 0.063501
vt 0.064502 0.686499
vt 0.123999 0.686499
vt 0.123999 0.627002
vt 0.626001 0.063501
vt 0.626001 0.122998
vt 0.685498 0.063501
vt 0.747998 0.001001
vt 0.688501 0.001001
vt 0.688501 0.060498
vt 0.627002 0.123999
vt 0.686499 0.064502
vt 0.686499 0.123999
vt 0.748999 0.002002
vt 0.748999 0.061499
vt 0.689502 0.061499
vt 0.689502 0.123999
vt 0.748999 0.064502
vt 0.748999 0.123999
vt 0.626001 0.060498
vt 0.626001 0.001001
vt 0.685498 0.001001
vt 0.627002 0.186499
vt 0.686499 0.127002
vt 0.686499 0.186499
vt 0.408252 0.311499
vt 0.436499 0.311499
vt 0.436499 0.252002
vt 0.591748 0.876001
vt 0.579126 0.876001
vt 0.579126 0.935498
vt 0.439502 0.186499
vt 0.467749 0.186499
vt 0.467749 0.127002
vt 0.407251 0.372998
vt 0.435498 0.313501
vt 0.407251 0.313501
vt 0.404248 0.313501
vt 0.376001 0.313501
vt 0.376001 0.372998
vt 0.498999 0.311499
vt 0.470752 0.311499
vt 0.498999 0.252002
vt 0.405249 0.252002
vt 0.405249 0.311499
vt 0.377002 0.311499
vt 0.405249 0.314502
vt 0.405249 0.373999
vt 0.377002 0.373999
vt 0.622998 0.563501
vt 0.563501 0.563501
vt 0.563501 0.622998
vt 0.704126 0.654248
vt 0.716748 0.641626
vt 0.704126 0.641626
vt 0.883814 0.844751
vt 0.883814 0.849560
vt 0.888623 0.844751
vt 0.016626 0.141626
vt 0.029248 0.141626
vt 0.016626 0.154248
vt 0.404248 0.688501
vt 0.376001 0.688501
vt 0.376001 0.716748
vt 0.469751 0.719751
vt 0.497998 0.719751
vt 0.469751 0.747998
vt 0.466748 0.719751
vt 0.438501 0.719751
vt 0.438501 0.747998
vt 0.469751 0.372998
vt 0.497998 0.313501
vt 0.469751 0.313501
vt 0.497998 0.688501
vt 0.469751 0.688501
vt 0.469751 0.716748
vt 0.954126 0.407251
vt 0.966748 0.407251
vt 0.954126 0.435498
vt 0.470752 0.373999
vt 0.498999 0.314502
vt 0.498999 0.373999
vt 0.951123 0.407251
vt 0.938501 0.407251
vt 0.938501 0.435498
vt 0.438501 0.716748
vt 0.438501 0.688501
vt 0.466748 0.688501
vt 0.685498 0.407251
vt 0.657251 0.407251
vt 0.657251 0.435498
vt 0.985376 0.407251
vt 0.997998 0.407251
vt 0.985376 0.435498
vt 0.982373 0.407251
vt 0.969751 0.407251
vt 0.969751 0.435498
vt 0.626001 0.407251
vt 0.654248 0.407251
vt 0.626001 0.435498
vt 0.217749 0.439502
vt 0.189502 0.498999
vt 0.217749 0.498999
vt 0.904248 0.376001
vt 0.891626 0.376001
vt 0.891626 0.404248
vt 0.888623 0.376001
vt 0.876001 0.376001
vt 0.876001 0.404248
vt 0.935498 0.376001
vt 0.922876 0.376001
vt 0.922876 0.404248
vt 0.657251 0.376001
vt 0.685498 0.376001
vt 0.657251 0.404248
vt 0.438501 0.313501
vt 0.466748 0.313501
vt 0.438501 0.372998
vt 0.501001 0.563501
vt 0.560498 0.563501
vt 0.501001 0.622998
vt 0.622998 0.501001
vt 0.563501 0.501001
vt 0.563501 0.560498
vt 0.501001 0.501001
vt 0.560498 0.501001
vt 0.501001 0.560498
vt 0.564502 0.623999
vt 0.623999 0.623999
vt 0.623999 0.564502
vt 0.438501 0.563501
vt 0.497998 0.563501
vt 0.438501 0.622998
vt 0.435498 0.376001
vt 0.407251 0.376001
vt 0.407251 0.435498
vt 0.376001 0.622998
vt 0.435498 0.563501
vt 0.376001 0.563501
vt 0.907251 0.376001
vt 0.919873 0.376001
vt 0.907251 0.404248
vt 0.626001 0.376001
vt 0.654248 0.376001
vt 0.626001 0.404248
vt 0.376001 0.435498
vt 0.376001 0.376001
vt 0.404248 0.376001
vt 0.469751 0.435498
vt 0.497998 0.376001
vt 0.469751 0.376001
vt 0.438501 0.435498
vt 0.438501 0.376001
vt 0.466748 0.376001
vt 0.407251 0.497998
vt 0.407251 0.438501
vt 0.435498 0.438501
vt 0.438501 0.501001
vt 0.438501 0.560498
vt 0.497998 0.501001
vt 0.623999 0.561499
vt 0.623999 0.502002
vt 0.564502 0.561499
vt 0.498999 0.561499
vt 0.498999 0.502002
vt 0.439502 0.561499
vt 0.376001 0.501001
vt 0.376001 0.560498
vt 0.435498 0.501001
vt 0.563501 0.438501
vt 0.563501 0.497998
vt 0.622998 0.438501
vt 0.498999 0.623999
vt 0.498999 0.564502
vt 0.439502 0.623999
vt 0.719751 0.407251
vt 0.747998 0.407251
vt 0.719751 0.435498
vt 0.688501 0.407251
vt 0.716748 0.407251
vt 0.688501 0.435498
vt 0.376001 0.497998
vt 0.404248 0.438501
vt 0.376001 0.438501
vt 0.498999 0.377002
vt 0.470752 0.436499
vt 0.498999 0.436499
vt 0.501001 0.438501
vt 0.501001 0.497998
vt 0.560498 0.438501
vt 0.436499 0.561499
vt 0.436499 0.502002
vt 0.377002 0.561499
vt 0.563501 0.376001
vt 0.563501 0.435498
vt 0.622998 0.376001
vt 0.469751 0.438501
vt 0.497998 0.438501
vt 0.469751 0.497998
vt 0.498999 0.498999
vt 0.470752 0.498999
vt 0.498999 0.439502
vt 0.563501 0.876001
vt 0.576123 0.876001
vt 0.563501 0.935498
vt 0.466748 0.438501
vt 0.438501 0.438501
vt 0.438501 0.497998
vt 0.439502 0.498999
vt 0.467749 0.498999
vt 0.467749 0.439502
vt 0.561499 0.564502
vt 0.561499 0.623999
vt 0.502002 0.623999
vt 0.719751 0.376001
vt 0.747998 0.376001
vt 0.719751 0.404248
vt 0.467749 0.373999
vt 0.467749 0.314502
vt 0.439502 0.373999
vt 0.717749 0.436499
vt 0.689502 0.436499
vt 0.717749 0.408252
vt 0.748999 0.436499
vt 0.720752 0.436499
vt 0.748999 0.408252
vt 0.688501 0.376001
vt 0.688501 0.404248
vt 0.716748 0.376001
vt 0.498999 0.717749
vt 0.498999 0.689502
vt 0.470752 0.717749
vt 0.891626 0.407251
vt 0.904248 0.407251
vt 0.891626 0.435498
vt 0.905249 0.436499
vt 0.892627 0.436499
vt 0.905249 0.408252
vt 0.405249 0.377002
vt 0.405249 0.436499
vt 0.377002 0.436499
vt 0.032251 0.560498
vt 0.032251 0.501001
vt 0.060498 0.501001
vt 0.657251 0.469751
vt 0.685498 0.469751
vt 0.657251 0.497998
vt 0.686499 0.498999
vt 0.658252 0.498999
vt 0.686499 0.470752
vt 0.061499 0.502002
vt 0.033252 0.561499
vt 0.061499 0.561499
vt 0.001001 0.560498
vt 0.029248 0.501001
vt 0.001001 0.501001
vt 0.094751 0.560498
vt 0.094751 0.501001
vt 0.122998 0.501001
vt 0.123999 0.502002
vt 0.123999 0.561499
vt 0.095752 0.561499
vt 0.654248 0.469751
vt 0.626001 0.469751
vt 0.626001 0.497998
vt 0.627002 0.498999
vt 0.655249 0.498999
vt 0.655249 0.470752
vt 0.657251 0.438501
vt 0.685498 0.438501
vt 0.657251 0.466748
vt 0.876001 0.407251
vt 0.876001 0.435498
vt 0.888623 0.407251
vt 0.030249 0.502002
vt 0.030249 0.561499
vt 0.002002 0.561499
vt 0.654248 0.438501
vt 0.626001 0.438501
vt 0.626001 0.466748
vt 0.627002 0.467749
vt 0.655249 0.467749
vt 0.655249 0.439502
vt 0.063501 0.560498
vt 0.091748 0.501001
vt 0.063501 0.501001
vt 0.092749 0.502002
vt 0.064502 0.561499
vt 0.092749 0.561499
vt 0.280249 0.252002
vt 0.280249 0.311499
vt 0.252002 0.311499
vt 0.748999 0.377002
vt 0.748999 0.405249
vt 0.720752 0.405249
vt 0.719751 0.497998
vt 0.719751 0.469751
vt 0.747998 0.469751
vt 0.688501 0.497998
vt 0.688501 0.469751
vt 0.716748 0.469751
vt 0.922876 0.407251
vt 0.922876 0.435498
vt 0.935498 0.407251
vt 0.907251 0.407251
vt 0.907251 0.435498
vt 0.919873 0.407251
vt 0.610376 0.935498
vt 0.622998 0.876001
vt 0.610376 0.876001
vt 0.623999 0.877002
vt 0.623999 0.936499
vt 0.611377 0.936499
vt 0.454126 0.938501
vt 0.454126 0.966748
vt 0.466748 0.938501
vt 0.438501 0.938501
vt 0.438501 0.966748
vt 0.451123 0.938501
vt 0.485376 0.966748
vt 0.485376 0.938501
vt 0.497998 0.938501
vt 0.469751 0.966748
vt 0.469751 0.938501
vt 0.482373 0.938501
vt 0.454126 0.969751
vt 0.454126 0.997998
vt 0.466748 0.969751
vt 0.438501 0.969751
vt 0.438501 0.997998
vt 0.451123 0.969751
vt 0.594751 0.935498
vt 0.607373 0.876001
vt 0.594751 0.876001
vt 0.516626 0.935498
vt 0.529248 0.876001
vt 0.516626 0.876001
vt 0.485376 0.997998
vt 0.485376 0.969751
vt 0.497998 0.969751
vt 0.469751 0.997998
vt 0.469751 0.969751
vt 0.482373 0.969751
vt 0.391626 0.966748
vt 0.391626 0.938501
vt 0.404248 0.938501
vt 0.376001 0.966748
vt 0.376001 0.938501
vt 0.388623 0.938501
vt 0.719751 0.438501
vt 0.747998 0.438501
vt 0.719751 0.466748
vt 0.422876 0.938501
vt 0.435498 0.938501
vt 0.422876 0.966748
vt 0.032251 0.622998
vt 0.032251 0.563501
vt 0.060498 0.563501
vt 0.001001 0.622998
vt 0.001001 0.563501
vt 0.029248 0.563501
vt 0.688501 0.438501
vt 0.688501 0.466748
vt 0.716748 0.438501
vt 0.532251 0.657251
vt 0.532251 0.685498
vt 0.560498 0.657251
vt 0.501001 0.657251
vt 0.501001 0.685498
vt 0.529248 0.657251
vt 0.532251 0.626001
vt 0.532251 0.654248
vt 0.560498 0.626001
vt 0.419873 0.938501
vt 0.407251 0.966748
vt 0.407251 0.938501
vt 0.391626 0.969751
vt 0.391626 0.997998
vt 0.404248 0.969751
vt 0.388623 0.969751
vt 0.376001 0.997998
vt 0.376001 0.969751
vt 0.422876 0.969751
vt 0.422876 0.997998
vt 0.435498 0.969751
vt 0.407251 0.997998
vt 0.419873 0.969751
vt 0.407251 0.969751
vt 0.001001 0.154248
vt 0.013623 0.141626
vt 0.001001 0.141626
vt 0.016626 0.138623
vt 0.029248 0.126001
vt 0.016626 0.126001
vt 0.501001 0.626001
vt 0.529248 0.626001
vt 0.501001 0.654248
vt 0.888623 0.813501
vt 0.883814 0.813501
vt 0.883814 0.841748
vt 0.094751 0.622998
vt 0.122998 0.563501
vt 0.094751 0.563501
vt 0.915064 0.657251
vt 0.919873 0.657251
vt 0.915064 0.685498
vt 0.013623 0.126001
vt 0.001001 0.126001
vt 0.001001 0.138623
vt 0.594751 0.685498
vt 0.622998 0.657251
vt 0.594751 0.657251
vt 0.454126 0.876001
vt 0.466748 0.876001
vt 0.454126 0.904248
vt 0.876001 0.880810
vt 0.876001 0.876001
vt 0.888623 0.876001
vt 0.438501 0.904248
vt 0.451123 0.876001
vt 0.438501 0.876001
vt 0.907251 0.657251
vt 0.912060 0.657251
vt 0.907251 0.685498
vt 0.883814 0.852564
vt 0.888623 0.852564
vt 0.883814 0.857373
vt 0.930689 0.685498
vt 0.935498 0.657251
vt 0.930689 0.657251
vt 0.913061 0.686499
vt 0.908252 0.686499
vt 0.913061 0.658252
vt 0.060498 0.141626
vt 0.047876 0.141626
vt 0.047876 0.154248
vt 0.563501 0.685498
vt 0.591748 0.657251
vt 0.563501 0.657251
vt 0.485376 0.876001
vt 0.497998 0.876001
vt 0.485376 0.904248
vt 0.669873 0.938501
vt 0.665064 0.938501
vt 0.665064 0.951123
vt 0.452124 0.877002
vt 0.439502 0.905249
vt 0.452124 0.905249
vt 0.662060 0.938501
vt 0.657251 0.938501
vt 0.657251 0.951123
vt 0.680689 0.938501
vt 0.685498 0.938501
vt 0.680689 0.951123
vt 0.922876 0.657251
vt 0.927685 0.657251
vt 0.922876 0.685498
vt 0.467749 0.877002
vt 0.467749 0.905249
vt 0.455127 0.905249
vt 0.622998 0.626001
vt 0.594751 0.654248
vt 0.594751 0.626001
vt 0.883814 0.685498
vt 0.883814 0.657251
vt 0.888623 0.657251
vt 0.563501 0.626001
vt 0.591748 0.626001
vt 0.563501 0.654248
vt 0.532251 0.747998
vt 0.560498 0.719751
vt 0.532251 0.719751
vt 0.561499 0.502002
vt 0.561499 0.561499
vt 0.502002 0.561499
vt 0.469751 0.904248
vt 0.482373 0.876001
vt 0.469751 0.876001
vt 0.672876 0.951123
vt 0.677685 0.938501
vt 0.672876 0.938501
vt 0.883814 0.758814
vt 0.888623 0.758814
vt 0.883814 0.763623
vt 0.876001 0.758814
vt 0.880810 0.758814
vt 0.876001 0.763623
vt 0.454126 0.907251
vt 0.466748 0.907251
vt 0.454126 0.935498
vt 0.883814 0.755810
vt 0.888623 0.751001
vt 0.883814 0.751001
vt 0.880810 0.751001
vt 0.876001 0.755810
vt 0.876001 0.751001
vt 0.665064 0.954126
vt 0.669873 0.954126
vt 0.665064 0.966748
vt 0.657251 0.954126
vt 0.657251 0.966748
vt 0.662060 0.954126
vt 0.680689 0.954126
vt 0.680689 0.966748
vt 0.685498 0.954126
vt 0.451123 0.907251
vt 0.438501 0.935498
vt 0.438501 0.907251
vt 0.501001 0.747998
vt 0.501001 0.719751
vt 0.529248 0.719751
vt 0.532251 0.716748
vt 0.560498 0.688501
vt 0.532251 0.688501
vt 0.044873 0.141626
vt 0.032251 0.154248
vt 0.032251 0.141626
vt 0.672876 0.954126
vt 0.672876 0.966748
vt 0.677685 0.954126
vt 0.060498 0.126001
vt 0.047876 0.138623
vt 0.047876 0.126001
vt 0.485376 0.935498
vt 0.485376 0.907251
vt 0.497998 0.907251
vt 0.501001 0.688501
vt 0.529248 0.688501
vt 0.501001 0.716748
vt 0.876001 0.657251
vt 0.876001 0.685498
vt 0.880810 0.657251
vt 0.594751 0.747998
vt 0.594751 0.719751
vt 0.622998 0.719751
vt 0.591748 0.719751
vt 0.563501 0.747998
vt 0.563501 0.719751
vt 0.594751 0.688501
vt 0.622998 0.688501
vt 0.594751 0.716748
vt 0.469751 0.935498
vt 0.469751 0.907251
vt 0.482373 0.907251
vt 0.391626 0.876001
vt 0.391626 0.904248
vt 0.404248 0.876001
vt 0.376001 0.904248
vt 0.388623 0.876001
vt 0.376001 0.876001
vt 0.591748 0.688501
vt 0.563501 0.716748
vt 0.563501 0.688501
vt 0.657251 0.532251
vt 0.657251 0.560498
vt 0.685498 0.532251
vt 0.899439 0.657251
vt 0.899439 0.685498
vt 0.904248 0.657251
vt 0.626001 0.532251
vt 0.654248 0.532251
vt 0.626001 0.560498
vt 0.657251 0.529248
vt 0.685498 0.501001
vt 0.657251 0.501001
vt 0.626001 0.501001
vt 0.654248 0.501001
vt 0.626001 0.529248
vt 0.719751 0.560498
vt 0.747998 0.532251
vt 0.719751 0.532251
vt 0.716748 0.532251
vt 0.688501 0.560498
vt 0.688501 0.532251
vt 0.719751 0.501001
vt 0.747998 0.501001
vt 0.719751 0.529248
vt 0.716748 0.501001
vt 0.688501 0.529248
vt 0.688501 0.501001
vt 0.435498 0.876001
vt 0.422876 0.876001
vt 0.422876 0.904248
vt 0.032251 0.138623
vt 0.044873 0.126001
vt 0.032251 0.126001
vt 0.016626 0.172876
vt 0.029248 0.172876
vt 0.016626 0.185498
vt 0.638623 0.938501
vt 0.633814 0.938501
vt 0.633814 0.951123
vt 0.626001 0.938501
vt 0.630810 0.938501
vt 0.626001 0.951123
vt 0.407251 0.904248
vt 0.407251 0.876001
vt 0.419873 0.876001
vt 0.904248 0.758814
vt 0.899439 0.758814
vt 0.899439 0.763623
vt 0.391626 0.935498
vt 0.404248 0.907251
vt 0.391626 0.907251
vt 0.654248 0.938501
vt 0.649439 0.938501
vt 0.649439 0.951123
vt 0.663061 0.967749
vt 0.658252 0.967749
vt 0.663061 0.955127
vt 0.891626 0.758814
vt 0.891626 0.763623
vt 0.896435 0.758814
vt 0.891626 0.685498
vt 0.896435 0.657251
vt 0.891626 0.657251
vt 0.915064 0.626001
vt 0.919873 0.626001
vt 0.915064 0.654248
vt 0.685498 0.594751
vt 0.657251 0.622998
vt 0.657251 0.594751
vt 0.904248 0.751001
vt 0.899439 0.755810
vt 0.899439 0.751001
vt 0.646435 0.938501
vt 0.641626 0.951123
vt 0.641626 0.938501
vt 0.013623 0.172876
vt 0.001001 0.185498
vt 0.001001 0.172876
vt 0.376001 0.907251
vt 0.376001 0.935498
vt 0.388623 0.907251
vt 0.016626 0.169873
vt 0.029248 0.157251
vt 0.016626 0.157251
vt 0.633814 0.954126
vt 0.633814 0.966748
vt 0.638623 0.954126
vt 0.626001 0.594751
vt 0.626001 0.622998
vt 0.654248 0.594751
vt 0.891626 0.751001
vt 0.891626 0.755810
vt 0.896435 0.751001
vt 0.013623 0.157251
vt 0.001001 0.169873
vt 0.001001 0.157251
vt 0.883814 0.779248
vt 0.883814 0.774439
vt 0.888623 0.774439
vt 0.907251 0.654248
vt 0.912060 0.626001
vt 0.907251 0.626001
vt 0.913061 0.627002
vt 0.908252 0.655249
vt 0.913061 0.655249
vt 0.626001 0.954126
vt 0.626001 0.966748
vt 0.630810 0.954126
vt 0.467749 0.908252
vt 0.455127 0.936499
vt 0.467749 0.936499
vt 0.930689 0.654248
vt 0.930689 0.626001
vt 0.935498 0.626001
vt 0.649439 0.954126
vt 0.649439 0.966748
vt 0.654248 0.954126
vt 0.655249 0.967749
vt 0.655249 0.955127
vt 0.650440 0.967749
vt 0.646435 0.954126
vt 0.641626 0.966748
vt 0.641626 0.954126
vt 0.642627 0.967749
vt 0.647436 0.955127
vt 0.647436 0.967749
vt 0.732373 0.969751
vt 0.727564 0.982373
vt 0.727564 0.969751
vt 0.728565 0.983374
vt 0.733374 0.970752
vt 0.733374 0.983374
vt 0.724560 0.969751
vt 0.719751 0.982373
vt 0.719751 0.969751
vt 0.720752 0.983374
vt 0.725561 0.970752
vt 0.725561 0.983374
vt 0.889624 0.780249
vt 0.889624 0.775440
vt 0.884815 0.780249
vt 0.422876 0.935498
vt 0.435498 0.907251
vt 0.422876 0.907251
vt 0.922876 0.654248
vt 0.922876 0.626001
vt 0.927685 0.626001
vt 0.876001 0.774439
vt 0.876001 0.779248
vt 0.880810 0.774439
vt 0.883814 0.766626
vt 0.883814 0.771435
vt 0.888623 0.766626
vt 0.876001 0.766626
vt 0.880810 0.766626
vt 0.876001 0.771435
vt 0.747998 0.969751
vt 0.743189 0.982373
vt 0.743189 0.969751
vt 0.904248 0.774439
vt 0.899439 0.774439
vt 0.899439 0.779248
vt 0.883814 0.654248
vt 0.888623 0.626001
vt 0.883814 0.626001
vt 0.889624 0.627002
vt 0.884815 0.655249
vt 0.889624 0.655249
vt 0.735376 0.969751
vt 0.735376 0.982373
vt 0.740185 0.969751
vt 0.407251 0.935498
vt 0.419873 0.907251
vt 0.407251 0.907251
vt 0.727564 0.997998
vt 0.727564 0.985376
vt 0.732373 0.985376
vt 0.891626 0.774439
vt 0.896435 0.774439
vt 0.891626 0.779248
vt 0.329126 0.966748
vt 0.341748 0.938501
vt 0.329126 0.938501
vt 0.719751 0.997998
vt 0.719751 0.985376
vt 0.724560 0.985376
vt 0.743189 0.985376
vt 0.743189 0.997998
vt 0.747998 0.985376
vt 0.748999 0.998999
vt 0.748999 0.986377
vt 0.744190 0.998999
vt 0.876001 0.654248
vt 0.876001 0.626001
vt 0.880810 0.626001
vt 0.881811 0.627002
vt 0.881811 0.655249
vt 0.877002 0.655249
vt 0.899439 0.654248
vt 0.899439 0.626001
vt 0.904248 0.626001
vt 0.891626 0.654248
vt 0.891626 0.626001
vt 0.896435 0.626001
vt 0.735376 0.985376
vt 0.735376 0.997998
vt 0.740185 0.985376
vt 0.741186 0.998999
vt 0.741186 0.986377
vt 0.736377 0.998999
vt 0.326123 0.938501
vt 0.313501 0.938501
vt 0.313501 0.966748
vt 0.360376 0.938501
vt 0.372998 0.938501
vt 0.360376 0.966748
vt 0.685498 0.563501
vt 0.657251 0.563501
vt 0.657251 0.591748
vt 0.344751 0.938501
vt 0.357373 0.938501
vt 0.344751 0.966748
vt 0.654248 0.563501
vt 0.626001 0.591748
vt 0.626001 0.563501
vt 0.329126 0.969751
vt 0.329126 0.997998
vt 0.341748 0.969751
vt 0.047876 0.172876
vt 0.060498 0.172876
vt 0.047876 0.185498
vt 0.696314 0.969751
vt 0.701123 0.969751
vt 0.696314 0.982373
vt 0.044873 0.172876
vt 0.032251 0.172876
vt 0.032251 0.185498
vt 0.060498 0.157251
vt 0.047876 0.157251
vt 0.047876 0.169873
vt 0.313501 0.969751
vt 0.326123 0.969751
vt 0.313501 0.997998
vt 0.693310 0.969751
vt 0.688501 0.969751
vt 0.688501 0.982373
vt 0.360376 0.969751
vt 0.372998 0.969751
vt 0.360376 0.997998
vt 0.982373 0.657251
vt 0.977564 0.657251
vt 0.977564 0.685498
vt 0.719751 0.594751
vt 0.719751 0.622998
vt 0.747998 0.594751
vt 0.716748 0.594751
vt 0.688501 0.594751
vt 0.688501 0.622998
vt 0.876001 0.813501
vt 0.880810 0.813501
vt 0.876001 0.872998
vt 0.071314 0.126001
vt 0.076123 0.126001
vt 0.071314 0.185498
vt 0.501001 0.876001
vt 0.513623 0.876001
vt 0.501001 0.935498
vt 0.063501 0.126001
vt 0.068310 0.126001
vt 0.063501 0.185498
vt 0.063501 0.563501
vt 0.091748 0.563501
vt 0.063501 0.622998
vt 0.547876 0.876001
vt 0.560498 0.876001
vt 0.547876 0.935498
vt 0.560498 0.001001
vt 0.532251 0.001001
vt 0.532251 0.060498
vt 0.544873 0.876001
vt 0.532251 0.876001
vt 0.532251 0.935498
vt 0.501001 0.001001
vt 0.529248 0.001001
vt 0.501001 0.060498
vt 0.954126 0.563501
vt 0.966748 0.563501
vt 0.954126 0.622998
vt 0.951123 0.563501
vt 0.938501 0.563501
vt 0.938501 0.622998
vt 0.091748 0.126001
vt 0.086939 0.126001
vt 0.086939 0.185498
vt 0.622998 0.001001
vt 0.594751 0.001001
vt 0.594751 0.060498
vt 0.985376 0.563501
vt 0.997998 0.563501
vt 0.985376 0.622998
vt 0.591748 0.001001
vt 0.563501 0.001001
vt 0.563501 0.060498
vt 0.344751 0.969751
vt 0.357373 0.969751
vt 0.344751 0.997998
vt 0.279248 0.938501
vt 0.266626 0.938501
vt 0.266626 0.966748
vt 0.969751 0.657251
vt 0.974560 0.657251
vt 0.969751 0.685498
vt 0.032251 0.157251
vt 0.044873 0.157251
vt 0.032251 0.169873
vt 0.711939 0.969751
vt 0.716748 0.969751
vt 0.711939 0.982373
vt 0.204126 0.079126
vt 0.216748 0.079126
vt 0.204126 0.091748
vt 0.704126 0.969751
vt 0.708935 0.969751
vt 0.704126 0.982373
vt 0.251001 0.938501
vt 0.251001 0.966748
vt 0.263623 0.938501
vt 0.188501 0.079126
vt 0.201123 0.079126
vt 0.188501 0.091748
vt 0.696314 0.985376
vt 0.701123 0.985376
vt 0.696314 0.997998
vt 0.688501 0.985376
vt 0.693310 0.985376
vt 0.688501 0.997998
vt 0.216748 0.063501
vt 0.204126 0.063501
vt 0.204126 0.076123
vt 0.716748 0.985376
vt 0.711939 0.985376
vt 0.711939 0.997998
vt 0.704126 0.985376
vt 0.708935 0.985376
vt 0.704126 0.997998
vt 0.727564 0.938501
vt 0.732373 0.938501
vt 0.727564 0.951123
vt 0.724560 0.938501
vt 0.719751 0.938501
vt 0.719751 0.951123
vt 0.743189 0.938501
vt 0.747998 0.938501
vt 0.743189 0.951123
vt 0.297876 0.966748
vt 0.310498 0.938501
vt 0.297876 0.938501
vt 0.188501 0.076123
vt 0.188501 0.063501
vt 0.201123 0.063501
vt 0.735376 0.938501
vt 0.740185 0.938501
vt 0.735376 0.951123
vt 0.235376 0.091748
vt 0.235376 0.079126
vt 0.247998 0.079126
vt 0.232373 0.079126
vt 0.219751 0.079126
vt 0.219751 0.091748
vt 0.282251 0.966748
vt 0.282251 0.938501
vt 0.294873 0.938501
vt 0.247998 0.063501
vt 0.235376 0.063501
vt 0.235376 0.076123
vt 0.232373 0.063501
vt 0.219751 0.063501
vt 0.219751 0.076123
vt 0.216748 0.110376
vt 0.204126 0.110376
vt 0.204126 0.122998
vt 0.732373 0.954126
vt 0.727564 0.954126
vt 0.727564 0.966748
vt 0.719751 0.954126
vt 0.724560 0.954126
vt 0.719751 0.966748
vt 0.188501 0.110376
vt 0.201123 0.110376
vt 0.188501 0.122998
vt 0.670874 0.952124
vt 0.666065 0.952124
vt 0.670874 0.939502
vt 0.204126 0.094751
vt 0.216748 0.094751
vt 0.204126 0.107373
vt 0.743189 0.954126
vt 0.747998 0.954126
vt 0.743189 0.966748
vt 0.740185 0.954126
vt 0.735376 0.954126
vt 0.735376 0.966748
vt 0.701123 0.938501
vt 0.696314 0.938501
vt 0.696314 0.951123
vt 0.993189 0.657251
vt 0.997998 0.657251
vt 0.993189 0.685498
vt 0.985376 0.657251
vt 0.990185 0.657251
vt 0.985376 0.685498
vt 0.266626 0.969751
vt 0.279248 0.969751
vt 0.266626 0.997998
vt 0.920874 0.686499
vt 0.916065 0.686499
vt 0.920874 0.658252
vt 0.946314 0.657251
vt 0.951123 0.657251
vt 0.946314 0.685498
vt 0.943310 0.657251
vt 0.938501 0.657251
vt 0.938501 0.685498
vt 0.966748 0.657251
vt 0.961939 0.657251
vt 0.961939 0.685498
vt 0.263623 0.969751
vt 0.251001 0.969751
vt 0.251001 0.997998
vt 0.201123 0.094751
vt 0.188501 0.094751
vt 0.188501 0.107373
vt 0.247998 0.110376
vt 0.235376 0.110376
vt 0.235376 0.122998
vt 0.217749 0.123999
vt 0.205127 0.123999
vt 0.217749 0.111377
vt 0.688501 0.938501
vt 0.693310 0.938501
vt 0.688501 0.951123
vt 0.954126 0.657251
vt 0.958935 0.657251
vt 0.954126 0.685498
vt 0.983374 0.686499
vt 0.978565 0.686499
vt 0.983374 0.658252
vt 0.977564 0.626001
vt 0.982373 0.626001
vt 0.977564 0.654248
vt 0.420874 0.939502
vt 0.408252 0.967749
vt 0.420874 0.967749
vt 0.297876 0.969751
vt 0.310498 0.969751
vt 0.297876 0.997998
vt 0.219751 0.122998
vt 0.219751 0.110376
vt 0.232373 0.110376
vt 0.235376 0.094751
vt 0.235376 0.107373
vt 0.247998 0.094751
vt 0.282251 0.997998
vt 0.294873 0.969751
vt 0.282251 0.969751
vt 0.329126 0.876001
vt 0.341748 0.876001
vt 0.329126 0.904248
vt 0.313501 0.904248
vt 0.313501 0.876001
vt 0.326123 0.876001
vt 0.372998 0.876001
vt 0.360376 0.876001
vt 0.360376 0.904248
vt 0.219751 0.107373
vt 0.219751 0.094751
vt 0.232373 0.094751
vt 0.719751 0.563501
vt 0.719751 0.591748
vt 0.747998 0.563501
vt 0.357373 0.876001
vt 0.344751 0.904248
vt 0.344751 0.876001
vt 0.702124 0.983374
vt 0.702124 0.970752
vt 0.697315 0.983374
vt 0.969751 0.654248
vt 0.974560 0.626001
vt 0.969751 0.626001
vt 0.688501 0.591748
vt 0.716748 0.563501
vt 0.688501 0.563501
vt 0.532251 0.063501
vt 0.532251 0.122998
vt 0.560498 0.063501
vt 0.993189 0.626001
vt 0.993189 0.654248
vt 0.997998 0.626001
vt 0.060498 0.032251
vt 0.032251 0.032251
vt 0.032251 0.060498
vt 0.083935 0.126001
vt 0.079126 0.185498
vt 0.079126 0.126001
vt 0.029248 0.032251
vt 0.001001 0.060498
vt 0.001001 0.032251
vt 0.498999 0.877002
vt 0.498999 0.905249
vt 0.486377 0.905249
vt 0.060498 0.001001
vt 0.032251 0.029248
vt 0.032251 0.001001
vt 0.408252 0.436499
vt 0.436499 0.377002
vt 0.436499 0.436499
vt 0.141626 0.079126
vt 0.141626 0.091748
vt 0.154248 0.079126
vt 0.329126 0.935498
vt 0.329126 0.907251
vt 0.341748 0.907251
vt 0.029248 0.001001
vt 0.001001 0.029248
vt 0.001001 0.001001
vt 0.326123 0.907251
vt 0.313501 0.907251
vt 0.313501 0.935498
vt 0.748999 0.592749
vt 0.720752 0.592749
vt 0.748999 0.564502
vt 0.126001 0.079126
vt 0.126001 0.091748
vt 0.138623 0.079126
vt 0.985376 0.654248
vt 0.985376 0.626001
vt 0.990185 0.626001
vt 0.122998 0.032251
vt 0.094751 0.060498
vt 0.094751 0.032251
vt 0.711939 0.938501
vt 0.716748 0.938501
vt 0.711939 0.951123
vt 0.704126 0.938501
vt 0.708935 0.938501
vt 0.704126 0.951123
vt 0.642627 0.952124
vt 0.647436 0.952124
vt 0.647436 0.939502
vt 0.063501 0.060498
vt 0.091748 0.032251
vt 0.063501 0.032251
vt 0.141626 0.063501
vt 0.154248 0.063501
vt 0.141626 0.076123
vt 0.126001 0.063501
vt 0.126001 0.076123
vt 0.138623 0.063501
vt 0.172876 0.079126
vt 0.172876 0.091748
vt 0.185498 0.079126
vt 0.360376 0.935498
vt 0.372998 0.907251
vt 0.360376 0.907251
vt 0.344751 0.935498
vt 0.344751 0.907251
vt 0.357373 0.907251
vt 0.169873 0.079126
vt 0.157251 0.079126
vt 0.157251 0.091748
vt 0.701123 0.954126
vt 0.696314 0.954126
vt 0.696314 0.966748
vt 0.266626 0.876001
vt 0.266626 0.904248
vt 0.279248 0.876001
vt 0.251001 0.876001
vt 0.251001 0.904248
vt 0.263623 0.876001
vt 0.172876 0.063501
vt 0.185498 0.063501
vt 0.172876 0.076123
vt 0.157251 0.063501
vt 0.169873 0.063501
vt 0.157251 0.076123
vt 0.688501 0.954126
vt 0.693310 0.954126
vt 0.688501 0.966748
vt 0.141626 0.110376
vt 0.154248 0.110376
vt 0.141626 0.122998
vt 0.138623 0.110376
vt 0.126001 0.110376
vt 0.126001 0.122998
vt 0.716748 0.954126
vt 0.711939 0.954126
vt 0.711939 0.966748
vt 0.141626 0.107373
vt 0.141626 0.094751
vt 0.154248 0.094751
vt 0.126001 0.107373
vt 0.126001 0.094751
vt 0.138623 0.094751
vt 0.172876 0.122998
vt 0.172876 0.110376
vt 0.185498 0.110376
vt 0.157251 0.122998
vt 0.157251 0.110376
vt 0.169873 0.110376
vt 0.297876 0.876001
vt 0.297876 0.904248
vt 0.310498 0.876001
vt 0.122998 0.001001
vt 0.094751 0.029248
vt 0.094751 0.001001
vt 0.185498 0.094751
vt 0.172876 0.094751
vt 0.172876 0.107373
vt 0.282251 0.876001
vt 0.282251 0.904248
vt 0.294873 0.876001
vt 0.279248 0.907251
vt 0.266626 0.935498
vt 0.266626 0.907251
vt 0.595752 0.936499
vt 0.608374 0.936499
vt 0.608374 0.877002
vt 0.517627 0.936499
vt 0.530249 0.936499
vt 0.530249 0.877002
vt 0.033252 0.623999
vt 0.061499 0.623999
vt 0.061499 0.564502
vt 0.501001 0.063501
vt 0.529248 0.063501
vt 0.501001 0.122998
vt 0.263623 0.907251
vt 0.251001 0.907251
vt 0.251001 0.935498
vt 0.946314 0.626001
vt 0.951123 0.626001
vt 0.946314 0.654248
vt 0.592749 0.717749
vt 0.564502 0.717749
vt 0.592749 0.689502
vt 0.063501 0.001001
vt 0.063501 0.029248
vt 0.091748 0.001001
vt 0.297876 0.907251
vt 0.310498 0.907251
vt 0.297876 0.935498
vt 0.157251 0.094751
vt 0.169873 0.094751
vt 0.157251 0.107373
vt 0.708935 0.954126
vt 0.704126 0.954126
vt 0.704126 0.966748
vt 0.165064 0.282251
vt 0.169873 0.282251
vt 0.165064 0.294873
vt 0.142627 0.123999
vt 0.155249 0.123999
vt 0.155249 0.111377
vt 0.162060 0.282251
vt 0.157251 0.282251
vt 0.157251 0.294873
vt 0.294873 0.907251
vt 0.282251 0.907251
vt 0.282251 0.935498
vt 0.127002 0.108374
vt 0.139624 0.108374
vt 0.139624 0.095752
vt 0.954126 0.313501
vt 0.966748 0.313501
vt 0.954126 0.341748
vt 0.951123 0.313501
vt 0.938501 0.313501
vt 0.938501 0.341748
vt 0.560498 0.376001
vt 0.501001 0.376001
vt 0.501001 0.435498
vt 0.594751 0.122998
vt 0.594751 0.063501
vt 0.622998 0.063501
vt 0.030249 0.623999
vt 0.002002 0.623999
vt 0.030249 0.564502
vt 0.591748 0.063501
vt 0.563501 0.063501
vt 0.563501 0.122998
vt 0.216748 0.016626
vt 0.204126 0.016626
vt 0.204126 0.029248
vt 0.201123 0.016626
vt 0.188501 0.016626
vt 0.188501 0.029248
vt 0.997998 0.313501
vt 0.985376 0.341748
vt 0.985376 0.313501
vt 0.969751 0.313501
vt 0.969751 0.341748
vt 0.982373 0.313501
vt 0.702124 0.998999
vt 0.697315 0.998999
vt 0.702124 0.986377
vt 0.180689 0.282251
vt 0.185498 0.282251
vt 0.180689 0.294873
vt 0.954126 0.372998
vt 0.954126 0.344751
vt 0.966748 0.344751
vt 0.204126 0.013623
vt 0.204126 0.001001
vt 0.216748 0.001001
vt 0.201123 0.001001
vt 0.188501 0.001001
vt 0.188501 0.013623
vt 0.705127 0.983374
vt 0.709936 0.983374
vt 0.709936 0.970752
vt 0.172876 0.282251
vt 0.177685 0.282251
vt 0.172876 0.294873
vt 0.165064 0.297876
vt 0.169873 0.297876
vt 0.165064 0.310498
vt 0.162060 0.297876
vt 0.157251 0.297876
vt 0.157251 0.310498
vt 0.166065 0.311499
vt 0.170874 0.311499
vt 0.170874 0.298877
vt 0.235376 0.029248
vt 0.235376 0.016626
vt 0.247998 0.016626
vt 0.232373 0.016626
vt 0.219751 0.016626
vt 0.219751 0.029248
vt 0.235376 0.001001
vt 0.247998 0.001001
vt 0.235376 0.013623
vt 0.219751 0.001001
vt 0.232373 0.001001
vt 0.219751 0.013623
vt 0.969751 0.622998
vt 0.982373 0.563501
vt 0.969751 0.563501
vt 0.938501 0.372998
vt 0.938501 0.344751
vt 0.951123 0.344751
vt 0.985376 0.372998
vt 0.997998 0.344751
vt 0.985376 0.344751
vt 0.969751 0.372998
vt 0.982373 0.344751
vt 0.969751 0.344751
vt 0.216748 0.047876
vt 0.204126 0.047876
vt 0.204126 0.060498
vt 0.712940 0.983374
vt 0.717749 0.983374
vt 0.717749 0.970752
vt 0.392627 0.905249
vt 0.405249 0.877002
vt 0.405249 0.905249
vt 0.139624 0.077124
vt 0.127002 0.077124
vt 0.139624 0.064502
vt 0.180689 0.297876
vt 0.185498 0.297876
vt 0.180689 0.310498
vt 0.177685 0.297876
vt 0.172876 0.297876
vt 0.172876 0.310498
vt 0.188501 0.060498
vt 0.201123 0.047876
vt 0.188501 0.047876
vt 0.216748 0.032251
vt 0.204126 0.032251
vt 0.204126 0.044873
vt 0.133814 0.282251
vt 0.138623 0.282251
vt 0.133814 0.294873
vt 0.126001 0.282251
vt 0.130810 0.282251
vt 0.126001 0.294873
vt 0.186499 0.295874
vt 0.181690 0.295874
vt 0.186499 0.283252
vt 0.188501 0.032251
vt 0.201123 0.032251
vt 0.188501 0.044873
vt 0.149439 0.282251
vt 0.154248 0.282251
vt 0.149439 0.294873
vt 0.247998 0.047876
vt 0.235376 0.047876
vt 0.235376 0.060498
vt 0.141626 0.282251
vt 0.146435 0.282251
vt 0.141626 0.294873
vt 0.904248 0.313501
vt 0.891626 0.341748
vt 0.891626 0.313501
vt 0.876001 0.313501
vt 0.876001 0.341748
vt 0.888623 0.313501
vt 0.219751 0.060498
vt 0.232373 0.047876
vt 0.219751 0.047876
vt 0.235376 0.044873
vt 0.235376 0.032251
vt 0.247998 0.032251
vt 0.943310 0.626001
vt 0.938501 0.626001
vt 0.938501 0.654248
vt 0.935498 0.313501
vt 0.922876 0.313501
vt 0.922876 0.341748
vt 0.138623 0.297876
vt 0.133814 0.297876
vt 0.133814 0.310498
vt 0.219751 0.032251
vt 0.232373 0.032251
vt 0.219751 0.044873
vt 0.702124 0.952124
vt 0.697315 0.952124
vt 0.702124 0.939502
vt 0.126001 0.297876
vt 0.130810 0.297876
vt 0.126001 0.310498
vt 0.154248 0.297876
vt 0.149439 0.297876
vt 0.149439 0.310498
vt 0.907251 0.313501
vt 0.907251 0.341748
vt 0.919873 0.313501
vt 0.891626 0.344751
vt 0.904248 0.344751
vt 0.891626 0.372998
vt 0.532251 0.126001
vt 0.560498 0.126001
vt 0.532251 0.185498
vt 0.876001 0.344751
vt 0.888623 0.344751
vt 0.876001 0.372998
vt 0.961939 0.654248
vt 0.961939 0.626001
vt 0.966748 0.626001
vt 0.595752 0.655249
vt 0.623999 0.627002
vt 0.623999 0.655249
vt 0.922876 0.372998
vt 0.935498 0.344751
vt 0.922876 0.344751
vt 0.060498 0.094751
vt 0.032251 0.094751
vt 0.032251 0.122998
vt 0.954126 0.654248
vt 0.954126 0.626001
vt 0.958935 0.626001
vt 0.501001 0.126001
vt 0.501001 0.185498
vt 0.529248 0.126001
vt 0.502002 0.186499
vt 0.530249 0.127002
vt 0.530249 0.186499
vt 0.959936 0.655249
vt 0.959936 0.627002
vt 0.955127 0.655249
vt 0.907251 0.372998
vt 0.907251 0.344751
vt 0.919873 0.344751
vt 0.966748 0.251001
vt 0.954126 0.279248
vt 0.954126 0.251001
vt 0.891626 0.563501
vt 0.904248 0.563501
vt 0.891626 0.622998
vt 0.905249 0.405249
vt 0.905249 0.377002
vt 0.892627 0.405249
vt 0.146435 0.297876
vt 0.141626 0.297876
vt 0.141626 0.310498
vt 0.905249 0.686499
vt 0.900440 0.686499
vt 0.905249 0.658252
vt 0.938501 0.279248
vt 0.951123 0.251001
vt 0.938501 0.251001
vt 0.029248 0.094751
vt 0.001001 0.122998
vt 0.001001 0.094751
vt 0.985376 0.279248
vt 0.985376 0.251001
vt 0.997998 0.251001
vt 0.969751 0.251001
vt 0.969751 0.279248
vt 0.982373 0.251001
vt 0.905249 0.314502
vt 0.892627 0.342749
vt 0.905249 0.342749
vt 0.622998 0.126001
vt 0.594751 0.126001
vt 0.594751 0.185498
vt 0.686499 0.623999
vt 0.658252 0.623999
vt 0.686499 0.595752
vt 0.392627 0.967749
vt 0.405249 0.939502
vt 0.405249 0.967749
vt 0.280249 0.905249
vt 0.280249 0.877002
vt 0.267627 0.905249
vt 0.389624 0.970752
vt 0.377002 0.998999
vt 0.389624 0.998999
vt 0.141626 0.029248
vt 0.141626 0.016626
vt 0.154248 0.016626
vt 0.138623 0.016626
vt 0.126001 0.016626
vt 0.126001 0.029248
vt 0.165064 0.251001
vt 0.169873 0.251001
vt 0.165064 0.263623
vt 0.157251 0.251001
vt 0.162060 0.251001
vt 0.157251 0.263623
vt 0.185498 0.251001
vt 0.180689 0.251001
vt 0.180689 0.263623
vt 0.954126 0.282251
vt 0.954126 0.310498
vt 0.966748 0.282251
vt 0.899439 0.766626
vt 0.899439 0.771435
vt 0.904248 0.766626
vt 0.172876 0.251001
vt 0.177685 0.251001
vt 0.172876 0.263623
vt 0.165064 0.266626
vt 0.169873 0.266626
vt 0.165064 0.279248
vt 0.141626 0.001001
vt 0.141626 0.013623
vt 0.154248 0.001001
vt 0.938501 0.282251
vt 0.938501 0.310498
vt 0.951123 0.282251
vt 0.126001 0.001001
vt 0.138623 0.001001
vt 0.126001 0.013623
vt 0.185498 0.016626
vt 0.172876 0.029248
vt 0.172876 0.016626
vt 0.157251 0.029248
vt 0.157251 0.016626
vt 0.169873 0.016626
vt 0.172876 0.001001
vt 0.172876 0.013623
vt 0.185498 0.001001
vt 0.997998 0.282251
vt 0.985376 0.310498
vt 0.985376 0.282251
vt 0.157251 0.279248
vt 0.157251 0.266626
vt 0.162060 0.266626
vt 0.915064 0.719751
vt 0.915064 0.747998
vt 0.919873 0.719751
vt 0.912060 0.719751
vt 0.907251 0.747998
vt 0.907251 0.719751
vt 0.891626 0.766626
vt 0.896435 0.766626
vt 0.891626 0.771435
vt 0.758814 0.883814
vt 0.763623 0.883814
vt 0.758814 0.888623
vt 0.967749 0.658252
vt 0.962940 0.686499
vt 0.967749 0.686499
vt 0.639624 0.955127
vt 0.639624 0.967749
vt 0.634815 0.967749
vt 0.930689 0.747998
vt 0.935498 0.719751
vt 0.930689 0.719751
vt 0.922876 0.747998
vt 0.922876 0.719751
vt 0.927685 0.719751
vt 0.751001 0.883814
vt 0.755810 0.883814
vt 0.751001 0.888623
vt 0.967749 0.655249
vt 0.967749 0.627002
vt 0.962940 0.655249
vt 0.982373 0.282251
vt 0.969751 0.310498
vt 0.969751 0.282251
vt 0.888623 0.719751
vt 0.883814 0.719751
vt 0.883814 0.747998
vt 0.884815 0.748999
vt 0.889624 0.748999
vt 0.889624 0.720752
vt 0.032251 0.063501
vt 0.060498 0.063501
vt 0.032251 0.091748
vt 0.001001 0.063501
vt 0.029248 0.063501
vt 0.001001 0.091748
vt 0.655249 0.436499
vt 0.627002 0.436499
vt 0.655249 0.408252
vt 0.094751 0.094751
vt 0.122998 0.094751
vt 0.094751 0.122998
vt 0.063501 0.122998
vt 0.063501 0.094751
vt 0.091748 0.094751
vt 0.092749 0.095752
vt 0.092749 0.123999
vt 0.064502 0.123999
vt 0.094751 0.091748
vt 0.094751 0.063501
vt 0.122998 0.063501
vt 0.717749 0.533252
vt 0.717749 0.561499
vt 0.689502 0.561499
vt 0.880810 0.719751
vt 0.876001 0.719751
vt 0.876001 0.747998
vt 0.063501 0.091748
vt 0.063501 0.063501
vt 0.091748 0.063501
vt 0.810498 0.032251
vt 0.782251 0.032251
vt 0.782251 0.060498
vt 0.783252 0.061499
vt 0.811499 0.061499
vt 0.811499 0.033252
vt 0.751001 0.060498
vt 0.751001 0.032251
vt 0.779248 0.032251
vt 0.780249 0.033252
vt 0.780249 0.061499
vt 0.752002 0.061499
vt 0.185498 0.266626
vt 0.180689 0.266626
vt 0.180689 0.279248
vt 0.127002 0.295874
vt 0.131811 0.295874
vt 0.131811 0.283252
vt 0.904248 0.251001
vt 0.891626 0.279248
vt 0.891626 0.251001
vt 0.157251 0.001001
vt 0.157251 0.013623
vt 0.169873 0.001001
vt 0.876001 0.279248
vt 0.876001 0.251001
vt 0.888623 0.251001
vt 0.922876 0.279248
vt 0.922876 0.251001
vt 0.935498 0.251001
vt 0.782251 0.029248
vt 0.810498 0.001001
vt 0.782251 0.001001
vt 0.907251 0.279248
vt 0.907251 0.251001
vt 0.919873 0.251001
vt 0.779248 0.001001
vt 0.751001 0.029248
vt 0.751001 0.001001
vt 0.844751 0.060498
vt 0.844751 0.032251
vt 0.872998 0.032251
vt 0.813501 0.032251
vt 0.813501 0.060498
vt 0.841748 0.032251
vt 0.844751 0.001001
vt 0.844751 0.029248
vt 0.872998 0.001001
vt 0.813501 0.001001
vt 0.813501 0.029248
vt 0.841748 0.001001
vt 0.952124 0.373999
vt 0.952124 0.345752
vt 0.939502 0.373999
vt 0.177685 0.266626
vt 0.172876 0.266626
vt 0.172876 0.279248
vt 0.373999 0.998999
vt 0.373999 0.970752
vt 0.361377 0.998999
vt 0.891626 0.282251
vt 0.891626 0.310498
vt 0.904248 0.282251
vt 0.295874 0.877002
vt 0.283252 0.905249
vt 0.295874 0.905249
vt 0.405249 0.970752
vt 0.405249 0.998999
vt 0.392627 0.998999
vt 0.952124 0.314502
vt 0.939502 0.342749
vt 0.952124 0.342749
vt 0.876001 0.310498
vt 0.888623 0.282251
vt 0.876001 0.282251
vt 0.935498 0.282251
vt 0.922876 0.310498
vt 0.922876 0.282251
vt 0.907251 0.282251
vt 0.907251 0.310498
vt 0.919873 0.282251
vt 0.204126 0.938501
vt 0.204126 0.966748
vt 0.216748 0.938501
vt 0.188501 0.938501
vt 0.188501 0.966748
vt 0.201123 0.938501
vt 0.782251 0.122998
vt 0.782251 0.094751
vt 0.810498 0.094751
vt 0.247998 0.938501
vt 0.235376 0.938501
vt 0.235376 0.966748
vt 0.219751 0.966748
vt 0.232373 0.938501
vt 0.219751 0.938501
vt 0.141626 0.047876
vt 0.154248 0.047876
vt 0.141626 0.060498
vt 0.138623 0.047876
vt 0.126001 0.060498
vt 0.126001 0.047876
vt 0.141626 0.032251
vt 0.141626 0.044873
vt 0.154248 0.032251
vt 0.138623 0.032251
vt 0.126001 0.044873
vt 0.126001 0.032251
vt 0.705127 0.655249
vt 0.717749 0.655249
vt 0.717749 0.642627
vt 0.204126 0.969751
vt 0.204126 0.997998
vt 0.216748 0.969751
vt 0.172876 0.047876
vt 0.185498 0.047876
vt 0.172876 0.060498
vt 0.201123 0.969751
vt 0.188501 0.969751
vt 0.188501 0.997998
vt 0.169873 0.047876
vt 0.157251 0.047876
vt 0.157251 0.060498
vt 0.172876 0.044873
vt 0.172876 0.032251
vt 0.185498 0.032251
vt 0.157251 0.032251
vt 0.169873 0.032251
vt 0.157251 0.044873
vt 0.204126 0.204126
vt 0.216748 0.204126
vt 0.204126 0.216748
vt 0.876001 0.622998
vt 0.888623 0.563501
vt 0.876001 0.563501
vt 0.186499 0.689502
vt 0.127002 0.748999
vt 0.186499 0.748999
vt 0.922876 0.622998
vt 0.935498 0.563501
vt 0.922876 0.563501
vt 0.563501 0.372998
vt 0.563501 0.313501
vt 0.622998 0.313501
vt 0.436499 0.908252
vt 0.436499 0.936499
vt 0.423877 0.936499
vt 0.563501 0.126001
vt 0.563501 0.185498
vt 0.591748 0.126001
vt 0.235376 0.997998
vt 0.235376 0.969751
vt 0.247998 0.969751
vt 0.779248 0.094751
vt 0.751001 0.122998
vt 0.751001 0.094751
vt 0.123999 0.061499
vt 0.095752 0.061499
vt 0.123999 0.033252
vt 0.899439 0.747998
vt 0.904248 0.719751
vt 0.899439 0.719751
vt 0.561499 0.127002
vt 0.533252 0.186499
vt 0.561499 0.186499
vt 0.896435 0.719751
vt 0.891626 0.719751
vt 0.891626 0.747998
vt 0.915064 0.688501
vt 0.919873 0.688501
vt 0.915064 0.716748
vt 0.040064 0.247998
vt 0.044873 0.188501
vt 0.040064 0.188501
vt 0.595752 0.123999
vt 0.623999 0.064502
vt 0.623999 0.123999
vt 0.983374 0.627002
vt 0.983374 0.655249
vt 0.978565 0.655249
vt 0.782251 0.063501
vt 0.782251 0.091748
vt 0.810498 0.063501
vt 0.779248 0.063501
vt 0.751001 0.091748
vt 0.751001 0.063501
vt 0.532251 0.188501
vt 0.560498 0.188501
vt 0.532251 0.247998
vt 0.897436 0.658252
vt 0.892627 0.686499
vt 0.897436 0.686499
vt 0.501001 0.247998
vt 0.501001 0.188501
vt 0.529248 0.188501
vt 0.561499 0.436499
vt 0.561499 0.377002
vt 0.502002 0.436499
vt 0.905249 0.564502
vt 0.892627 0.623999
vt 0.905249 0.623999
vt 0.758814 0.876001
vt 0.763623 0.876001
vt 0.758814 0.880810
vt 0.133814 0.263623
vt 0.138623 0.251001
vt 0.133814 0.251001
vt 0.844751 0.122998
vt 0.844751 0.094751
vt 0.872998 0.094751
vt 0.813501 0.122998
vt 0.813501 0.094751
vt 0.841748 0.094751
vt 0.844751 0.063501
vt 0.872998 0.063501
vt 0.844751 0.091748
vt 0.873999 0.092749
vt 0.845752 0.092749
vt 0.873999 0.064502
vt 0.841748 0.063501
vt 0.813501 0.063501
vt 0.813501 0.091748
vt 0.219751 0.997998
vt 0.232373 0.969751
vt 0.219751 0.969751
vt 0.060498 0.782251
vt 0.032251 0.782251
vt 0.032251 0.810498
vt 0.001001 0.782251
vt 0.029248 0.782251
vt 0.001001 0.810498
vt 0.188501 0.204126
vt 0.188501 0.216748
vt 0.201123 0.204126
vt 0.141626 0.938501
vt 0.141626 0.966748
vt 0.154248 0.938501
vt 0.126001 0.966748
vt 0.126001 0.938501
vt 0.138623 0.938501
vt 0.342749 0.939502
vt 0.330127 0.967749
vt 0.342749 0.967749
vt 0.216748 0.188501
vt 0.204126 0.201123
vt 0.204126 0.188501
vt 0.142627 0.014624
vt 0.155249 0.002002
vt 0.155249 0.014624
vt 0.188501 0.201123
vt 0.201123 0.188501
vt 0.188501 0.188501
vt 0.060498 0.751001
vt 0.032251 0.751001
vt 0.032251 0.779248
vt 0.373999 0.967749
vt 0.361377 0.967749
vt 0.373999 0.939502
vt 0.185498 0.938501
vt 0.172876 0.938501
vt 0.172876 0.966748
vt 0.235376 0.216748
vt 0.235376 0.204126
vt 0.247998 0.204126
vt 0.219751 0.216748
vt 0.232373 0.204126
vt 0.219751 0.204126
vt 0.170874 0.033252
vt 0.170874 0.045874
vt 0.158252 0.045874
vt 0.235376 0.188501
vt 0.235376 0.201123
vt 0.247998 0.188501
vt 0.001001 0.751001
vt 0.029248 0.751001
vt 0.001001 0.779248
vt 0.030249 0.780249
vt 0.030249 0.752002
vt 0.002002 0.780249
vt 0.912060 0.688501
vt 0.907251 0.688501
vt 0.907251 0.716748
vt 0.094751 0.782251
vt 0.094751 0.810498
vt 0.122998 0.782251
vt 0.091748 0.782251
vt 0.063501 0.810498
vt 0.063501 0.782251
vt 0.169873 0.938501
vt 0.157251 0.938501
vt 0.157251 0.966748
vt 0.141626 0.969751
vt 0.154248 0.969751
vt 0.141626 0.997998
vt 0.094751 0.751001
vt 0.094751 0.779248
vt 0.122998 0.751001
vt 0.126001 0.997998
vt 0.138623 0.969751
vt 0.126001 0.969751
vt 0.091748 0.751001
vt 0.063501 0.779248
vt 0.063501 0.751001
vt 0.126001 0.251001
vt 0.130810 0.251001
vt 0.126001 0.263623
vt 0.219751 0.201123
vt 0.219751 0.188501
vt 0.232373 0.188501
vt 0.172876 0.997998
vt 0.185498 0.969751
vt 0.172876 0.969751
vt 0.881811 0.814502
vt 0.877002 0.873999
vt 0.881811 0.873999
vt 0.907251 0.622998
vt 0.919873 0.563501
vt 0.907251 0.563501
vt 0.755810 0.876001
vt 0.751001 0.876001
vt 0.751001 0.880810
vt 0.752002 0.881811
vt 0.756811 0.881811
vt 0.756811 0.877002
vt 0.032251 0.247998
vt 0.037060 0.188501
vt 0.032251 0.188501
vt 0.069311 0.127002
vt 0.069311 0.186499
vt 0.064502 0.186499
vt 0.779248 0.883814
vt 0.774439 0.883814
vt 0.774439 0.888623
vt 0.892627 0.780249
vt 0.897436 0.780249
vt 0.897436 0.775440
vt 0.084936 0.127002
vt 0.084936 0.186499
vt 0.080127 0.186499
vt 0.935498 0.688501
vt 0.930689 0.688501
vt 0.930689 0.716748
vt 0.123999 0.002002
vt 0.095752 0.030249
vt 0.123999 0.030249
vt 0.032251 0.844751
vt 0.060498 0.844751
vt 0.032251 0.872998
vt 0.717749 0.623999
vt 0.689502 0.623999
vt 0.717749 0.595752
vt 0.561499 0.061499
vt 0.561499 0.002002
vt 0.533252 0.061499
vt 0.954126 0.560498
vt 0.954126 0.501001
vt 0.966748 0.501001
vt 0.501001 0.372998
vt 0.560498 0.313501
vt 0.501001 0.313501
vt 0.951123 0.501001
vt 0.938501 0.501001
vt 0.938501 0.560498
vt 0.997998 0.501001
vt 0.985376 0.560498
vt 0.985376 0.501001
vt 0.001001 0.844751
vt 0.001001 0.872998
vt 0.029248 0.844751
vt 0.030249 0.095752
vt 0.030249 0.123999
vt 0.002002 0.123999
vt 0.032251 0.813501
vt 0.032251 0.841748
vt 0.060498 0.813501
vt 0.563501 0.310498
vt 0.622998 0.251001
vt 0.563501 0.251001
vt 0.001001 0.813501
vt 0.029248 0.813501
vt 0.001001 0.841748
vt 0.030249 0.842749
vt 0.030249 0.814502
vt 0.002002 0.842749
vt 0.202124 0.967749
vt 0.202124 0.939502
vt 0.189502 0.967749
vt 0.060498 0.188501
vt 0.055689 0.247998
vt 0.055689 0.188501
vt 0.094751 0.872998
vt 0.122998 0.844751
vt 0.094751 0.844751
vt 0.063501 0.844751
vt 0.091748 0.844751
vt 0.063501 0.872998
vt 0.202124 0.095752
vt 0.189502 0.108374
vt 0.202124 0.108374
vt 0.173877 0.123999
vt 0.186499 0.123999
vt 0.186499 0.111377
vt 0.094751 0.841748
vt 0.094751 0.813501
vt 0.122998 0.813501
vt 0.922876 0.688501
vt 0.927685 0.688501
vt 0.922876 0.716748
vt 0.030249 0.845752
vt 0.030249 0.873999
vt 0.002002 0.873999
vt 0.063501 0.841748
vt 0.063501 0.813501
vt 0.091748 0.813501
vt 0.936499 0.436499
vt 0.923877 0.436499
vt 0.936499 0.408252
vt 0.157251 0.969751
vt 0.169873 0.969751
vt 0.157251 0.997998
vt 0.810498 0.157251
vt 0.782251 0.157251
vt 0.782251 0.185498
vt 0.779248 0.157251
vt 0.751001 0.157251
vt 0.751001 0.185498
vt 0.782251 0.126001
vt 0.782251 0.154248
vt 0.810498 0.126001
vt 0.751001 0.126001
vt 0.751001 0.154248
vt 0.779248 0.126001
vt 0.883814 0.688501
vt 0.888623 0.688501
vt 0.883814 0.716748
vt 0.986377 0.436499
vt 0.998999 0.436499
vt 0.998999 0.408252
vt 0.216748 0.876001
vt 0.204126 0.876001
vt 0.204126 0.904248
vt 0.872998 0.157251
vt 0.844751 0.157251
vt 0.844751 0.185498
vt 0.841748 0.157251
vt 0.813501 0.157251
vt 0.813501 0.185498
vt 0.188501 0.876001
vt 0.201123 0.876001
vt 0.188501 0.904248
vt 0.235376 0.876001
vt 0.247998 0.876001
vt 0.235376 0.904248
vt 0.844751 0.126001
vt 0.872998 0.126001
vt 0.844751 0.154248
vt 0.219751 0.876001
vt 0.232373 0.876001
vt 0.219751 0.904248
vt 0.658252 0.405249
vt 0.686499 0.405249
vt 0.686499 0.377002
vt 0.841748 0.126001
vt 0.813501 0.126001
vt 0.813501 0.154248
vt 0.217749 0.905249
vt 0.205127 0.905249
vt 0.217749 0.877002
vt 0.782251 0.219751
vt 0.810498 0.219751
vt 0.782251 0.247998
vt 0.216748 0.907251
vt 0.204126 0.907251
vt 0.204126 0.935498
vt 0.201123 0.907251
vt 0.188501 0.907251
vt 0.188501 0.935498
vt 0.189502 0.936499
vt 0.202124 0.936499
vt 0.202124 0.908252
vt 0.247998 0.907251
vt 0.235376 0.907251
vt 0.235376 0.935498
vt 0.779248 0.219751
vt 0.751001 0.219751
vt 0.751001 0.247998
vt 0.783252 0.092749
vt 0.811499 0.092749
vt 0.811499 0.064502
vt 0.232373 0.907251
vt 0.219751 0.907251
vt 0.219751 0.935498
vt 0.220752 0.936499
vt 0.233374 0.936499
vt 0.233374 0.908252
vt 0.141626 0.876001
vt 0.154248 0.876001
vt 0.141626 0.904248
vt 0.126001 0.876001
vt 0.138623 0.876001
vt 0.126001 0.904248
vt 0.814502 0.155249
vt 0.842749 0.155249
vt 0.842749 0.127002
vt 0.185498 0.876001
vt 0.172876 0.876001
vt 0.172876 0.904248
vt 0.420874 0.905249
vt 0.408252 0.905249
vt 0.420874 0.877002
vt 0.936499 0.405249
vt 0.923877 0.405249
vt 0.936499 0.377002
vt 0.186499 0.905249
vt 0.173877 0.905249
vt 0.186499 0.877002
vt 0.157251 0.876001
vt 0.169873 0.876001
vt 0.157251 0.904248
vt 0.141626 0.907251
vt 0.154248 0.907251
vt 0.141626 0.935498
vt 0.126001 0.907251
vt 0.138623 0.907251
vt 0.126001 0.935498
vt 0.127002 0.936499
vt 0.139624 0.936499
vt 0.139624 0.908252
vt 0.947315 0.655249
vt 0.952124 0.655249
vt 0.952124 0.627002
vt 0.782251 0.188501
vt 0.810498 0.188501
vt 0.782251 0.216748
vt 0.751001 0.188501
vt 0.779248 0.188501
vt 0.751001 0.216748
vt 0.172876 0.907251
vt 0.185498 0.907251
vt 0.172876 0.935498
vt 0.186499 0.936499
vt 0.173877 0.936499
vt 0.186499 0.908252
vt 0.169873 0.907251
vt 0.157251 0.907251
vt 0.157251 0.935498
vt 0.470752 0.998999
vt 0.483374 0.998999
vt 0.483374 0.970752
vt 0.954126 0.188501
vt 0.966748 0.188501
vt 0.954126 0.216748
vt 0.938501 0.188501
vt 0.951123 0.188501
vt 0.938501 0.216748
vt 0.154248 0.251001
vt 0.149439 0.251001
vt 0.149439 0.263623
vt 0.141626 0.251001
vt 0.146435 0.251001
vt 0.141626 0.263623
vt 0.204126 0.235376
vt 0.216748 0.235376
vt 0.204126 0.247998
vt 0.236377 0.123999
vt 0.248999 0.123999
vt 0.248999 0.111377
vt 0.188501 0.235376
vt 0.201123 0.235376
vt 0.188501 0.247998
vt 0.985376 0.188501
vt 0.997998 0.188501
vt 0.985376 0.216748
vt 0.982373 0.188501
vt 0.969751 0.188501
vt 0.969751 0.216748
vt 0.955127 0.686499
vt 0.959936 0.686499
vt 0.959936 0.658252
vt 0.844751 0.219751
vt 0.872998 0.219751
vt 0.844751 0.247998
vt 0.813501 0.219751
vt 0.841748 0.219751
vt 0.813501 0.247998
vt 0.966748 0.219751
vt 0.954126 0.219751
vt 0.954126 0.247998
vt 0.470752 0.967749
vt 0.483374 0.967749
vt 0.483374 0.939502
vt 0.951123 0.219751
vt 0.938501 0.219751
vt 0.938501 0.247998
vt 0.467749 0.998999
vt 0.455127 0.998999
vt 0.467749 0.970752
vt 0.138623 0.266626
vt 0.133814 0.266626
vt 0.133814 0.279248
vt 0.766626 0.883814
vt 0.771435 0.883814
vt 0.766626 0.888623
vt 0.204126 0.232373
vt 0.216748 0.219751
vt 0.204126 0.219751
vt 0.126001 0.279248
vt 0.126001 0.266626
vt 0.130810 0.266626
vt 0.188501 0.232373
vt 0.188501 0.219751
vt 0.201123 0.219751
vt 0.235376 0.247998
vt 0.235376 0.235376
vt 0.247998 0.235376
vt 0.178686 0.295874
vt 0.173877 0.295874
vt 0.178686 0.283252
vt 0.154248 0.266626
vt 0.149439 0.266626
vt 0.149439 0.279248
vt 0.146435 0.266626
vt 0.141626 0.266626
vt 0.141626 0.279248
vt 0.880810 0.688501
vt 0.876001 0.688501
vt 0.876001 0.716748
vt 0.844751 0.188501
vt 0.872998 0.188501
vt 0.844751 0.216748
vt 0.920874 0.373999
vt 0.908252 0.373999
vt 0.920874 0.345752
vt 0.899439 0.688501
vt 0.904248 0.688501
vt 0.899439 0.716748
vt 0.877002 0.436499
vt 0.889624 0.436499
vt 0.889624 0.408252
vt 0.219751 0.235376
vt 0.232373 0.235376
vt 0.219751 0.247998
vt 0.779248 0.876001
vt 0.774439 0.876001
vt 0.774439 0.880810
vt 0.766626 0.876001
vt 0.771435 0.876001
vt 0.766626 0.880810
vt 0.763623 0.899439
vt 0.758814 0.904248
vt 0.758814 0.899439
vt 0.755810 0.899439
vt 0.751001 0.899439
vt 0.751001 0.904248
vt 0.227564 0.282251
vt 0.227564 0.294873
vt 0.232373 0.282251
vt 0.219751 0.282251
vt 0.224560 0.282251
vt 0.219751 0.294873
vt 0.247998 0.282251
vt 0.243189 0.282251
vt 0.243189 0.294873
vt 0.240185 0.282251
vt 0.235376 0.282251
vt 0.235376 0.294873
vt 0.235376 0.232373
vt 0.235376 0.219751
vt 0.247998 0.219751
vt 0.748999 0.952124
vt 0.744190 0.952124
vt 0.748999 0.939502
vt 0.232373 0.297876
vt 0.227564 0.297876
vt 0.227564 0.310498
vt 0.219751 0.219751
vt 0.232373 0.219751
vt 0.219751 0.232373
vt 0.141626 0.204126
vt 0.154248 0.204126
vt 0.141626 0.216748
vt 0.219751 0.297876
vt 0.224560 0.297876
vt 0.219751 0.310498
vt 0.138623 0.204126
vt 0.126001 0.204126
vt 0.126001 0.216748
vt 0.243189 0.297876
vt 0.247998 0.297876
vt 0.243189 0.310498
vt 0.891626 0.688501
vt 0.896435 0.688501
vt 0.891626 0.716748
vt 0.977564 0.719751
vt 0.982373 0.719751
vt 0.977564 0.747998
vt 0.974560 0.719751
vt 0.969751 0.719751
vt 0.969751 0.747998
vt 0.997998 0.719751
vt 0.993189 0.719751
vt 0.993189 0.747998
vt 0.990185 0.719751
vt 0.985376 0.719751
vt 0.985376 0.747998
vt 0.141626 0.188501
vt 0.154248 0.188501
vt 0.141626 0.201123
vt 0.946314 0.719751
vt 0.951123 0.719751
vt 0.946314 0.747998
vt 0.938501 0.719751
vt 0.943310 0.719751
vt 0.938501 0.747998
vt 0.436499 0.498999
vt 0.436499 0.439502
vt 0.408252 0.498999
vt 0.961939 0.747998
vt 0.961939 0.719751
vt 0.966748 0.719751
vt 0.623999 0.377002
vt 0.564502 0.436499
vt 0.623999 0.436499
vt 0.126001 0.201123
vt 0.138623 0.188501
vt 0.126001 0.188501
vt 0.985376 0.247998
vt 0.997998 0.219751
vt 0.985376 0.219751
vt 0.467749 0.720752
vt 0.439502 0.748999
vt 0.467749 0.748999
vt 0.783252 0.030249
vt 0.811499 0.030249
vt 0.811499 0.002002
vt 0.982373 0.219751
vt 0.969751 0.219751
vt 0.969751 0.247998
vt 0.061499 0.030249
vt 0.061499 0.002002
vt 0.033252 0.030249
vt 0.235376 0.297876
vt 0.235376 0.310498
vt 0.240185 0.297876
vt 0.891626 0.216748
vt 0.891626 0.188501
vt 0.904248 0.188501
vt 0.876001 0.216748
vt 0.888623 0.188501
vt 0.876001 0.188501
vt 0.172876 0.204126
vt 0.185498 0.204126
vt 0.172876 0.216748
vt 0.157251 0.204126
vt 0.169873 0.204126
vt 0.157251 0.216748
vt 0.813501 0.216748
vt 0.841748 0.188501
vt 0.813501 0.188501
vt 0.186499 0.092749
vt 0.173877 0.092749
vt 0.186499 0.080127
vt 0.594751 0.247998
vt 0.622998 0.188501
vt 0.594751 0.188501
vt 0.123999 0.814502
vt 0.123999 0.842749
vt 0.095752 0.842749
vt 0.185498 0.782251
vt 0.157251 0.782251
vt 0.157251 0.810498
vt 0.126001 0.782251
vt 0.154248 0.782251
vt 0.126001 0.810498
vt 0.185498 0.751001
vt 0.157251 0.779248
vt 0.157251 0.751001
vt 0.780249 0.064502
vt 0.752002 0.092749
vt 0.780249 0.092749
vt 0.873999 0.186499
vt 0.845752 0.186499
vt 0.873999 0.158252
vt 0.064502 0.811499
vt 0.092749 0.811499
vt 0.092749 0.783252
vt 0.154248 0.751001
vt 0.126001 0.751001
vt 0.126001 0.779248
vt 0.247998 0.782251
vt 0.219751 0.782251
vt 0.219751 0.810498
vt 0.216748 0.782251
vt 0.188501 0.782251
vt 0.188501 0.810498
vt 0.219751 0.779248
vt 0.219751 0.751001
vt 0.247998 0.751001
vt 0.248999 0.752002
vt 0.248999 0.780249
vt 0.220752 0.780249
vt 0.155249 0.936499
vt 0.142627 0.936499
vt 0.155249 0.908252
vt 0.935498 0.188501
vt 0.922876 0.188501
vt 0.922876 0.216748
vt 0.958935 0.719751
vt 0.954126 0.719751
vt 0.954126 0.747998
vt 0.748999 0.623999
vt 0.748999 0.595752
vt 0.720752 0.623999
vt 0.188501 0.751001
vt 0.216748 0.751001
vt 0.188501 0.779248
vt 0.185498 0.844751
vt 0.157251 0.844751
vt 0.157251 0.872998
vt 0.955127 0.217749
vt 0.967749 0.217749
vt 0.967749 0.189502
vt 0.907251 0.188501
vt 0.919873 0.188501
vt 0.907251 0.216748
vt 0.658252 0.436499
vt 0.686499 0.436499
vt 0.686499 0.408252
vt 0.783252 0.217749
vt 0.811499 0.217749
vt 0.811499 0.189502
vt 0.154248 0.844751
vt 0.126001 0.844751
vt 0.126001 0.872998
vt 0.158252 0.811499
vt 0.186499 0.811499
vt 0.186499 0.783252
vt 0.780249 0.248999
vt 0.752002 0.248999
vt 0.780249 0.220752
vt 0.157251 0.813501
vt 0.185498 0.813501
vt 0.157251 0.841748
vt 0.783252 0.248999
vt 0.811499 0.248999
vt 0.811499 0.220752
vt 0.717749 0.470752
vt 0.717749 0.498999
vt 0.689502 0.498999
vt 0.170874 0.905249
vt 0.158252 0.905249
vt 0.170874 0.877002
vt 0.752002 0.217749
vt 0.780249 0.217749
vt 0.780249 0.189502
vt 0.154248 0.813501
vt 0.126001 0.813501
vt 0.126001 0.841748
vt 0.033252 0.061499
vt 0.061499 0.061499
vt 0.061499 0.033252
vt 0.967749 0.311499
vt 0.967749 0.283252
vt 0.955127 0.311499
vt 0.891626 0.219751
vt 0.891626 0.247998
vt 0.904248 0.219751
vt 0.873999 0.002002
vt 0.873999 0.030249
vt 0.845752 0.030249
vt 0.247998 0.844751
vt 0.219751 0.844751
vt 0.219751 0.872998
vt 0.185498 0.188501
vt 0.172876 0.188501
vt 0.172876 0.201123
vt 0.186499 0.967749
vt 0.173877 0.967749
vt 0.186499 0.939502
vt 0.967749 0.436499
vt 0.955127 0.436499
vt 0.967749 0.408252
vt 0.188501 0.844751
vt 0.216748 0.844751
vt 0.188501 0.872998
vt 0.247998 0.813501
vt 0.219751 0.813501
vt 0.219751 0.841748
vt 0.216748 0.813501
vt 0.188501 0.813501
vt 0.188501 0.841748
vt 0.310498 0.782251
vt 0.282251 0.782251
vt 0.282251 0.810498
vt 0.033252 0.780249
vt 0.061499 0.780249
vt 0.061499 0.752002
vt 0.908252 0.748999
vt 0.913061 0.748999
vt 0.913061 0.720752
vt 0.251001 0.782251
vt 0.251001 0.810498
vt 0.279248 0.782251
vt 0.998999 0.248999
vt 0.998999 0.220752
vt 0.986377 0.248999
vt 0.888623 0.219751
vt 0.876001 0.247998
vt 0.876001 0.219751
vt 0.196314 0.282251
vt 0.196314 0.294873
vt 0.201123 0.282251
vt 0.935498 0.219751
vt 0.922876 0.219751
vt 0.922876 0.247998
vt 0.095752 0.811499
vt 0.123999 0.811499
vt 0.123999 0.783252
vt 0.298877 0.905249
vt 0.311499 0.905249
vt 0.311499 0.877002
vt 0.248999 0.002002
vt 0.248999 0.014624
vt 0.236377 0.014624
vt 0.919873 0.219751
vt 0.907251 0.247998
vt 0.907251 0.219751
vt 0.954126 0.126001
vt 0.954126 0.154248
vt 0.966748 0.126001
vt 0.158252 0.295874
vt 0.163061 0.283252
vt 0.163061 0.295874
vt 0.188501 0.282251
vt 0.188501 0.294873
vt 0.193310 0.282251
vt 0.951123 0.126001
vt 0.938501 0.126001
vt 0.938501 0.154248
vt 0.211939 0.282251
vt 0.216748 0.282251
vt 0.211939 0.294873
vt 0.157251 0.201123
vt 0.157251 0.188501
vt 0.169873 0.188501
vt 0.892627 0.311499
vt 0.905249 0.311499
vt 0.905249 0.283252
vt 0.154248 0.235376
vt 0.141626 0.235376
vt 0.141626 0.247998
vt 0.208935 0.282251
vt 0.204126 0.282251
vt 0.204126 0.294873
vt 0.201123 0.297876
vt 0.196314 0.297876
vt 0.196314 0.310498
vt 0.220752 0.014624
vt 0.233374 0.014624
vt 0.233374 0.002002
vt 0.138623 0.235376
vt 0.126001 0.235376
vt 0.126001 0.247998
vt 0.188501 0.297876
vt 0.193310 0.297876
vt 0.188501 0.310498
vt 0.141626 0.219751
vt 0.154248 0.219751
vt 0.141626 0.232373
vt 0.126001 0.219751
vt 0.138623 0.219751
vt 0.126001 0.232373
vt 0.220752 0.202124
vt 0.233374 0.189502
vt 0.233374 0.202124
vt 0.211939 0.297876
vt 0.211939 0.310498
vt 0.216748 0.297876
vt 0.985376 0.126001
vt 0.997998 0.126001
vt 0.985376 0.154248
vt 0.204126 0.310498
vt 0.208935 0.297876
vt 0.204126 0.297876
vt 0.227564 0.251001
vt 0.232373 0.251001
vt 0.227564 0.263623
vt 0.969751 0.154248
vt 0.982373 0.126001
vt 0.969751 0.126001
vt 0.954126 0.157251
vt 0.966748 0.157251
vt 0.954126 0.185498
vt 0.185498 0.235376
vt 0.172876 0.247998
vt 0.172876 0.235376
vt 0.763623 0.891626
vt 0.758814 0.896435
vt 0.758814 0.891626
vt 0.219751 0.251001
vt 0.219751 0.263623
vt 0.224560 0.251001
vt 0.166065 0.295874
vt 0.170874 0.295874
vt 0.170874 0.283252
vt 0.282251 0.751001
vt 0.310498 0.751001
vt 0.282251 0.779248
vt 0.936499 0.748999
vt 0.931690 0.748999
vt 0.936499 0.720752
vt 0.279248 0.751001
vt 0.251001 0.779248
vt 0.251001 0.751001
vt 0.938501 0.157251
vt 0.938501 0.185498
vt 0.951123 0.157251
vt 0.470752 0.748999
vt 0.498999 0.748999
vt 0.498999 0.720752
vt 0.170874 0.908252
vt 0.170874 0.936499
vt 0.158252 0.936499
vt 0.344751 0.782251
vt 0.344751 0.810498
vt 0.372998 0.782251
vt 0.982373 0.688501
vt 0.977564 0.688501
vt 0.977564 0.716748
vt 0.985376 0.157251
vt 0.997998 0.157251
vt 0.985376 0.185498
vt 0.169873 0.235376
vt 0.157251 0.247998
vt 0.157251 0.235376
vt 0.247998 0.251001
vt 0.243189 0.251001
vt 0.243189 0.263623
vt 0.313501 0.810498
vt 0.313501 0.782251
vt 0.341748 0.782251
vt 0.969751 0.716748
vt 0.974560 0.688501
vt 0.969751 0.688501
vt 0.344751 0.751001
vt 0.372998 0.751001
vt 0.344751 0.779248
vt 0.341748 0.751001
vt 0.313501 0.779248
vt 0.313501 0.751001
vt 0.563501 0.247998
vt 0.591748 0.188501
vt 0.563501 0.188501
vt 0.969751 0.157251
vt 0.982373 0.157251
vt 0.969751 0.185498
vt 0.891626 0.126001
vt 0.904248 0.126001
vt 0.891626 0.154248
vt 0.983374 0.186499
vt 0.970752 0.186499
vt 0.983374 0.158252
vt 0.905249 0.155249
vt 0.892627 0.155249
vt 0.905249 0.127002
vt 0.876001 0.126001
vt 0.888623 0.126001
vt 0.876001 0.154248
vt 0.123999 0.095752
vt 0.095752 0.123999
vt 0.123999 0.123999
vt 0.310498 0.844751
vt 0.282251 0.844751
vt 0.282251 0.872998
vt 0.922876 0.126001
vt 0.935498 0.126001
vt 0.922876 0.154248
vt 0.251001 0.872998
vt 0.279248 0.844751
vt 0.251001 0.844751
vt 0.530249 0.720752
vt 0.530249 0.748999
vt 0.502002 0.748999
vt 0.282251 0.813501
vt 0.282251 0.841748
vt 0.310498 0.813501
vt 0.311499 0.842749
vt 0.311499 0.814502
vt 0.283252 0.842749
vt 0.251001 0.813501
vt 0.251001 0.841748
vt 0.279248 0.813501
vt 0.280249 0.842749
vt 0.280249 0.814502
vt 0.252002 0.842749
vt 0.344751 0.844751
vt 0.344751 0.872998
vt 0.372998 0.844751
vt 0.313501 0.844751
vt 0.313501 0.872998
vt 0.341748 0.844751
vt 0.344751 0.813501
vt 0.344751 0.841748
vt 0.372998 0.813501
vt 0.252002 0.811499
vt 0.280249 0.783252
vt 0.280249 0.811499
vt 0.919873 0.126001
vt 0.907251 0.126001
vt 0.907251 0.154248
vt 0.311499 0.873999
vt 0.311499 0.845752
vt 0.283252 0.873999
vt 0.313501 0.813501
vt 0.313501 0.841748
vt 0.341748 0.813501
vt 0.986377 0.748999
vt 0.991186 0.748999
vt 0.991186 0.720752
vt 0.993189 0.688501
vt 0.997998 0.688501
vt 0.993189 0.716748
vt 0.782251 0.310498
vt 0.810498 0.282251
vt 0.782251 0.282251
vt 0.779248 0.282251
vt 0.751001 0.282251
vt 0.751001 0.310498
vt 0.904248 0.157251
vt 0.891626 0.157251
vt 0.891626 0.185498
vt 0.892627 0.186499
vt 0.905249 0.186499
vt 0.905249 0.158252
vt 0.127002 0.905249
vt 0.139624 0.905249
vt 0.139624 0.877002
vt 0.220752 0.905249
vt 0.233374 0.905249
vt 0.233374 0.877002
vt 0.436499 0.689502
vt 0.436499 0.717749
vt 0.408252 0.717749
vt 0.157251 0.560498
vt 0.157251 0.501001
vt 0.185498 0.501001
vt 0.126001 0.501001
vt 0.126001 0.560498
vt 0.154248 0.501001
vt 0.280249 0.436499
vt 0.280249 0.377002
vt 0.252002 0.436499
vt 0.873999 0.123999
vt 0.845752 0.123999
vt 0.873999 0.095752
vt 0.782251 0.251001
vt 0.810498 0.251001
vt 0.782251 0.279248
vt 0.283252 0.811499
vt 0.311499 0.811499
vt 0.311499 0.783252
vt 0.779248 0.251001
vt 0.751001 0.251001
vt 0.751001 0.279248
vt 0.872998 0.282251
vt 0.844751 0.282251
vt 0.844751 0.310498
vt 0.873999 0.283252
vt 0.873999 0.311499
vt 0.845752 0.311499
vt 0.186499 0.873999
vt 0.186499 0.845752
vt 0.158252 0.873999
vt 0.813501 0.282251
vt 0.813501 0.310498
vt 0.841748 0.282251
vt 0.844751 0.251001
vt 0.872998 0.251001
vt 0.844751 0.279248
vt 0.813501 0.251001
vt 0.841748 0.251001
vt 0.813501 0.279248
vt 0.219751 0.560498
vt 0.219751 0.501001
vt 0.247998 0.501001
vt 0.248999 0.502002
vt 0.248999 0.561499
vt 0.220752 0.561499
vt 0.876001 0.157251
vt 0.888623 0.157251
vt 0.876001 0.185498
vt 0.922876 0.157251
vt 0.935498 0.157251
vt 0.922876 0.185498
vt 0.782251 0.372998
vt 0.810498 0.344751
vt 0.782251 0.344751
vt 0.342749 0.439502
vt 0.314502 0.498999
vt 0.342749 0.498999
vt 0.907251 0.157251
vt 0.919873 0.157251
vt 0.907251 0.185498
vt 0.091748 0.938501
vt 0.079126 0.938501
vt 0.079126 0.966748
vt 0.142627 0.905249
vt 0.155249 0.905249
vt 0.155249 0.877002
vt 0.076123 0.938501
vt 0.063501 0.938501
vt 0.063501 0.966748
vt 0.186499 0.502002
vt 0.186499 0.561499
vt 0.158252 0.561499
vt 0.751001 0.372998
vt 0.751001 0.344751
vt 0.779248 0.344751
vt 0.188501 0.501001
vt 0.188501 0.560498
vt 0.216748 0.501001
vt 0.436499 0.373999
vt 0.436499 0.314502
vt 0.408252 0.373999
vt 0.842749 0.123999
vt 0.814502 0.123999
vt 0.842749 0.095752
vt 0.592749 0.655249
vt 0.564502 0.655249
vt 0.592749 0.627002
vt 0.810498 0.313501
vt 0.782251 0.313501
vt 0.782251 0.341748
vt 0.779248 0.313501
vt 0.751001 0.313501
vt 0.751001 0.341748
vt 0.844751 0.372998
vt 0.872998 0.344751
vt 0.844751 0.344751
vt 0.813501 0.372998
vt 0.841748 0.344751
vt 0.813501 0.344751
vt 0.689502 0.592749
vt 0.717749 0.564502
vt 0.717749 0.592749
vt 0.122998 0.938501
vt 0.110376 0.966748
vt 0.110376 0.938501
vt 0.939502 0.248999
vt 0.952124 0.220752
vt 0.952124 0.248999
vt 0.094751 0.938501
vt 0.094751 0.966748
vt 0.107373 0.938501
vt 0.079126 0.997998
vt 0.091748 0.969751
vt 0.079126 0.969751
vt 0.452124 0.939502
vt 0.452124 0.967749
vt 0.439502 0.967749
vt 0.076123 0.969751
vt 0.063501 0.997998
vt 0.063501 0.969751
vt 0.185498 0.219751
vt 0.172876 0.232373
vt 0.172876 0.219751
vt 0.844751 0.341748
vt 0.872998 0.313501
vt 0.844751 0.313501
vt 0.110376 0.997998
vt 0.122998 0.969751
vt 0.110376 0.969751
vt 0.094751 0.969751
vt 0.107373 0.969751
vt 0.094751 0.997998
vt 0.029248 0.938501
vt 0.016626 0.938501
vt 0.016626 0.966748
vt 0.013623 0.938501
vt 0.001001 0.938501
vt 0.001001 0.966748
vt 0.877002 0.405249
vt 0.889624 0.405249
vt 0.889624 0.377002
vt 0.813501 0.341748
vt 0.813501 0.313501
vt 0.841748 0.313501
vt 0.810498 0.407251
vt 0.782251 0.407251
vt 0.782251 0.435498
vt 0.373999 0.439502
vt 0.373999 0.498999
vt 0.345752 0.498999
vt 0.814502 0.342749
vt 0.842749 0.342749
vt 0.842749 0.314502
vt 0.717749 0.467749
vt 0.689502 0.467749
vt 0.717749 0.439502
vt 0.751001 0.407251
vt 0.779248 0.407251
vt 0.751001 0.435498
vt 0.060498 0.938501
vt 0.047876 0.938501
vt 0.047876 0.966748
vt 0.377002 0.905249
vt 0.389624 0.905249
vt 0.389624 0.877002
vt 0.032251 0.966748
vt 0.044873 0.938501
vt 0.032251 0.938501
vt 0.016626 0.997998
vt 0.029248 0.969751
vt 0.016626 0.969751
vt 0.001001 0.997998
vt 0.013623 0.969751
vt 0.001001 0.969751
vt 0.169873 0.219751
vt 0.157251 0.232373
vt 0.157251 0.219751
vt 0.216748 0.141626
vt 0.204126 0.154248
vt 0.204126 0.141626
vt 0.240185 0.251001
vt 0.235376 0.263623
vt 0.235376 0.251001
vt 0.047876 0.997998
vt 0.060498 0.969751
vt 0.047876 0.969751
vt 0.975561 0.720752
vt 0.975561 0.748999
vt 0.970752 0.748999
vt 0.220752 0.092749
vt 0.233374 0.080127
vt 0.233374 0.092749
vt 0.188501 0.154248
vt 0.201123 0.141626
vt 0.188501 0.141626
vt 0.810498 0.376001
vt 0.782251 0.404248
vt 0.782251 0.376001
vt 0.889624 0.314502
vt 0.877002 0.342749
vt 0.889624 0.342749
vt 0.030249 0.967749
vt 0.017627 0.967749
vt 0.030249 0.939502
vt 0.990185 0.688501
vt 0.985376 0.688501
vt 0.985376 0.716748
vt 0.952124 0.155249
vt 0.939502 0.155249
vt 0.952124 0.127002
vt 0.947315 0.686499
vt 0.952124 0.686499
vt 0.952124 0.658252
vt 0.814502 0.280249
vt 0.842749 0.280249
vt 0.842749 0.252002
vt 0.779248 0.376001
vt 0.751001 0.376001
vt 0.751001 0.404248
vt 0.189502 0.780249
vt 0.217749 0.780249
vt 0.217749 0.752002
vt 0.158252 0.780249
vt 0.186499 0.780249
vt 0.186499 0.752002
vt 0.155249 0.780249
vt 0.127002 0.780249
vt 0.155249 0.752002
vt 0.498999 0.967749
vt 0.486377 0.967749
vt 0.498999 0.939502
vt 0.044873 0.969751
vt 0.032251 0.969751
vt 0.032251 0.997998
vt 0.091748 0.876001
vt 0.079126 0.876001
vt 0.079126 0.904248
vt 0.063501 0.904248
vt 0.063501 0.876001
vt 0.076123 0.876001
vt 0.216748 0.126001
vt 0.204126 0.126001
vt 0.204126 0.138623
vt 0.188501 0.138623
vt 0.201123 0.126001
vt 0.188501 0.126001
vt 0.235376 0.154248
vt 0.247998 0.141626
vt 0.235376 0.141626
vt 0.219751 0.154248
vt 0.232373 0.141626
vt 0.219751 0.141626
vt 0.232373 0.266626
vt 0.227564 0.279248
vt 0.227564 0.266626
vt 0.946314 0.716748
vt 0.951123 0.688501
vt 0.946314 0.688501
vt 0.938501 0.716748
vt 0.938501 0.688501
vt 0.943310 0.688501
vt 0.224560 0.266626
vt 0.219751 0.279248
vt 0.219751 0.266626
vt 0.755810 0.891626
vt 0.751001 0.896435
vt 0.751001 0.891626
vt 0.122998 0.876001
vt 0.110376 0.904248
vt 0.110376 0.876001
vt 0.235376 0.138623
vt 0.247998 0.126001
vt 0.235376 0.126001
vt 0.181690 0.264624
vt 0.186499 0.264624
vt 0.186499 0.252002
vt 0.220752 0.311499
vt 0.225561 0.311499
vt 0.225561 0.298877
vt 0.728565 0.967749
vt 0.733374 0.967749
vt 0.733374 0.955127
vt 0.689502 0.998999
vt 0.694311 0.998999
vt 0.694311 0.986377
vt 0.219751 0.138623
vt 0.219751 0.126001
vt 0.232373 0.126001
vt 0.216748 0.172876
vt 0.204126 0.172876
vt 0.204126 0.185498
vt 0.094751 0.904248
vt 0.094751 0.876001
vt 0.107373 0.876001
vt 0.188501 0.185498
vt 0.188501 0.172876
vt 0.201123 0.172876
vt 0.186499 0.061499
vt 0.173877 0.061499
vt 0.186499 0.048877
vt 0.204126 0.157251
vt 0.216748 0.157251
vt 0.204126 0.169873
vt 0.201123 0.157251
vt 0.188501 0.157251
vt 0.188501 0.169873
vt 0.147436 0.295874
vt 0.142627 0.295874
vt 0.147436 0.283252
vt 0.235376 0.185498
vt 0.247998 0.172876
vt 0.235376 0.172876
vt 0.248999 0.189502
vt 0.236377 0.202124
vt 0.248999 0.202124
vt 0.248999 0.142627
vt 0.236377 0.155249
vt 0.248999 0.155249
vt 0.247998 0.266626
vt 0.243189 0.279248
vt 0.243189 0.266626
vt 0.779248 0.899439
vt 0.774439 0.904248
vt 0.774439 0.899439
vt 0.771435 0.899439
vt 0.766626 0.904248
vt 0.766626 0.899439
vt 0.235376 0.279248
vt 0.240185 0.266626
vt 0.235376 0.266626
vt 0.139624 0.298877
vt 0.139624 0.311499
vt 0.134815 0.311499
vt 0.752002 0.897436
vt 0.756811 0.892627
vt 0.756811 0.897436
vt 0.774439 0.896435
vt 0.779248 0.891626
vt 0.774439 0.891626
vt 0.232373 0.172876
vt 0.219751 0.185498
vt 0.219751 0.172876
vt 0.196314 0.263623
vt 0.201123 0.251001
vt 0.196314 0.251001
vt 0.966748 0.688501
vt 0.961939 0.688501
vt 0.961939 0.716748
vt 0.193310 0.251001
vt 0.188501 0.251001
vt 0.188501 0.263623
vt 0.247998 0.157251
vt 0.235376 0.157251
vt 0.235376 0.169873
vt 0.202124 0.186499
vt 0.202124 0.173877
vt 0.189502 0.186499
vt 0.079126 0.907251
vt 0.091748 0.907251
vt 0.079126 0.935498
vt 0.954126 0.688501
vt 0.958935 0.688501
vt 0.954126 0.716748
vt 0.063501 0.907251
vt 0.076123 0.907251
vt 0.063501 0.935498
vt 0.122998 0.907251
vt 0.110376 0.907251
vt 0.110376 0.935498
vt 0.955127 0.248999
vt 0.967749 0.248999
vt 0.967749 0.220752
vt 0.107373 0.907251
vt 0.094751 0.907251
vt 0.094751 0.935498
vt 0.994190 0.686499
vt 0.998999 0.686499
vt 0.998999 0.658252
vt 0.233374 0.998999
vt 0.220752 0.998999
vt 0.233374 0.970752
vt 0.155249 0.873999
vt 0.155249 0.845752
vt 0.127002 0.873999
vt 0.811499 0.252002
vt 0.783252 0.280249
vt 0.811499 0.280249
vt 0.665064 0.907251
vt 0.669873 0.907251
vt 0.665064 0.935498
vt 0.030249 0.033252
vt 0.030249 0.061499
vt 0.002002 0.061499
vt 0.844751 0.435498
vt 0.872998 0.407251
vt 0.844751 0.407251
vt 0.813501 0.435498
vt 0.813501 0.407251
vt 0.841748 0.407251
vt 0.030249 0.811499
vt 0.002002 0.811499
vt 0.030249 0.783252
vt 0.908252 0.342749
vt 0.920874 0.342749
vt 0.920874 0.314502
vt 0.219751 0.169873
vt 0.232373 0.157251
vt 0.219751 0.157251
vt 0.141626 0.154248
vt 0.141626 0.141626
vt 0.154248 0.141626
vt 0.029248 0.876001
vt 0.016626 0.876001
vt 0.016626 0.904248
vt 0.872998 0.376001
vt 0.844751 0.376001
vt 0.844751 0.404248
vt 0.013623 0.876001
vt 0.001001 0.904248
vt 0.001001 0.876001
vt 0.841748 0.376001
vt 0.813501 0.376001
vt 0.813501 0.404248
vt 0.810498 0.469751
vt 0.782251 0.469751
vt 0.782251 0.497998
vt 0.220752 0.811499
vt 0.248999 0.811499
vt 0.248999 0.783252
vt 0.267627 0.936499
vt 0.280249 0.936499
vt 0.280249 0.908252
vt 0.047876 0.876001
vt 0.060498 0.876001
vt 0.047876 0.904248
vt 0.032251 0.876001
vt 0.044873 0.876001
vt 0.032251 0.904248
vt 0.373999 0.811499
vt 0.345752 0.811499
vt 0.373999 0.783252
vt 0.751001 0.497998
vt 0.751001 0.469751
vt 0.779248 0.469751
vt 0.873999 0.280249
vt 0.873999 0.252002
vt 0.845752 0.280249
vt 0.782251 0.438501
vt 0.810498 0.438501
vt 0.782251 0.466748
vt 0.686499 0.561499
vt 0.658252 0.561499
vt 0.686499 0.533252
vt 0.016626 0.935498
vt 0.016626 0.907251
vt 0.029248 0.907251
vt 0.873999 0.220752
vt 0.873999 0.248999
vt 0.845752 0.248999
vt 0.920874 0.217749
vt 0.920874 0.189502
vt 0.908252 0.217749
vt 0.498999 0.998999
vt 0.498999 0.970752
vt 0.486377 0.998999
vt 0.936499 0.155249
vt 0.923877 0.155249
vt 0.936499 0.127002
vt 0.001001 0.907251
vt 0.013623 0.907251
vt 0.001001 0.935498
vt 0.720752 0.467749
vt 0.748999 0.467749
vt 0.748999 0.439502
vt 0.779248 0.438501
vt 0.751001 0.438501
vt 0.751001 0.466748
vt 0.533252 0.123999
vt 0.561499 0.123999
vt 0.561499 0.064502
vt 0.844751 0.497998
vt 0.844751 0.469751
vt 0.872998 0.469751
vt 0.467749 0.248999
vt 0.439502 0.248999
vt 0.467749 0.189502
vt 0.185498 0.563501
vt 0.157251 0.563501
vt 0.157251 0.622998
vt 0.564502 0.998999
vt 0.577124 0.998999
vt 0.577124 0.939502
vt 0.681690 0.952124
vt 0.686499 0.952124
vt 0.686499 0.939502
vt 0.142627 0.311499
vt 0.147436 0.311499
vt 0.147436 0.298877
vt 0.138623 0.141626
vt 0.126001 0.141626
vt 0.126001 0.154248
vt 0.154248 0.126001
vt 0.141626 0.126001
vt 0.141626 0.138623
vt 0.060498 0.907251
vt 0.047876 0.935498
vt 0.047876 0.907251
vt 0.267627 0.998999
vt 0.280249 0.970752
vt 0.280249 0.998999
vt 0.173877 0.998999
vt 0.186499 0.970752
vt 0.186499 0.998999
vt 0.126001 0.126001
vt 0.126001 0.138623
vt 0.138623 0.126001
vt 0.202124 0.877002
vt 0.202124 0.905249
vt 0.189502 0.905249
vt 0.032251 0.935498
vt 0.032251 0.907251
vt 0.044873 0.907251
vt 0.952124 0.252002
vt 0.952124 0.280249
vt 0.939502 0.280249
vt 0.983374 0.283252
vt 0.983374 0.311499
vt 0.970752 0.311499
vt 0.172876 0.141626
vt 0.172876 0.154248
vt 0.185498 0.141626
vt 0.157251 0.141626
vt 0.157251 0.154248
vt 0.169873 0.141626
vt 0.954126 0.091748
vt 0.954126 0.063501
vt 0.966748 0.063501
vt 0.938501 0.091748
vt 0.938501 0.063501
vt 0.951123 0.063501
vt 0.985376 0.091748
vt 0.985376 0.063501
vt 0.997998 0.063501
vt 0.969751 0.091748
vt 0.969751 0.063501
vt 0.982373 0.063501
vt 0.920874 0.283252
vt 0.908252 0.311499
vt 0.920874 0.311499
vt 0.954126 0.122998
vt 0.966748 0.094751
vt 0.954126 0.094751
vt 0.172876 0.138623
vt 0.172876 0.126001
vt 0.185498 0.126001
vt 0.157251 0.138623
vt 0.157251 0.126001
vt 0.169873 0.126001
vt 0.938501 0.122998
vt 0.951123 0.094751
vt 0.938501 0.094751
vt 0.967749 0.064502
vt 0.955127 0.092749
vt 0.967749 0.092749
vt 0.154248 0.172876
vt 0.141626 0.172876
vt 0.141626 0.185498
vt 0.138623 0.172876
vt 0.126001 0.172876
vt 0.126001 0.185498
vt 0.205127 0.311499
vt 0.209936 0.311499
vt 0.209936 0.298877
vt 0.720752 0.967749
vt 0.725561 0.967749
vt 0.725561 0.955127
vt 0.216748 0.251001
vt 0.211939 0.251001
vt 0.211939 0.263623
vt 0.173877 0.280249
vt 0.178686 0.280249
vt 0.178686 0.267627
vt 0.154248 0.157251
vt 0.141626 0.169873
vt 0.141626 0.157251
vt 0.138623 0.157251
vt 0.126001 0.169873
vt 0.126001 0.157251
vt 0.208935 0.251001
vt 0.204126 0.251001
vt 0.204126 0.263623
vt 0.205127 0.264624
vt 0.209936 0.264624
vt 0.209936 0.252002
vt 0.201123 0.266626
vt 0.196314 0.266626
vt 0.196314 0.279248
vt 0.193310 0.266626
vt 0.188501 0.266626
vt 0.188501 0.279248
vt 0.202124 0.030249
vt 0.189502 0.030249
vt 0.202124 0.017627
vt 0.185498 0.172876
vt 0.172876 0.172876
vt 0.172876 0.185498
vt 0.955127 0.342749
vt 0.967749 0.314502
vt 0.967749 0.342749
vt 0.627002 0.592749
vt 0.655249 0.564502
vt 0.655249 0.592749
vt 0.985376 0.094751
vt 0.997998 0.094751
vt 0.985376 0.122998
vt 0.841748 0.469751
vt 0.813501 0.469751
vt 0.813501 0.497998
vt 0.844751 0.438501
vt 0.844751 0.466748
vt 0.872998 0.438501
vt 0.186499 0.842749
vt 0.186499 0.814502
vt 0.158252 0.842749
vt 0.842749 0.186499
vt 0.842749 0.158252
vt 0.814502 0.186499
vt 0.217749 0.811499
vt 0.217749 0.783252
vt 0.189502 0.811499
vt 0.982373 0.094751
vt 0.969751 0.094751
vt 0.969751 0.122998
vt 0.904248 0.063501
vt 0.891626 0.063501
vt 0.891626 0.091748
vt 0.841748 0.438501
vt 0.813501 0.438501
vt 0.813501 0.466748
vt 0.435498 0.782251
vt 0.407251 0.782251
vt 0.407251 0.810498
vt 0.373999 0.877002
vt 0.361377 0.905249
vt 0.373999 0.905249
vt 0.376001 0.810498
vt 0.404248 0.782251
vt 0.376001 0.782251
vt 0.248999 0.064502
vt 0.236377 0.077124
vt 0.248999 0.077124
vt 0.169873 0.172876
vt 0.157251 0.185498
vt 0.157251 0.172876
vt 0.155249 0.033252
vt 0.142627 0.045874
vt 0.155249 0.045874
vt 0.185498 0.157251
vt 0.172876 0.169873
vt 0.172876 0.157251
vt 0.211939 0.279248
vt 0.216748 0.266626
vt 0.211939 0.266626
vt 0.157251 0.169873
vt 0.169873 0.157251
vt 0.157251 0.157251
vt 0.225561 0.283252
vt 0.220752 0.295874
vt 0.225561 0.295874
vt 0.204126 0.279248
vt 0.208935 0.266626
vt 0.204126 0.266626
vt 0.766626 0.891626
vt 0.771435 0.891626
vt 0.766626 0.896435
vt 0.772436 0.897436
vt 0.767627 0.897436
vt 0.772436 0.892627
vt 0.669873 0.665064
vt 0.665064 0.665064
vt 0.665064 0.669873
vt 0.666065 0.670874
vt 0.670874 0.670874
vt 0.670874 0.666065
vt 0.169873 0.344751
vt 0.165064 0.357373
vt 0.165064 0.344751
vt 0.091748 0.329126
vt 0.079126 0.341748
vt 0.079126 0.329126
vt 0.657251 0.669873
vt 0.657251 0.665064
vt 0.662060 0.665064
vt 0.665064 0.662060
vt 0.665064 0.657251
vt 0.669873 0.657251
vt 0.205127 0.014624
vt 0.217749 0.002002
vt 0.217749 0.014624
vt 0.657251 0.657251
vt 0.657251 0.662060
vt 0.662060 0.657251
vt 0.663061 0.663061
vt 0.658252 0.663061
vt 0.663061 0.658252
vt 0.157251 0.357373
vt 0.162060 0.344751
vt 0.157251 0.344751
vt 0.131811 0.267627
vt 0.127002 0.280249
vt 0.131811 0.280249
vt 0.959936 0.689502
vt 0.955127 0.717749
vt 0.959936 0.717749
vt 0.991186 0.658252
vt 0.991186 0.686499
vt 0.986377 0.686499
vt 0.170874 0.939502
vt 0.170874 0.967749
vt 0.158252 0.967749
vt 0.180689 0.357373
vt 0.180689 0.344751
vt 0.185498 0.344751
vt 0.077124 0.908252
vt 0.064502 0.936499
vt 0.077124 0.936499
vt 0.876001 0.091748
vt 0.876001 0.063501
vt 0.888623 0.063501
vt 0.952124 0.408252
vt 0.939502 0.436499
vt 0.952124 0.436499
vt 0.248999 0.908252
vt 0.248999 0.936499
vt 0.236377 0.936499
vt 0.076123 0.329126
vt 0.063501 0.341748
vt 0.063501 0.329126
vt 0.079126 0.313501
vt 0.079126 0.326123
vt 0.091748 0.313501
vt 0.935498 0.063501
vt 0.922876 0.091748
vt 0.922876 0.063501
vt 0.248999 0.967749
vt 0.248999 0.939502
vt 0.236377 0.967749
vt 0.919873 0.063501
vt 0.907251 0.091748
vt 0.907251 0.063501
vt 0.657251 0.907251
vt 0.657251 0.935498
vt 0.662060 0.907251
vt 0.685498 0.907251
vt 0.680689 0.935498
vt 0.680689 0.907251
vt 0.672876 0.907251
vt 0.672876 0.935498
vt 0.677685 0.907251
vt 0.177685 0.344751
vt 0.172876 0.357373
vt 0.172876 0.344751
vt 0.202124 0.311499
vt 0.202124 0.298877
vt 0.197315 0.311499
vt 0.928686 0.689502
vt 0.923877 0.717749
vt 0.928686 0.717749
vt 0.633814 0.935498
vt 0.633814 0.907251
vt 0.638623 0.907251
vt 0.165064 0.372998
vt 0.169873 0.360376
vt 0.165064 0.360376
vt 0.741186 0.939502
vt 0.741186 0.952124
vt 0.736377 0.952124
vt 0.680689 0.665064
vt 0.685498 0.665064
vt 0.680689 0.669873
vt 0.780249 0.881811
vt 0.775440 0.881811
vt 0.780249 0.877002
vt 0.677685 0.665064
vt 0.672876 0.665064
vt 0.672876 0.669873
vt 0.680689 0.657251
vt 0.685498 0.657251
vt 0.680689 0.662060
vt 0.630810 0.907251
vt 0.626001 0.935498
vt 0.626001 0.907251
vt 0.654248 0.907251
vt 0.649439 0.935498
vt 0.649439 0.907251
vt 0.756811 0.905249
vt 0.752002 0.905249
vt 0.756811 0.900440
vt 0.905249 0.780249
vt 0.900440 0.780249
vt 0.905249 0.775440
vt 0.677685 0.657251
vt 0.672876 0.657251
vt 0.672876 0.662060
vt 0.673877 0.663061
vt 0.678686 0.663061
vt 0.678686 0.658252
vt 0.641626 0.935498
vt 0.646435 0.907251
vt 0.641626 0.907251
vt 0.952124 0.720752
vt 0.952124 0.748999
vt 0.947315 0.748999
vt 0.162060 0.360376
vt 0.157251 0.360376
vt 0.157251 0.372998
vt 0.435498 0.751001
vt 0.407251 0.779248
vt 0.407251 0.751001
vt 0.904248 0.094751
vt 0.891626 0.122998
vt 0.891626 0.094751
vt 0.063501 0.326123
vt 0.076123 0.313501
vt 0.063501 0.313501
vt 0.122998 0.329126
vt 0.110376 0.341748
vt 0.110376 0.329126
vt 0.017627 0.905249
vt 0.030249 0.877002
vt 0.030249 0.905249
vt 0.678686 0.936499
vt 0.678686 0.908252
vt 0.673877 0.936499
vt 0.936499 0.220752
vt 0.923877 0.248999
vt 0.936499 0.248999
vt 0.975561 0.627002
vt 0.975561 0.655249
vt 0.970752 0.655249
vt 0.107373 0.329126
vt 0.094751 0.329126
vt 0.094751 0.341748
vt 0.705127 0.967749
vt 0.709936 0.967749
vt 0.709936 0.955127
vt 0.876001 0.094751
vt 0.876001 0.122998
vt 0.888623 0.094751
vt 0.122998 0.313501
vt 0.110376 0.313501
vt 0.110376 0.326123
vt 0.376001 0.779248
vt 0.404248 0.751001
vt 0.376001 0.751001
vt 0.469751 0.810498
vt 0.469751 0.782251
vt 0.497998 0.782251
vt 0.842749 0.498999
vt 0.814502 0.498999
vt 0.842749 0.470752
vt 0.923877 0.311499
vt 0.936499 0.311499
vt 0.936499 0.283252
vt 0.045874 0.967749
vt 0.033252 0.967749
vt 0.045874 0.939502
vt 0.935498 0.094751
vt 0.922876 0.094751
vt 0.922876 0.122998
vt 0.466748 0.782251
vt 0.438501 0.782251
vt 0.438501 0.810498
vt 0.919873 0.094751
vt 0.907251 0.094751
vt 0.907251 0.122998
vt 0.373999 0.936499
vt 0.361377 0.936499
vt 0.373999 0.908252
vt 0.991186 0.717749
vt 0.986377 0.717749
vt 0.991186 0.689502
vt 0.752002 0.155249
vt 0.780249 0.155249
vt 0.780249 0.127002
vt 0.469751 0.779248
vt 0.469751 0.751001
vt 0.497998 0.751001
vt 0.954126 0.001001
vt 0.966748 0.001001
vt 0.954126 0.029248
vt 0.311499 0.311499
vt 0.283252 0.311499
vt 0.311499 0.252002
vt 0.998999 0.623999
vt 0.986377 0.623999
vt 0.998999 0.564502
vt 0.623999 0.061499
vt 0.595752 0.061499
vt 0.623999 0.002002
vt 0.592749 0.123999
vt 0.564502 0.123999
vt 0.592749 0.064502
vt 0.052685 0.188501
vt 0.047876 0.188501
vt 0.047876 0.247998
vt 0.982373 0.501001
vt 0.969751 0.501001
vt 0.969751 0.560498
vt 0.154248 0.563501
vt 0.126001 0.563501
vt 0.126001 0.622998
vt 0.904248 0.501001
vt 0.891626 0.501001
vt 0.891626 0.560498
vt 0.951123 0.001001
vt 0.938501 0.001001
vt 0.938501 0.029248
vt 0.997998 0.001001
vt 0.985376 0.001001
vt 0.985376 0.029248
vt 0.665064 0.876001
vt 0.669873 0.876001
vt 0.665064 0.904248
vt 0.969751 0.001001
vt 0.982373 0.001001
vt 0.969751 0.029248
vt 0.876001 0.560498
vt 0.876001 0.501001
vt 0.888623 0.501001
vt 0.501001 0.251001
vt 0.560498 0.251001
vt 0.501001 0.310498
vt 0.219751 0.563501
vt 0.219751 0.622998
vt 0.247998 0.563501
vt 0.405249 0.439502
vt 0.377002 0.498999
vt 0.405249 0.498999
vt 0.873999 0.217749
vt 0.845752 0.217749
vt 0.873999 0.189502
vt 0.780249 0.373999
vt 0.752002 0.373999
vt 0.780249 0.345752
vt 0.123999 0.873999
vt 0.095752 0.873999
vt 0.123999 0.845752
vt 0.561499 0.314502
vt 0.561499 0.373999
vt 0.502002 0.373999
vt 0.561499 0.498999
vt 0.561499 0.439502
vt 0.502002 0.498999
vt 0.405249 0.127002
vt 0.405249 0.186499
vt 0.377002 0.186499
vt 0.623999 0.686499
vt 0.595752 0.686499
vt 0.623999 0.658252
vt 0.188501 0.563501
vt 0.188501 0.622998
vt 0.216748 0.563501
vt 0.248999 0.564502
vt 0.248999 0.623999
vt 0.220752 0.623999
vt 0.310498 0.501001
vt 0.282251 0.560498
vt 0.282251 0.501001
vt 0.623999 0.717749
vt 0.623999 0.689502
vt 0.595752 0.717749
vt 0.438501 0.751001
vt 0.466748 0.751001
vt 0.438501 0.779248
vt 0.873999 0.155249
vt 0.873999 0.127002
vt 0.845752 0.155249
vt 0.002002 0.030249
vt 0.030249 0.030249
vt 0.030249 0.002002
vt 0.920874 0.377002
vt 0.920874 0.405249
vt 0.908252 0.405249
vt 0.952124 0.189502
vt 0.952124 0.217749
vt 0.939502 0.217749
vt 0.998999 0.064502
vt 0.986377 0.092749
vt 0.998999 0.092749
vt 0.967749 0.345752
vt 0.967749 0.373999
vt 0.955127 0.373999
vt 0.061499 0.877002
vt 0.061499 0.905249
vt 0.048877 0.905249
vt 0.407251 0.872998
vt 0.407251 0.844751
vt 0.435498 0.844751
vt 0.954126 0.060498
vt 0.954126 0.032251
vt 0.966748 0.032251
vt 0.657251 0.904248
vt 0.657251 0.876001
vt 0.662060 0.876001
vt 0.345752 0.936499
vt 0.358374 0.908252
vt 0.358374 0.936499
vt 0.951123 0.032251
vt 0.938501 0.060498
vt 0.938501 0.032251
vt 0.002002 0.139624
vt 0.014624 0.127002
vt 0.014624 0.139624
vt 0.185498 0.360376
vt 0.180689 0.360376
vt 0.180689 0.372998
vt 0.811499 0.470752
vt 0.811499 0.498999
vt 0.783252 0.498999
vt 0.248999 0.877002
vt 0.236377 0.905249
vt 0.248999 0.905249
vt 0.680689 0.904248
vt 0.685498 0.876001
vt 0.680689 0.876001
vt 0.936499 0.689502
vt 0.936499 0.717749
vt 0.931690 0.717749
vt 0.985376 0.060498
vt 0.985376 0.032251
vt 0.997998 0.032251
vt 0.969751 0.060498
vt 0.982373 0.032251
vt 0.969751 0.032251
vt 0.672876 0.904248
vt 0.672876 0.876001
vt 0.677685 0.876001
vt 0.202124 0.202124
vt 0.189502 0.202124
vt 0.202124 0.189502
vt 0.139624 0.045874
vt 0.127002 0.045874
vt 0.139624 0.033252
vt 0.891626 0.001001
vt 0.904248 0.001001
vt 0.891626 0.029248
vt 0.876001 0.029248
vt 0.876001 0.001001
vt 0.888623 0.001001
vt 0.251001 0.501001
vt 0.279248 0.501001
vt 0.251001 0.560498
vt 0.780249 0.436499
vt 0.752002 0.436499
vt 0.780249 0.408252
vt 0.655249 0.405249
vt 0.627002 0.405249
vt 0.655249 0.377002
vt 0.638623 0.876001
vt 0.633814 0.876001
vt 0.633814 0.904248
vt 0.939502 0.686499
vt 0.944311 0.686499
vt 0.944311 0.658252
vt 0.404248 0.844751
vt 0.376001 0.844751
vt 0.376001 0.872998
vt 0.435498 0.813501
vt 0.407251 0.813501
vt 0.407251 0.841748
vt 0.314502 0.873999
vt 0.342749 0.873999
vt 0.342749 0.845752
vt 0.916065 0.717749
vt 0.920874 0.717749
vt 0.920874 0.689502
vt 0.630810 0.876001
vt 0.626001 0.876001
vt 0.626001 0.904248
vt 0.922876 0.001001
vt 0.922876 0.029248
vt 0.935498 0.001001
vt 0.889624 0.752002
vt 0.884815 0.756811
vt 0.889624 0.756811
vt 0.907251 0.001001
vt 0.919873 0.001001
vt 0.907251 0.029248
vt 0.155249 0.170874
vt 0.142627 0.170874
vt 0.155249 0.158252
vt 0.127002 0.998999
vt 0.139624 0.998999
vt 0.139624 0.970752
vt 0.107373 0.313501
vt 0.094751 0.313501
vt 0.094751 0.326123
vt 0.342749 0.783252
vt 0.342749 0.811499
vt 0.314502 0.811499
vt 0.891626 0.060498
vt 0.891626 0.032251
vt 0.904248 0.032251
vt 0.139624 0.202124
vt 0.127002 0.202124
vt 0.139624 0.189502
vt 0.079126 0.360376
vt 0.091748 0.360376
vt 0.079126 0.372998
vt 0.177685 0.360376
vt 0.172876 0.360376
vt 0.172876 0.372998
vt 0.123999 0.327124
vt 0.111377 0.327124
vt 0.123999 0.314502
vt 0.233374 0.939502
vt 0.233374 0.967749
vt 0.220752 0.967749
vt 0.876001 0.060498
vt 0.876001 0.032251
vt 0.888623 0.032251
vt 0.220752 0.248999
vt 0.233374 0.248999
vt 0.233374 0.236377
vt 0.922876 0.032251
vt 0.935498 0.032251
vt 0.922876 0.060498
vt 0.907251 0.032251
vt 0.919873 0.032251
vt 0.907251 0.060498
vt 0.095752 0.327124
vt 0.108374 0.327124
vt 0.108374 0.314502
vt 0.908252 0.248999
vt 0.920874 0.248999
vt 0.920874 0.220752
vt 0.045874 0.970752
vt 0.045874 0.998999
vt 0.033252 0.998999
vt 0.889624 0.252002
vt 0.889624 0.280249
vt 0.877002 0.280249
vt 0.063501 0.360376
vt 0.063501 0.372998
vt 0.076123 0.360376
vt 0.079126 0.344751
vt 0.079126 0.357373
vt 0.091748 0.344751
vt 0.076123 0.344751
vt 0.063501 0.344751
vt 0.063501 0.357373
vt 0.122998 0.360376
vt 0.110376 0.360376
vt 0.110376 0.372998
vt 0.155249 0.811499
vt 0.127002 0.811499
vt 0.155249 0.783252
vt 0.780249 0.280249
vt 0.752002 0.280249
vt 0.780249 0.252002
vt 0.829126 0.813501
vt 0.841748 0.813501
vt 0.829126 0.841748
vt 0.826123 0.813501
vt 0.813501 0.813501
vt 0.813501 0.841748
vt 0.623999 0.373999
vt 0.564502 0.373999
vt 0.623999 0.314502
vt 0.094751 0.360376
vt 0.094751 0.372998
vt 0.107373 0.360376
vt 0.110376 0.344751
vt 0.110376 0.357373
vt 0.122998 0.344751
vt 0.094751 0.357373
vt 0.094751 0.344751
vt 0.107373 0.344751
vt 0.108374 0.345752
vt 0.108374 0.358374
vt 0.095752 0.358374
vt 0.920874 0.095752
vt 0.920874 0.123999
vt 0.908252 0.123999
vt 0.389624 0.939502
vt 0.389624 0.967749
vt 0.377002 0.967749
vt 0.092749 0.358374
vt 0.092749 0.345752
vt 0.080127 0.358374
vt 0.077124 0.373999
vt 0.077124 0.361377
vt 0.064502 0.373999
vt 0.029248 0.329126
vt 0.016626 0.329126
vt 0.016626 0.341748
vt 0.142627 0.186499
vt 0.155249 0.186499
vt 0.155249 0.173877
vt 0.860376 0.841748
vt 0.860376 0.813501
vt 0.872998 0.813501
vt 0.873999 0.814502
vt 0.873999 0.842749
vt 0.861377 0.842749
vt 0.013623 0.329126
vt 0.001001 0.329126
vt 0.001001 0.341748
vt 0.205127 0.092749
vt 0.217749 0.092749
vt 0.217749 0.080127
vt 0.844751 0.813501
vt 0.844751 0.841748
vt 0.857373 0.813501
vt 0.858374 0.842749
vt 0.858374 0.814502
vt 0.845752 0.842749
vt 0.829126 0.872998
vt 0.829126 0.844751
vt 0.841748 0.844751
vt 0.842749 0.845752
vt 0.842749 0.873999
vt 0.830127 0.873999
vt 0.967749 0.158252
vt 0.955127 0.186499
vt 0.967749 0.186499
vt 0.905249 0.064502
vt 0.892627 0.092749
vt 0.905249 0.092749
vt 0.016626 0.326123
vt 0.016626 0.313501
vt 0.029248 0.313501
vt 0.123999 0.345752
vt 0.123999 0.358374
vt 0.111377 0.358374
vt 0.967749 0.033252
vt 0.967749 0.061499
vt 0.955127 0.061499
vt 0.813501 0.872998
vt 0.813501 0.844751
vt 0.826123 0.844751
vt 0.013623 0.313501
vt 0.001001 0.326123
vt 0.001001 0.313501
vt 0.002002 0.327124
vt 0.014624 0.314502
vt 0.014624 0.327124
vt 0.970752 0.623999
vt 0.983374 0.564502
vt 0.983374 0.623999
vt 0.872998 0.844751
vt 0.860376 0.872998
vt 0.860376 0.844751
vt 0.844751 0.844751
vt 0.857373 0.844751
vt 0.844751 0.872998
vt 0.779248 0.813501
vt 0.766626 0.813501
vt 0.766626 0.841748
vt 0.423877 0.967749
vt 0.436499 0.967749
vt 0.436499 0.939502
vt 0.404248 0.813501
vt 0.376001 0.813501
vt 0.376001 0.841748
vt 0.845752 0.467749
vt 0.873999 0.467749
vt 0.873999 0.439502
vt 0.342749 0.752002
vt 0.342749 0.780249
vt 0.314502 0.780249
vt 0.327124 0.967749
vt 0.314502 0.967749
vt 0.327124 0.939502
vt 0.045874 0.905249
vt 0.033252 0.905249
vt 0.045874 0.877002
vt 0.469751 0.872998
vt 0.469751 0.844751
vt 0.497998 0.844751
vt 0.752002 0.123999
vt 0.780249 0.123999
vt 0.780249 0.095752
vt 0.047876 0.329126
vt 0.060498 0.329126
vt 0.047876 0.341748
vt 0.032251 0.329126
vt 0.044873 0.329126
vt 0.032251 0.341748
vt 0.920874 0.033252
vt 0.920874 0.061499
vt 0.908252 0.061499
vt 0.686499 0.564502
vt 0.686499 0.592749
vt 0.658252 0.592749
vt 0.751001 0.841748
vt 0.763623 0.813501
vt 0.751001 0.813501
vt 0.797876 0.841748
vt 0.810498 0.813501
vt 0.797876 0.813501
vt 0.905249 0.689502
vt 0.900440 0.717749
vt 0.905249 0.717749
vt 0.936499 0.314502
vt 0.923877 0.342749
vt 0.936499 0.342749
vt 0.155249 0.298877
vt 0.150440 0.311499
vt 0.155249 0.311499
vt 0.133814 0.357373
vt 0.138623 0.344751
vt 0.133814 0.344751
vt 0.649439 0.876001
vt 0.649439 0.904248
vt 0.654248 0.876001
vt 0.908252 0.717749
vt 0.913061 0.689502
vt 0.913061 0.717749
vt 0.212940 0.280249
vt 0.217749 0.267627
vt 0.217749 0.280249
vt 0.158252 0.170874
vt 0.170874 0.158252
vt 0.170874 0.170874
vt 0.794873 0.813501
vt 0.782251 0.841748
vt 0.782251 0.813501
vt 0.002002 0.905249
vt 0.014624 0.877002
vt 0.014624 0.905249
vt 0.108374 0.330127
vt 0.095752 0.342749
vt 0.108374 0.342749
vt 0.047876 0.326123
vt 0.047876 0.313501
vt 0.060498 0.313501
vt 0.139624 0.158252
vt 0.127002 0.170874
vt 0.139624 0.170874
vt 0.139624 0.127002
vt 0.139624 0.139624
vt 0.127002 0.139624
vt 0.998999 0.252002
vt 0.998999 0.280249
vt 0.986377 0.280249
vt 0.952124 0.033252
vt 0.952124 0.061499
vt 0.939502 0.061499
vt 0.920874 0.030249
vt 0.920874 0.002002
vt 0.908252 0.030249
vt 0.045874 0.342749
vt 0.045874 0.330127
vt 0.033252 0.342749
vt 0.248999 0.033252
vt 0.248999 0.045874
vt 0.236377 0.045874
vt 0.345752 0.967749
vt 0.358374 0.939502
vt 0.358374 0.967749
vt 0.779248 0.844751
vt 0.766626 0.872998
vt 0.766626 0.844751
vt 0.044873 0.313501
vt 0.032251 0.326123
vt 0.032251 0.313501
vt 0.092749 0.327124
vt 0.092749 0.314502
vt 0.080127 0.327124
vt 0.763623 0.844751
vt 0.751001 0.872998
vt 0.751001 0.844751
vt 0.978565 0.717749
vt 0.983374 0.689502
vt 0.983374 0.717749
vt 0.810498 0.844751
vt 0.797876 0.872998
vt 0.797876 0.844751
vt 0.889624 0.686499
vt 0.889624 0.658252
vt 0.884815 0.686499
vt 0.641626 0.904248
vt 0.646435 0.876001
vt 0.641626 0.876001
vt 0.782251 0.872998
vt 0.782251 0.844751
vt 0.794873 0.844751
vt 0.147436 0.252002
vt 0.142627 0.264624
vt 0.147436 0.264624
vt 0.170874 0.252002
vt 0.170874 0.264624
vt 0.166065 0.264624
vt 0.663061 0.877002
vt 0.658252 0.905249
vt 0.663061 0.905249
vt 0.655249 0.877002
vt 0.655249 0.905249
vt 0.650440 0.905249
vt 0.923877 0.748999
vt 0.928686 0.720752
vt 0.928686 0.748999
vt 0.681690 0.905249
vt 0.686499 0.877002
vt 0.686499 0.905249
vt 0.038061 0.189502
vt 0.033252 0.248999
vt 0.038061 0.248999
vt 0.008814 0.247998
vt 0.008814 0.188501
vt 0.013623 0.188501
vt 0.016626 0.360376
vt 0.016626 0.372998
vt 0.029248 0.360376
vt 0.001001 0.360376
vt 0.013623 0.360376
vt 0.001001 0.372998
vt 0.186499 0.127002
vt 0.186499 0.139624
vt 0.173877 0.139624
vt 0.016626 0.357373
vt 0.016626 0.344751
vt 0.029248 0.344751
vt 0.952124 0.186499
vt 0.952124 0.158252
vt 0.939502 0.186499
vt 0.264624 0.998999
vt 0.264624 0.970752
vt 0.252002 0.998999
vt 0.170874 0.139624
vt 0.170874 0.127002
vt 0.158252 0.139624
vt 0.001001 0.344751
vt 0.001001 0.357373
vt 0.013623 0.344751
vt 0.014624 0.936499
vt 0.014624 0.908252
vt 0.002002 0.936499
vt 0.047876 0.360376
vt 0.047876 0.372998
vt 0.060498 0.360376
vt 0.032251 0.372998
vt 0.032251 0.360376
vt 0.044873 0.360376
vt 0.060498 0.344751
vt 0.047876 0.344751
vt 0.047876 0.357373
vt 0.829126 0.751001
vt 0.829126 0.779248
vt 0.841748 0.751001
vt 0.967749 0.155249
vt 0.967749 0.127002
vt 0.955127 0.155249
vt 0.842749 0.752002
vt 0.830127 0.780249
vt 0.842749 0.780249
vt 0.813501 0.779248
vt 0.813501 0.751001
vt 0.826123 0.751001
vt 0.920874 0.408252
vt 0.908252 0.436499
vt 0.920874 0.436499
vt 0.436499 0.970752
vt 0.436499 0.998999
vt 0.423877 0.998999
vt 0.248999 0.080127
vt 0.248999 0.092749
vt 0.236377 0.092749
vt 0.044873 0.344751
vt 0.032251 0.344751
vt 0.032251 0.357373
vt 0.983374 0.314502
vt 0.983374 0.342749
vt 0.970752 0.342749
vt 0.170874 0.173877
vt 0.170874 0.186499
vt 0.158252 0.186499
vt 0.205127 0.202124
vt 0.217749 0.189502
vt 0.217749 0.202124
vt 0.091748 0.266626
vt 0.079126 0.279248
vt 0.079126 0.266626
vt 0.939502 0.030249
vt 0.952124 0.002002
vt 0.952124 0.030249
vt 0.936499 0.217749
vt 0.936499 0.189502
vt 0.923877 0.217749
vt 0.189502 0.045874
vt 0.202124 0.045874
vt 0.202124 0.033252
vt 0.130810 0.344751
vt 0.126001 0.344751
vt 0.126001 0.357373
vt 0.220752 0.233374
vt 0.233374 0.233374
vt 0.233374 0.220752
vt 0.142627 0.217749
vt 0.155249 0.217749
vt 0.155249 0.205127
vt 0.860376 0.751001
vt 0.860376 0.779248
vt 0.872998 0.751001
vt 0.063501 0.266626
vt 0.076123 0.266626
vt 0.063501 0.279248
vt 0.217749 0.139624
vt 0.205127 0.139624
vt 0.217749 0.127002
vt 0.217749 0.170874
vt 0.205127 0.170874
vt 0.217749 0.158252
vt 0.158252 0.264624
vt 0.163061 0.264624
vt 0.163061 0.252002
vt 0.091748 0.251001
vt 0.079126 0.263623
vt 0.079126 0.251001
vt 0.063501 0.251001
vt 0.063501 0.263623
vt 0.076123 0.251001
vt 0.110376 0.266626
vt 0.122998 0.266626
vt 0.110376 0.279248
vt 0.149439 0.344751
vt 0.154248 0.344751
vt 0.149439 0.357373
vt 0.857373 0.751001
vt 0.844751 0.779248
vt 0.844751 0.751001
vt 0.155249 0.233374
vt 0.155249 0.220752
vt 0.142627 0.233374
vt 0.311499 0.908252
vt 0.298877 0.936499
vt 0.311499 0.936499
vt 0.248999 0.127002
vt 0.248999 0.139624
vt 0.236377 0.139624
vt 0.094751 0.279248
vt 0.107373 0.266626
vt 0.094751 0.266626
vt 0.061499 0.158252
vt 0.061499 0.170874
vt 0.048877 0.170874
vt 0.122998 0.251001
vt 0.110376 0.251001
vt 0.110376 0.263623
vt 0.146435 0.344751
vt 0.141626 0.344751
vt 0.141626 0.357373
vt 0.094751 0.263623
vt 0.094751 0.251001
vt 0.107373 0.251001
vt 0.091748 0.297876
vt 0.079126 0.297876
vt 0.079126 0.310498
vt 0.063501 0.310498
vt 0.076123 0.297876
vt 0.063501 0.297876
vt 0.079126 0.282251
vt 0.079126 0.294873
vt 0.091748 0.282251
vt 0.033252 0.936499
vt 0.045874 0.908252
vt 0.045874 0.936499
vt 0.829126 0.782251
vt 0.829126 0.810498
vt 0.841748 0.782251
vt 0.732373 0.907251
vt 0.727564 0.907251
vt 0.727564 0.935498
vt 0.830127 0.811499
vt 0.842749 0.811499
vt 0.842749 0.783252
vt 0.127002 0.030249
vt 0.139624 0.030249
vt 0.139624 0.017627
vt 0.076123 0.282251
vt 0.063501 0.282251
vt 0.063501 0.294873
vt 0.155249 0.295874
vt 0.150440 0.295874
vt 0.155249 0.283252
vt 0.813501 0.782251
vt 0.826123 0.782251
vt 0.813501 0.810498
vt 0.670874 0.936499
vt 0.666065 0.936499
vt 0.670874 0.908252
vt 0.860376 0.782251
vt 0.872998 0.782251
vt 0.860376 0.810498
vt 0.561499 0.998999
vt 0.548877 0.998999
vt 0.561499 0.939502
vt 0.983374 0.561499
vt 0.970752 0.561499
vt 0.983374 0.502002
vt 0.577124 0.936499
vt 0.564502 0.936499
vt 0.577124 0.877002
vt 0.922876 0.501001
vt 0.935498 0.501001
vt 0.922876 0.560498
vt 0.919873 0.501001
vt 0.907251 0.501001
vt 0.907251 0.560498
vt 0.372998 0.501001
vt 0.344751 0.501001
vt 0.344751 0.560498
vt 0.811499 0.345752
vt 0.811499 0.373999
vt 0.783252 0.373999
vt 0.138623 0.360376
vt 0.133814 0.360376
vt 0.133814 0.372998
vt 0.345752 0.561499
vt 0.373999 0.561499
vt 0.373999 0.502002
vt 0.954126 0.497998
vt 0.966748 0.438501
vt 0.954126 0.438501
vt 0.623999 0.439502
vt 0.623999 0.498999
vt 0.564502 0.498999
vt 0.844751 0.810498
vt 0.844751 0.782251
vt 0.857373 0.782251
vt 0.405249 0.873999
vt 0.405249 0.845752
vt 0.377002 0.873999
vt 0.811499 0.405249
vt 0.783252 0.405249
vt 0.811499 0.377002
vt 0.998999 0.158252
vt 0.986377 0.186499
vt 0.998999 0.186499
vt 0.438501 0.872998
vt 0.466748 0.844751
vt 0.438501 0.844751
vt 0.938501 0.438501
vt 0.951123 0.438501
vt 0.938501 0.497998
vt 0.126001 0.360376
vt 0.130810 0.360376
vt 0.126001 0.372998
vt 0.766626 0.779248
vt 0.779248 0.751001
vt 0.766626 0.751001
vt 0.497998 0.813501
vt 0.469751 0.841748
vt 0.469751 0.813501
vt 0.955127 0.030249
vt 0.967749 0.002002
vt 0.967749 0.030249
vt 0.092749 0.280249
vt 0.080127 0.280249
vt 0.092749 0.267627
vt 0.780249 0.752002
vt 0.767627 0.780249
vt 0.780249 0.780249
vt 0.405249 0.783252
vt 0.405249 0.811499
vt 0.377002 0.811499
vt 0.751001 0.751001
vt 0.763623 0.751001
vt 0.751001 0.779248
vt 0.438501 0.813501
vt 0.466748 0.813501
vt 0.438501 0.841748
vt 0.311499 0.498999
vt 0.311499 0.439502
vt 0.283252 0.498999
vt 0.077124 0.939502
vt 0.077124 0.967749
vt 0.064502 0.967749
vt 0.920874 0.158252
vt 0.908252 0.186499
vt 0.920874 0.186499
vt 0.561499 0.311499
vt 0.502002 0.311499
vt 0.561499 0.252002
vt 0.313501 0.501001
vt 0.313501 0.560498
vt 0.341748 0.501001
vt 0.092749 0.939502
vt 0.080127 0.967749
vt 0.092749 0.967749
vt 0.780249 0.283252
vt 0.780249 0.311499
vt 0.752002 0.311499
vt 0.530249 0.689502
vt 0.502002 0.717749
vt 0.530249 0.717749
vt 0.997998 0.438501
vt 0.985376 0.497998
vt 0.985376 0.438501
vt 0.998999 0.498999
vt 0.998999 0.439502
vt 0.986377 0.498999
vt 0.797876 0.751001
vt 0.810498 0.751001
vt 0.797876 0.779248
vt 0.889624 0.373999
vt 0.877002 0.373999
vt 0.889624 0.345752
vt 0.110376 0.310498
vt 0.110376 0.297876
vt 0.122998 0.297876
vt 0.982373 0.438501
vt 0.969751 0.497998
vt 0.969751 0.438501
vt 0.314502 0.561499
vt 0.342749 0.502002
vt 0.342749 0.561499
vt 0.514624 0.877002
vt 0.502002 0.936499
vt 0.514624 0.936499
vt 0.205127 0.967749
vt 0.217749 0.939502
vt 0.217749 0.967749
vt 0.123999 0.936499
vt 0.123999 0.908252
vt 0.111377 0.936499
vt 0.108374 0.970752
vt 0.095752 0.998999
vt 0.108374 0.998999
vt 0.782251 0.779248
vt 0.782251 0.751001
vt 0.794873 0.751001
vt 0.014624 0.189502
vt 0.009815 0.248999
vt 0.014624 0.248999
vt 0.905249 0.502002
vt 0.892627 0.561499
vt 0.905249 0.561499
vt 0.107373 0.297876
vt 0.094751 0.297876
vt 0.094751 0.310498
vt 0.122998 0.282251
vt 0.110376 0.282251
vt 0.110376 0.294873
vt 0.064502 0.327124
vt 0.077124 0.327124
vt 0.077124 0.314502
vt 0.936499 0.345752
vt 0.936499 0.373999
vt 0.923877 0.373999
vt 0.436499 0.877002
vt 0.423877 0.905249
vt 0.436499 0.905249
vt 0.095752 0.967749
vt 0.108374 0.939502
vt 0.108374 0.967749
vt 0.094751 0.282251
vt 0.094751 0.294873
vt 0.107373 0.282251
vt 0.016626 0.266626
vt 0.016626 0.279248
vt 0.029248 0.266626
vt 0.766626 0.810498
vt 0.766626 0.782251
vt 0.779248 0.782251
vt 0.252002 0.780249
vt 0.280249 0.780249
vt 0.280249 0.752002
vt 0.154248 0.360376
vt 0.149439 0.372998
vt 0.149439 0.360376
vt 0.998999 0.030249
vt 0.998999 0.002002
vt 0.986377 0.030249
vt 0.763623 0.782251
vt 0.751001 0.810498
vt 0.751001 0.782251
vt 0.797876 0.810498
vt 0.797876 0.782251
vt 0.810498 0.782251
vt 0.123999 0.970752
vt 0.123999 0.998999
vt 0.111377 0.998999
vt 0.139624 0.123999
vt 0.127002 0.123999
vt 0.139624 0.111377
vt 0.694311 0.967749
vt 0.689502 0.967749
vt 0.694311 0.955127
vt 0.764624 0.752002
vt 0.752002 0.780249
vt 0.764624 0.780249
vt 0.311499 0.939502
vt 0.311499 0.967749
vt 0.298877 0.967749
vt 0.061499 0.361377
vt 0.048877 0.373999
vt 0.061499 0.373999
vt 0.141626 0.372998
vt 0.141626 0.360376
vt 0.146435 0.360376
vt 0.752002 0.889624
vt 0.756811 0.889624
vt 0.756811 0.884815
vt 0.669873 0.680689
vt 0.665064 0.680689
vt 0.665064 0.685498
vt 0.881811 0.764624
vt 0.877002 0.764624
vt 0.881811 0.759815
vt 0.657251 0.685498
vt 0.662060 0.680689
vt 0.657251 0.680689
vt 0.665064 0.677685
vt 0.669873 0.672876
vt 0.665064 0.672876
vt 0.165064 0.326123
vt 0.169873 0.313501
vt 0.165064 0.313501
vt 0.157251 0.326123
vt 0.157251 0.313501
vt 0.162060 0.313501
vt 0.657251 0.677685
vt 0.662060 0.672876
vt 0.657251 0.672876
vt 0.719751 0.935498
vt 0.724560 0.907251
vt 0.719751 0.907251
vt 0.685498 0.680689
vt 0.680689 0.680689
vt 0.680689 0.685498
vt 0.166065 0.280249
vt 0.170874 0.267627
vt 0.170874 0.280249
vt 0.013623 0.266626
vt 0.001001 0.279248
vt 0.001001 0.266626
vt 0.029248 0.251001
vt 0.016626 0.263623
vt 0.016626 0.251001
vt 0.186499 0.033252
vt 0.173877 0.045874
vt 0.186499 0.045874
vt 0.908252 0.280249
vt 0.920874 0.280249
vt 0.920874 0.252002
vt 0.983374 0.030249
vt 0.970752 0.030249
vt 0.983374 0.002002
vt 0.782251 0.532251
vt 0.782251 0.560498
vt 0.810498 0.532251
vt 0.782251 0.782251
vt 0.782251 0.810498
vt 0.794873 0.782251
vt 0.811499 0.783252
vt 0.811499 0.811499
vt 0.798877 0.811499
vt 0.704126 0.841748
vt 0.704126 0.813501
vt 0.716748 0.813501
vt 0.983374 0.217749
vt 0.970752 0.217749
vt 0.983374 0.189502
vt 0.185498 0.313501
vt 0.180689 0.313501
vt 0.180689 0.326123
vt 0.779248 0.532251
vt 0.751001 0.532251
vt 0.751001 0.560498
vt 0.814502 0.217749
vt 0.842749 0.217749
vt 0.842749 0.189502
vt 0.782251 0.501001
vt 0.810498 0.501001
vt 0.782251 0.529248
vt 0.220752 0.842749
vt 0.248999 0.842749
vt 0.248999 0.814502
vt 0.592749 0.936499
vt 0.580127 0.936499
vt 0.592749 0.877002
vt 0.280249 0.561499
vt 0.252002 0.561499
vt 0.280249 0.502002
vt 0.282251 0.563501
vt 0.310498 0.563501
vt 0.282251 0.622998
vt 0.279248 0.563501
vt 0.251001 0.563501
vt 0.251001 0.622998
vt 0.564502 0.186499
vt 0.592749 0.186499
vt 0.592749 0.127002
vt 0.904248 0.438501
vt 0.891626 0.438501
vt 0.891626 0.497998
vt 0.923877 0.623999
vt 0.936499 0.623999
vt 0.936499 0.564502
vt 0.283252 0.623999
vt 0.311499 0.623999
vt 0.311499 0.564502
vt 0.548877 0.936499
vt 0.561499 0.936499
vt 0.561499 0.877002
vt 0.502002 0.998999
vt 0.514624 0.998999
vt 0.514624 0.939502
vt 0.877002 0.623999
vt 0.889624 0.623999
vt 0.889624 0.564502
vt 0.345752 0.998999
vt 0.358374 0.998999
vt 0.358374 0.970752
vt 0.905249 0.030249
vt 0.892627 0.030249
vt 0.905249 0.002002
vt 0.189502 0.061499
vt 0.202124 0.061499
vt 0.202124 0.048877
vt 0.001001 0.251001
vt 0.013623 0.251001
vt 0.001001 0.263623
vt 0.701123 0.813501
vt 0.688501 0.841748
vt 0.688501 0.813501
vt 0.743189 0.907251
vt 0.743189 0.935498
vt 0.747998 0.907251
vt 0.780249 0.783252
vt 0.767627 0.811499
vt 0.780249 0.811499
vt 0.735376 0.935498
vt 0.735376 0.907251
vt 0.740185 0.907251
vt 0.172876 0.313501
vt 0.177685 0.313501
vt 0.172876 0.326123
vt 0.169873 0.329126
vt 0.165064 0.329126
vt 0.165064 0.341748
vt 0.735376 0.841748
vt 0.747998 0.813501
vt 0.735376 0.813501
vt 0.047876 0.279248
vt 0.047876 0.266626
vt 0.060498 0.266626
vt 0.751001 0.501001
vt 0.751001 0.529248
vt 0.779248 0.501001
vt 0.044873 0.266626
vt 0.032251 0.266626
vt 0.032251 0.279248
vt 0.719751 0.813501
vt 0.732373 0.813501
vt 0.719751 0.841748
vt 0.498999 0.936499
vt 0.486377 0.936499
vt 0.498999 0.908252
vt 0.689502 0.405249
vt 0.717749 0.405249
vt 0.717749 0.377002
vt 0.189502 0.873999
vt 0.217749 0.873999
vt 0.217749 0.845752
vt 0.908252 0.092749
vt 0.920874 0.092749
vt 0.920874 0.064502
vt 0.978565 0.748999
vt 0.983374 0.748999
vt 0.983374 0.720752
vt 0.716748 0.844751
vt 0.704126 0.844751
vt 0.704126 0.872998
vt 0.752002 0.873999
vt 0.764624 0.873999
vt 0.764624 0.845752
vt 0.173877 0.030249
vt 0.186499 0.030249
vt 0.186499 0.017627
vt 0.701123 0.844751
vt 0.688501 0.844751
vt 0.688501 0.872998
vt 0.127002 0.092749
vt 0.139624 0.092749
vt 0.139624 0.080127
vt 0.178686 0.358374
vt 0.173877 0.358374
vt 0.178686 0.345752
vt 0.047876 0.251001
vt 0.047876 0.263623
vt 0.060498 0.251001
vt 0.889624 0.772436
vt 0.884815 0.772436
vt 0.889624 0.767627
vt 0.627002 0.936499
vt 0.631811 0.908252
vt 0.631811 0.936499
vt 0.170874 0.358374
vt 0.170874 0.345752
vt 0.166065 0.358374
vt 0.186499 0.314502
vt 0.181690 0.327124
vt 0.186499 0.327124
vt 0.655249 0.939502
vt 0.655249 0.952124
vt 0.650440 0.952124
vt 0.767627 0.889624
vt 0.772436 0.889624
vt 0.772436 0.884815
vt 0.759815 0.897436
vt 0.764624 0.897436
vt 0.764624 0.892627
vt 0.032251 0.263623
vt 0.044873 0.251001
vt 0.032251 0.251001
vt 0.157251 0.341748
vt 0.157251 0.329126
vt 0.162060 0.329126
vt 0.016626 0.310498
vt 0.029248 0.297876
vt 0.016626 0.297876
vt 0.202124 0.142627
vt 0.202124 0.155249
vt 0.189502 0.155249
vt 0.001001 0.297876
vt 0.013623 0.297876
vt 0.001001 0.310498
vt 0.029248 0.282251
vt 0.016626 0.282251
vt 0.016626 0.294873
vt 0.735376 0.872998
vt 0.735376 0.844751
vt 0.747998 0.844751
vt 0.001001 0.294873
vt 0.001001 0.282251
vt 0.013623 0.282251
vt 0.712940 0.998999
vt 0.717749 0.998999
vt 0.717749 0.986377
vt 0.728565 0.952124
vt 0.733374 0.952124
vt 0.733374 0.939502
vt 0.047876 0.310498
vt 0.047876 0.297876
vt 0.060498 0.297876
vt 0.185498 0.329126
vt 0.180689 0.329126
vt 0.180689 0.341748
vt 0.233374 0.283252
vt 0.233374 0.295874
vt 0.228565 0.295874
vt 0.677685 0.680689
vt 0.672876 0.680689
vt 0.672876 0.685498
vt 0.177685 0.329126
vt 0.172876 0.329126
vt 0.172876 0.341748
vt 0.133814 0.313501
vt 0.138623 0.313501
vt 0.133814 0.326123
vt 0.696314 0.907251
vt 0.701123 0.907251
vt 0.696314 0.935498
vt 0.983374 0.248999
vt 0.970752 0.248999
vt 0.983374 0.220752
vt 0.002002 0.967749
vt 0.014624 0.967749
vt 0.014624 0.939502
vt 0.892627 0.717749
vt 0.897436 0.717749
vt 0.897436 0.689502
vt 0.080127 0.936499
vt 0.092749 0.936499
vt 0.092749 0.908252
vt 0.732373 0.844751
vt 0.719751 0.844751
vt 0.719751 0.872998
vt 0.130810 0.313501
vt 0.126001 0.313501
vt 0.126001 0.326123
vt 0.032251 0.297876
vt 0.044873 0.297876
vt 0.032251 0.310498
vt 0.689502 0.952124
vt 0.694311 0.952124
vt 0.694311 0.939502
vt 0.712940 0.967749
vt 0.717749 0.967749
vt 0.717749 0.955127
vt 0.149439 0.313501
vt 0.154248 0.313501
vt 0.149439 0.326123
vt 0.170874 0.327124
vt 0.166065 0.327124
vt 0.170874 0.314502
vt 0.663061 0.936499
vt 0.658252 0.936499
vt 0.663061 0.908252
vt 0.123999 0.064502
vt 0.095752 0.092749
vt 0.123999 0.092749
vt 0.189502 0.623999
vt 0.217749 0.564502
vt 0.217749 0.623999
vt 0.123999 0.623999
vt 0.095752 0.623999
vt 0.123999 0.564502
vt 0.001001 0.247998
vt 0.001001 0.188501
vt 0.005810 0.188501
vt 0.842749 0.377002
vt 0.842749 0.405249
vt 0.814502 0.405249
vt 0.186499 0.623999
vt 0.186499 0.564502
vt 0.158252 0.623999
vt 0.061499 0.267627
vt 0.061499 0.280249
vt 0.048877 0.280249
vt 0.047876 0.282251
vt 0.047876 0.294873
vt 0.060498 0.282251
vt 0.217749 0.045874
vt 0.217749 0.033252
vt 0.205127 0.045874
vt 0.032251 0.294873
vt 0.044873 0.282251
vt 0.032251 0.282251
vt 0.139624 0.295874
vt 0.134815 0.295874
vt 0.139624 0.283252
vt 0.329126 0.079126
vt 0.329126 0.091748
vt 0.341748 0.079126
vt 0.326123 0.079126
vt 0.313501 0.091748
vt 0.313501 0.079126
vt 0.329126 0.076123
vt 0.329126 0.063501
vt 0.341748 0.063501
vt 0.146435 0.313501
vt 0.141626 0.326123
vt 0.141626 0.313501
vt 0.467749 0.873999
vt 0.467749 0.845752
vt 0.439502 0.873999
vt 0.045874 0.280249
vt 0.045874 0.267627
vt 0.033252 0.280249
vt 0.748999 0.845752
vt 0.736377 0.873999
vt 0.748999 0.873999
vt 0.923877 0.092749
vt 0.936499 0.092749
vt 0.936499 0.064502
vt 0.024439 0.188501
vt 0.029248 0.188501
vt 0.024439 0.247998
vt 0.983374 0.498999
vt 0.970752 0.498999
vt 0.983374 0.439502
vt 0.641626 0.813501
vt 0.654248 0.813501
vt 0.641626 0.841748
vt 0.626001 0.813501
vt 0.638623 0.813501
vt 0.626001 0.841748
vt 0.313501 0.063501
vt 0.326123 0.063501
vt 0.313501 0.076123
vt 0.248999 0.311499
vt 0.244190 0.311499
vt 0.248999 0.298877
vt 0.728565 0.998999
vt 0.733374 0.998999
vt 0.733374 0.986377
vt 0.685498 0.672876
vt 0.680689 0.677685
vt 0.680689 0.672876
vt 0.360376 0.079126
vt 0.360376 0.091748
vt 0.372998 0.079126
vt 0.133814 0.329126
vt 0.138623 0.329126
vt 0.133814 0.341748
vt 0.677685 0.672876
vt 0.672876 0.672876
vt 0.672876 0.677685
vt 0.126001 0.341748
vt 0.126001 0.329126
vt 0.130810 0.329126
vt 0.702124 0.967749
vt 0.697315 0.967749
vt 0.702124 0.955127
vt 0.357373 0.079126
vt 0.344751 0.079126
vt 0.344751 0.091748
vt 0.633814 0.669873
vt 0.633814 0.665064
vt 0.638623 0.665064
vt 0.360376 0.063501
vt 0.360376 0.076123
vt 0.372998 0.063501
vt 0.342749 0.936499
vt 0.342749 0.908252
vt 0.330127 0.936499
vt 0.844751 0.532251
vt 0.872998 0.532251
vt 0.844751 0.560498
vt 0.344751 0.063501
vt 0.344751 0.076123
vt 0.357373 0.063501
vt 0.154248 0.329126
vt 0.149439 0.341748
vt 0.149439 0.329126
vt 0.141626 0.329126
vt 0.146435 0.329126
vt 0.141626 0.341748
vt 0.873999 0.345752
vt 0.845752 0.373999
vt 0.873999 0.373999
vt 0.341748 0.110376
vt 0.329126 0.110376
vt 0.329126 0.122998
vt 0.688501 0.935498
vt 0.688501 0.907251
vt 0.693310 0.907251
vt 0.014624 0.358374
vt 0.002002 0.358374
vt 0.014624 0.345752
vt 0.733374 0.908252
vt 0.728565 0.936499
vt 0.733374 0.936499
vt 0.436499 0.814502
vt 0.436499 0.842749
vt 0.408252 0.842749
vt 0.064502 0.623999
vt 0.092749 0.623999
vt 0.092749 0.564502
vt 0.592749 0.248999
vt 0.564502 0.248999
vt 0.592749 0.189502
vt 0.798877 0.780249
vt 0.811499 0.780249
vt 0.811499 0.752002
vt 0.158252 0.061499
vt 0.170874 0.061499
vt 0.170874 0.048877
vt 0.716748 0.907251
vt 0.711939 0.935498
vt 0.711939 0.907251
vt 0.685498 0.813501
vt 0.672876 0.841748
vt 0.672876 0.813501
vt 0.733374 0.873999
vt 0.733374 0.845752
vt 0.720752 0.873999
vt 0.998999 0.717749
vt 0.994190 0.717749
vt 0.998999 0.689502
vt 0.064502 0.780249
vt 0.092749 0.752002
vt 0.092749 0.780249
vt 0.227564 0.344751
vt 0.227564 0.357373
vt 0.232373 0.344751
vt 0.704126 0.907251
vt 0.704126 0.935498
vt 0.708935 0.907251
vt 0.189502 0.748999
vt 0.248999 0.689502
vt 0.248999 0.748999
vt 0.908252 0.155249
vt 0.920874 0.127002
vt 0.920874 0.155249
vt 0.533252 0.248999
vt 0.561499 0.189502
vt 0.561499 0.248999
vt 0.219751 0.357373
vt 0.219751 0.344751
vt 0.224560 0.344751
vt 0.657251 0.841748
vt 0.669873 0.813501
vt 0.657251 0.813501
vt 0.030249 0.361377
vt 0.030249 0.373999
vt 0.017627 0.373999
vt 0.092749 0.283252
vt 0.092749 0.295874
vt 0.080127 0.295874
vt 0.795874 0.783252
vt 0.783252 0.811499
vt 0.795874 0.811499
vt 0.986377 0.655249
vt 0.991186 0.655249
vt 0.991186 0.627002
vt 0.702124 0.842749
vt 0.689502 0.842749
vt 0.702124 0.814502
vt 0.727564 0.876001
vt 0.727564 0.904248
vt 0.732373 0.876001
vt 0.626001 0.665064
vt 0.626001 0.669873
vt 0.630810 0.665064
vt 0.638623 0.657251
vt 0.633814 0.662060
vt 0.633814 0.657251
vt 0.626001 0.657251
vt 0.630810 0.657251
vt 0.626001 0.662060
vt 0.247998 0.344751
vt 0.243189 0.357373
vt 0.243189 0.344751
vt 0.240185 0.344751
vt 0.235376 0.357373
vt 0.235376 0.344751
vt 0.227564 0.360376
vt 0.227564 0.372998
vt 0.232373 0.360376
vt 0.219751 0.360376
vt 0.219751 0.372998
vt 0.224560 0.360376
vt 0.014624 0.361377
vt 0.014624 0.373999
vt 0.002002 0.373999
vt 0.283252 0.936499
vt 0.295874 0.908252
vt 0.295874 0.936499
vt 0.202124 0.217749
vt 0.202124 0.205127
vt 0.189502 0.217749
vt 0.014624 0.186499
vt 0.002002 0.186499
vt 0.014624 0.173877
vt 0.313501 0.110376
vt 0.326123 0.110376
vt 0.313501 0.122998
vt 0.220752 0.077124
vt 0.233374 0.077124
vt 0.233374 0.064502
vt 0.654248 0.665064
vt 0.649439 0.665064
vt 0.649439 0.669873
vt 0.654248 0.844751
vt 0.641626 0.872998
vt 0.641626 0.844751
vt 0.641626 0.665064
vt 0.641626 0.669873
vt 0.646435 0.665064
vt 0.329126 0.107373
vt 0.329126 0.094751
vt 0.341748 0.094751
vt 0.326123 0.094751
vt 0.313501 0.094751
vt 0.313501 0.107373
vt 0.360376 0.110376
vt 0.360376 0.122998
vt 0.372998 0.110376
vt 0.357373 0.110376
vt 0.344751 0.122998
vt 0.344751 0.110376
vt 0.247998 0.360376
vt 0.243189 0.372998
vt 0.243189 0.360376
vt 0.372998 0.094751
vt 0.360376 0.094751
vt 0.360376 0.107373
vt 0.002002 0.264624
vt 0.014624 0.264624
vt 0.014624 0.252002
vt 0.205127 0.030249
vt 0.217749 0.017627
vt 0.217749 0.030249
vt 0.357373 0.094751
vt 0.344751 0.094751
vt 0.344751 0.107373
vt 0.266626 0.079126
vt 0.266626 0.091748
vt 0.279248 0.079126
vt 0.626001 0.872998
vt 0.626001 0.844751
vt 0.638623 0.844751
vt 0.092749 0.033252
vt 0.092749 0.061499
vt 0.064502 0.061499
vt 0.719751 0.904248
vt 0.724560 0.876001
vt 0.719751 0.876001
vt 0.889624 0.689502
vt 0.889624 0.717749
vt 0.884815 0.717749
vt 0.654248 0.657251
vt 0.649439 0.657251
vt 0.649439 0.662060
vt 0.235376 0.360376
vt 0.240185 0.360376
vt 0.235376 0.372998
vt 0.743189 0.876001
vt 0.747998 0.876001
vt 0.743189 0.904248
vt 0.740185 0.876001
vt 0.735376 0.876001
vt 0.735376 0.904248
vt 0.251001 0.079126
vt 0.263623 0.079126
vt 0.251001 0.091748
vt 0.196314 0.357373
vt 0.201123 0.344751
vt 0.196314 0.344751
vt 0.694311 0.936499
vt 0.694311 0.908252
vt 0.689502 0.936499
vt 0.641626 0.657251
vt 0.646435 0.657251
vt 0.641626 0.662060
vt 0.748999 0.983374
vt 0.748999 0.970752
vt 0.744190 0.983374
vt 0.673877 0.670874
vt 0.678686 0.670874
vt 0.678686 0.666065
vt 0.633814 0.685498
vt 0.638623 0.680689
vt 0.633814 0.680689
vt 0.188501 0.344751
vt 0.193310 0.344751
vt 0.188501 0.357373
vt 0.408252 0.780249
vt 0.436499 0.752002
vt 0.436499 0.780249
vt 0.626001 0.685498
vt 0.630810 0.680689
vt 0.626001 0.680689
vt 0.633814 0.672876
vt 0.638623 0.672876
vt 0.633814 0.677685
vt 0.216748 0.344751
vt 0.211939 0.357373
vt 0.211939 0.344751
vt 0.217749 0.155249
vt 0.205127 0.155249
vt 0.217749 0.142627
vt 0.626001 0.677685
vt 0.630810 0.672876
vt 0.626001 0.672876
vt 0.881811 0.756811
vt 0.877002 0.756811
vt 0.881811 0.752002
vt 0.142627 0.967749
vt 0.155249 0.939502
vt 0.155249 0.967749
vt 0.208935 0.344751
vt 0.204126 0.357373
vt 0.204126 0.344751
vt 0.279248 0.063501
vt 0.266626 0.063501
vt 0.266626 0.076123
vt 0.061499 0.295874
vt 0.061499 0.283252
vt 0.048877 0.295874
vt 0.030249 0.139624
vt 0.017627 0.139624
vt 0.030249 0.127002
vt 0.897436 0.772436
vt 0.897436 0.767627
vt 0.892627 0.772436
vt 0.897436 0.756811
vt 0.892627 0.756811
vt 0.897436 0.752002
vt 0.251001 0.076123
vt 0.251001 0.063501
vt 0.263623 0.063501
vt 0.310498 0.079126
vt 0.297876 0.091748
vt 0.297876 0.079126
vt 0.672876 0.844751
vt 0.685498 0.844751
vt 0.672876 0.872998
vt 0.282251 0.079126
vt 0.282251 0.091748
vt 0.294873 0.079126
vt 0.196314 0.360376
vt 0.196314 0.372998
vt 0.201123 0.360376
vt 0.131811 0.373999
vt 0.131811 0.361377
vt 0.127002 0.373999
vt 0.014624 0.283252
vt 0.002002 0.295874
vt 0.014624 0.295874
vt 0.188501 0.360376
vt 0.193310 0.360376
vt 0.188501 0.372998
vt 0.211939 0.360376
vt 0.216748 0.360376
vt 0.211939 0.372998
vt 0.342749 0.080127
vt 0.330127 0.092749
vt 0.342749 0.092749
vt 0.045874 0.139624
vt 0.033252 0.139624
vt 0.045874 0.127002
vt 0.841748 0.532251
vt 0.813501 0.560498
vt 0.813501 0.532251
vt 0.872998 0.501001
vt 0.844751 0.501001
vt 0.844751 0.529248
vt 0.877002 0.311499
vt 0.889624 0.283252
vt 0.889624 0.311499
vt 0.186499 0.311499
vt 0.186499 0.298877
vt 0.181690 0.311499
vt 0.233374 0.017627
vt 0.233374 0.030249
vt 0.220752 0.030249
vt 0.204126 0.372998
vt 0.208935 0.360376
vt 0.204126 0.360376
vt 0.061499 0.358374
vt 0.061499 0.345752
vt 0.048877 0.358374
vt 0.202124 0.361377
vt 0.197315 0.373999
vt 0.202124 0.373999
vt 0.205127 0.108374
vt 0.217749 0.108374
vt 0.217749 0.095752
vt 0.189502 0.311499
vt 0.194311 0.311499
vt 0.194311 0.298877
vt 0.111377 0.967749
vt 0.123999 0.967749
vt 0.123999 0.939502
vt 0.202124 0.139624
vt 0.202124 0.127002
vt 0.189502 0.139624
vt 0.669873 0.844751
vt 0.657251 0.872998
vt 0.657251 0.844751
vt 0.297876 0.063501
vt 0.297876 0.076123
vt 0.310498 0.063501
vt 0.704126 0.751001
vt 0.704126 0.779248
vt 0.716748 0.751001
vt 0.170874 0.002002
vt 0.170874 0.014624
vt 0.158252 0.014624
vt 0.701123 0.751001
vt 0.688501 0.779248
vt 0.688501 0.751001
vt 0.780249 0.314502
vt 0.780249 0.342749
vt 0.752002 0.342749
vt 0.813501 0.529248
vt 0.813501 0.501001
vt 0.841748 0.501001
vt 0.747998 0.751001
vt 0.735376 0.751001
vt 0.735376 0.779248
vt 0.732373 0.751001
vt 0.719751 0.751001
vt 0.719751 0.779248
vt 0.655249 0.908252
vt 0.655249 0.936499
vt 0.650440 0.936499
vt 0.716748 0.782251
vt 0.704126 0.782251
vt 0.704126 0.810498
vt 0.892627 0.123999
vt 0.905249 0.123999
vt 0.905249 0.095752
vt 0.733374 0.905249
vt 0.733374 0.877002
vt 0.728565 0.905249
vt 0.282251 0.063501
vt 0.282251 0.076123
vt 0.294873 0.063501
vt 0.696314 0.904248
vt 0.696314 0.876001
vt 0.701123 0.876001
vt 0.998999 0.217749
vt 0.998999 0.189502
vt 0.986377 0.217749
vt 0.892627 0.061499
vt 0.905249 0.033252
vt 0.905249 0.061499
vt 0.227564 0.313501
vt 0.232373 0.313501
vt 0.227564 0.326123
vt 0.483374 0.908252
vt 0.470752 0.936499
vt 0.483374 0.936499
vt 0.092749 0.905249
vt 0.092749 0.877002
vt 0.080127 0.905249
vt 0.219751 0.326123
vt 0.224560 0.313501
vt 0.219751 0.313501
vt 0.627002 0.873999
vt 0.639624 0.845752
vt 0.639624 0.873999
vt 0.908252 0.623999
vt 0.920874 0.623999
vt 0.920874 0.564502
vt 0.693310 0.876001
vt 0.688501 0.876001
vt 0.688501 0.904248
vt 0.711939 0.904248
vt 0.711939 0.876001
vt 0.716748 0.876001
vt 0.655249 0.502002
vt 0.655249 0.530249
vt 0.627002 0.530249
vt 0.717749 0.845752
vt 0.717749 0.873999
vt 0.705127 0.873999
vt 0.842749 0.248999
vt 0.814502 0.248999
vt 0.842749 0.220752
vt 0.279248 0.110376
vt 0.266626 0.110376
vt 0.266626 0.122998
vt 0.782251 0.594751
vt 0.810498 0.594751
vt 0.782251 0.622998
vt 0.202124 0.077124
vt 0.202124 0.064502
vt 0.189502 0.077124
vt 0.686499 0.681690
vt 0.686499 0.686499
vt 0.681690 0.686499
vt 0.717749 0.908252
vt 0.712940 0.936499
vt 0.717749 0.936499
vt 0.247998 0.313501
vt 0.243189 0.313501
vt 0.243189 0.326123
vt 0.235376 0.326123
vt 0.235376 0.313501
vt 0.240185 0.313501
vt 0.263623 0.110376
vt 0.251001 0.122998
vt 0.251001 0.110376
vt 0.227564 0.341748
vt 0.232373 0.329126
vt 0.227564 0.329126
vt 0.873999 0.845752
vt 0.861377 0.873999
vt 0.873999 0.873999
vt 0.266626 0.094751
vt 0.266626 0.107373
vt 0.279248 0.094751
vt 0.939502 0.561499
vt 0.952124 0.502002
vt 0.952124 0.561499
vt 0.017627 0.186499
vt 0.030249 0.186499
vt 0.030249 0.173877
vt 0.688501 0.810498
vt 0.688501 0.782251
vt 0.701123 0.782251
vt 0.741186 0.908252
vt 0.736377 0.936499
vt 0.741186 0.936499
vt 0.747998 0.782251
vt 0.735376 0.810498
vt 0.735376 0.782251
vt 0.233374 0.217749
vt 0.233374 0.205127
vt 0.220752 0.217749
vt 0.224560 0.329126
vt 0.219751 0.341748
vt 0.219751 0.329126
vt 0.647436 0.908252
vt 0.642627 0.936499
vt 0.647436 0.936499
vt 0.702124 0.873999
vt 0.702124 0.845752
vt 0.689502 0.873999
vt 0.900440 0.655249
vt 0.905249 0.655249
vt 0.905249 0.627002
vt 0.998999 0.373999
vt 0.998999 0.345752
vt 0.986377 0.373999
vt 0.811499 0.467749
vt 0.811499 0.439502
vt 0.783252 0.467749
vt 0.155249 0.108374
vt 0.155249 0.095752
vt 0.142627 0.108374
vt 0.814502 0.061499
vt 0.842749 0.033252
vt 0.842749 0.061499
vt 0.719751 0.782251
vt 0.719751 0.810498
vt 0.732373 0.782251
vt 0.751001 0.594751
vt 0.779248 0.594751
vt 0.751001 0.622998
vt 0.782251 0.591748
vt 0.782251 0.563501
vt 0.810498 0.563501
vt 0.889624 0.123999
vt 0.877002 0.123999
vt 0.889624 0.095752
vt 0.139624 0.967749
vt 0.127002 0.967749
vt 0.139624 0.939502
vt 0.243189 0.341748
vt 0.243189 0.329126
vt 0.247998 0.329126
vt 0.641626 0.751001
vt 0.641626 0.779248
vt 0.654248 0.751001
vt 0.905249 0.498999
vt 0.892627 0.498999
vt 0.905249 0.439502
vt 0.498999 0.842749
vt 0.470752 0.842749
vt 0.498999 0.814502
vt 0.638623 0.751001
vt 0.626001 0.751001
vt 0.626001 0.779248
vt 0.873999 0.470752
vt 0.845752 0.498999
vt 0.873999 0.498999
vt 0.389624 0.936499
vt 0.377002 0.936499
vt 0.389624 0.908252
vt 0.936499 0.158252
vt 0.936499 0.186499
vt 0.923877 0.186499
vt 0.733374 0.842749
vt 0.733374 0.814502
vt 0.720752 0.842749
vt 0.649439 0.680689
vt 0.649439 0.685498
vt 0.654248 0.680689
vt 0.641626 0.680689
vt 0.646435 0.680689
vt 0.641626 0.685498
vt 0.236377 0.327124
vt 0.241186 0.314502
vt 0.241186 0.327124
vt 0.923877 0.655249
vt 0.928686 0.627002
vt 0.928686 0.655249
vt 0.240185 0.329126
vt 0.235376 0.341748
vt 0.235376 0.329126
vt 0.196314 0.313501
vt 0.196314 0.326123
vt 0.201123 0.313501
vt 0.672876 0.751001
vt 0.685498 0.751001
vt 0.672876 0.779248
vt 0.939502 0.655249
vt 0.944311 0.655249
vt 0.944311 0.627002
vt 0.669873 0.751001
vt 0.657251 0.751001
vt 0.657251 0.779248
vt 0.670874 0.967749
vt 0.670874 0.955127
vt 0.666065 0.967749
vt 0.686499 0.967749
vt 0.686499 0.955127
vt 0.681690 0.967749
vt 0.498999 0.783252
vt 0.470752 0.811499
vt 0.498999 0.811499
vt 0.642627 0.905249
vt 0.647436 0.877002
vt 0.647436 0.905249
vt 0.811499 0.342749
vt 0.783252 0.342749
vt 0.811499 0.314502
vt 0.267627 0.967749
vt 0.280249 0.967749
vt 0.280249 0.939502
vt 0.720752 0.936499
vt 0.725561 0.936499
vt 0.725561 0.908252
vt 0.686499 0.530249
vt 0.658252 0.530249
vt 0.686499 0.502002
vt 0.751001 0.563501
vt 0.751001 0.591748
vt 0.779248 0.563501
vt 0.702124 0.783252
vt 0.702124 0.811499
vt 0.689502 0.811499
vt 0.561499 0.720752
vt 0.561499 0.748999
vt 0.533252 0.748999
vt 0.251001 0.094751
vt 0.251001 0.107373
vt 0.263623 0.094751
vt 0.872998 0.594751
vt 0.844751 0.622998
vt 0.844751 0.594751
vt 0.193310 0.313501
vt 0.188501 0.326123
vt 0.188501 0.313501
vt 0.241186 0.358374
vt 0.236377 0.358374
vt 0.241186 0.345752
vt 0.217749 0.233374
vt 0.217749 0.220752
vt 0.205127 0.233374
vt 0.295874 0.970752
vt 0.295874 0.998999
vt 0.283252 0.998999
vt 0.211939 0.313501
vt 0.211939 0.326123
vt 0.216748 0.313501
vt 0.467749 0.783252
vt 0.467749 0.811499
vt 0.439502 0.811499
vt 0.408252 0.873999
vt 0.436499 0.845752
vt 0.436499 0.873999
vt 0.752002 0.561499
vt 0.780249 0.561499
vt 0.780249 0.533252
vt 0.813501 0.622998
vt 0.813501 0.594751
vt 0.841748 0.594751
vt 0.872998 0.563501
vt 0.844751 0.591748
vt 0.844751 0.563501
vt 0.228565 0.342749
vt 0.233374 0.342749
vt 0.233374 0.330127
vt 0.208935 0.313501
vt 0.204126 0.313501
vt 0.204126 0.326123
vt 0.998999 0.061499
vt 0.986377 0.061499
vt 0.998999 0.033252
vt 0.892627 0.373999
vt 0.905249 0.373999
vt 0.905249 0.345752
vt 0.654248 0.782251
vt 0.641626 0.810498
vt 0.641626 0.782251
vt 0.297876 0.110376
vt 0.297876 0.122998
vt 0.310498 0.110376
vt 0.626001 0.782251
vt 0.638623 0.782251
vt 0.626001 0.810498
vt 0.939502 0.748999
vt 0.944311 0.720752
vt 0.944311 0.748999
vt 0.189502 0.561499
vt 0.217749 0.502002
vt 0.217749 0.561499
vt 0.672876 0.782251
vt 0.672876 0.810498
vt 0.685498 0.782251
vt 0.592749 0.002002
vt 0.592749 0.061499
vt 0.564502 0.061499
vt 0.502002 0.248999
vt 0.530249 0.189502
vt 0.530249 0.248999
vt 0.280249 0.623999
vt 0.252002 0.623999
vt 0.280249 0.564502
vt 0.282251 0.122998
vt 0.282251 0.110376
vt 0.294873 0.110376
vt 0.530249 0.123999
vt 0.530249 0.064502
vt 0.502002 0.123999
vt 0.196314 0.329126
vt 0.201123 0.329126
vt 0.196314 0.341748
vt 0.297876 0.094751
vt 0.310498 0.094751
vt 0.297876 0.107373
vt 0.952124 0.095752
vt 0.939502 0.123999
vt 0.952124 0.123999
vt 0.841748 0.563501
vt 0.813501 0.563501
vt 0.813501 0.591748
vt 0.342749 0.814502
vt 0.314502 0.842749
vt 0.342749 0.842749
vt 0.092749 0.842749
vt 0.064502 0.842749
vt 0.092749 0.814502
vt 0.873999 0.564502
vt 0.845752 0.592749
vt 0.873999 0.592749
vt 0.532251 0.782251
vt 0.560498 0.782251
vt 0.532251 0.810498
vt 0.623999 0.186499
vt 0.595752 0.186499
vt 0.623999 0.127002
vt 0.928686 0.686499
vt 0.923877 0.686499
vt 0.928686 0.658252
vt 0.704126 0.904248
vt 0.708935 0.876001
vt 0.704126 0.876001
vt 0.561499 0.783252
vt 0.533252 0.811499
vt 0.561499 0.811499
vt 0.189502 0.327124
vt 0.194311 0.314502
vt 0.194311 0.327124
vt 0.188501 0.329126
vt 0.188501 0.341748
vt 0.193310 0.329126
vt 0.217749 0.295874
vt 0.217749 0.283252
vt 0.212940 0.295874
vt 0.170874 0.233374
vt 0.158252 0.233374
vt 0.170874 0.220752
vt 0.654248 0.672876
vt 0.649439 0.677685
vt 0.649439 0.672876
vt 0.646435 0.672876
vt 0.641626 0.677685
vt 0.641626 0.672876
vt 0.889624 0.092749
vt 0.889624 0.064502
vt 0.877002 0.092749
vt 0.665064 0.638623
vt 0.669873 0.633814
vt 0.665064 0.633814
vt 0.665064 0.997998
vt 0.669873 0.969751
vt 0.665064 0.969751
vt 0.657251 0.633814
vt 0.657251 0.638623
vt 0.662060 0.633814
vt 0.881811 0.658252
vt 0.877002 0.686499
vt 0.881811 0.686499
vt 0.736377 0.967749
vt 0.741186 0.955127
vt 0.741186 0.967749
vt 0.282251 0.094751
vt 0.282251 0.107373
vt 0.294873 0.094751
vt 0.211939 0.329126
vt 0.216748 0.329126
vt 0.211939 0.341748
vt 0.204126 0.329126
vt 0.204126 0.341748
vt 0.208935 0.329126
vt 0.748999 0.752002
vt 0.748999 0.780249
vt 0.736377 0.780249
vt 0.220752 0.155249
vt 0.233374 0.142627
vt 0.233374 0.155249
vt 0.669873 0.626001
vt 0.665064 0.626001
vt 0.665064 0.630810
vt 0.290064 0.157251
vt 0.294873 0.157251
vt 0.290064 0.169873
vt 0.127002 0.061499
vt 0.139624 0.048877
vt 0.139624 0.061499
vt 0.783252 0.123999
vt 0.811499 0.123999
vt 0.811499 0.095752
vt 0.236377 0.280249
vt 0.241186 0.267627
vt 0.241186 0.280249
vt 0.764624 0.814502
vt 0.752002 0.842749
vt 0.764624 0.842749
vt 0.780249 0.905249
vt 0.775440 0.905249
vt 0.780249 0.900440
vt 0.329126 0.029248
vt 0.341748 0.016626
vt 0.329126 0.016626
vt 0.377002 0.780249
vt 0.405249 0.780249
vt 0.405249 0.752002
vt 0.282251 0.157251
vt 0.287060 0.157251
vt 0.282251 0.169873
vt 0.217749 0.205127
vt 0.205127 0.217749
vt 0.217749 0.217749
vt 0.662060 0.626001
vt 0.657251 0.630810
vt 0.657251 0.626001
vt 0.772436 0.881811
vt 0.772436 0.877002
vt 0.767627 0.881811
vt 0.670874 0.678686
vt 0.670874 0.673877
vt 0.666065 0.678686
vt 0.313501 0.029248
vt 0.326123 0.016626
vt 0.313501 0.016626
vt 0.529248 0.782251
vt 0.501001 0.810498
vt 0.501001 0.782251
vt 0.748999 0.498999
vt 0.720752 0.498999
vt 0.748999 0.470752
vt 0.592749 0.748999
vt 0.564502 0.748999
vt 0.592749 0.720752
vt 0.532251 0.779248
vt 0.532251 0.751001
vt 0.560498 0.751001
vt 0.717749 0.530249
vt 0.717749 0.502002
vt 0.689502 0.530249
vt 0.061499 0.814502
vt 0.061499 0.842749
vt 0.033252 0.842749
vt 0.501001 0.779248
vt 0.529248 0.751001
vt 0.501001 0.751001
vt 0.439502 0.717749
vt 0.467749 0.717749
vt 0.467749 0.689502
vt 0.163061 0.298877
vt 0.163061 0.311499
vt 0.158252 0.311499
vt 0.150440 0.264624
vt 0.155249 0.252002
vt 0.155249 0.264624
vt 0.329126 0.013623
vt 0.341748 0.001001
vt 0.329126 0.001001
vt 0.163061 0.373999
vt 0.158252 0.373999
vt 0.163061 0.361377
vt 0.305689 0.169873
vt 0.305689 0.157251
vt 0.310498 0.157251
vt 0.655249 0.873999
vt 0.642627 0.873999
vt 0.655249 0.845752
vt 0.631811 0.955127
vt 0.631811 0.967749
vt 0.627002 0.967749
vt 0.178686 0.330127
vt 0.178686 0.342749
vt 0.173877 0.342749
vt 0.748999 0.561499
vt 0.748999 0.533252
vt 0.720752 0.561499
vt 0.952124 0.689502
vt 0.947315 0.717749
vt 0.952124 0.717749
vt 0.657251 0.969751
vt 0.662060 0.969751
vt 0.657251 0.997998
vt 0.686499 0.811499
vt 0.686499 0.783252
vt 0.673877 0.811499
vt 0.680689 0.638623
vt 0.680689 0.633814
vt 0.685498 0.633814
vt 0.657251 0.782251
vt 0.657251 0.810498
vt 0.669873 0.782251
vt 0.672876 0.633814
vt 0.677685 0.633814
vt 0.672876 0.638623
vt 0.186499 0.345752
vt 0.181690 0.358374
vt 0.186499 0.358374
vt 0.297876 0.157251
vt 0.297876 0.169873
vt 0.302685 0.157251
vt 0.814502 0.811499
vt 0.827124 0.783252
vt 0.827124 0.811499
vt 0.288061 0.170874
vt 0.283252 0.170874
vt 0.288061 0.158252
vt 0.342749 0.111377
vt 0.342749 0.123999
vt 0.330127 0.123999
vt 0.680689 0.969751
vt 0.680689 0.997998
vt 0.685498 0.969751
vt 0.326123 0.001001
vt 0.313501 0.001001
vt 0.313501 0.013623
vt 0.986377 0.311499
vt 0.998999 0.283252
vt 0.998999 0.311499
vt 0.811499 0.436499
vt 0.811499 0.408252
vt 0.783252 0.436499
vt 0.202124 0.236377
vt 0.202124 0.248999
vt 0.189502 0.248999
vt 0.658252 0.842749
vt 0.670874 0.842749
vt 0.670874 0.814502
vt 0.658252 0.780249
vt 0.670874 0.780249
vt 0.670874 0.752002
vt 0.889624 0.858374
vt 0.889624 0.853565
vt 0.884815 0.858374
vt 0.672876 0.997998
vt 0.672876 0.969751
vt 0.677685 0.969751
vt 0.702124 0.905249
vt 0.702124 0.877002
vt 0.697315 0.905249
vt 0.327124 0.877002
vt 0.327124 0.905249
vt 0.314502 0.905249
vt 0.936499 0.686499
vt 0.931690 0.686499
vt 0.936499 0.658252
vt 0.467749 0.752002
vt 0.439502 0.780249
vt 0.467749 0.780249
vt 0.280249 0.123999
vt 0.267627 0.123999
vt 0.280249 0.111377
vt 0.092749 0.092749
vt 0.064502 0.092749
vt 0.092749 0.064502
vt 0.841748 0.688501
vt 0.829126 0.716748
vt 0.829126 0.688501
vt 0.045874 0.142627
vt 0.045874 0.155249
vt 0.033252 0.155249
vt 0.220752 0.280249
vt 0.225561 0.267627
vt 0.225561 0.280249
vt 0.294873 0.172876
vt 0.290064 0.172876
vt 0.290064 0.185498
vt 0.327124 0.014624
vt 0.314502 0.014624
vt 0.327124 0.002002
vt 0.372998 0.016626
vt 0.360376 0.029248
vt 0.360376 0.016626
vt 0.264624 0.967749
vt 0.264624 0.939502
vt 0.252002 0.967749
vt 0.282251 0.172876
vt 0.282251 0.185498
vt 0.287060 0.172876
vt 0.305689 0.185498
vt 0.310498 0.172876
vt 0.305689 0.172876
vt 0.685498 0.626001
vt 0.680689 0.630810
vt 0.680689 0.626001
vt 0.830127 0.842749
vt 0.842749 0.842749
vt 0.842749 0.814502
vt 0.970752 0.717749
vt 0.975561 0.717749
vt 0.975561 0.689502
vt 0.302685 0.172876
vt 0.297876 0.172876
vt 0.297876 0.185498
vt 0.813501 0.716748
vt 0.813501 0.688501
vt 0.826123 0.688501
vt 0.236377 0.217749
vt 0.248999 0.217749
vt 0.248999 0.205127
vt 0.311499 0.780249
vt 0.311499 0.752002
vt 0.283252 0.780249
vt 0.860376 0.716748
vt 0.872998 0.688501
vt 0.860376 0.688501
vt 0.303686 0.186499
vt 0.298877 0.186499
vt 0.303686 0.173877
vt 0.344751 0.029248
vt 0.344751 0.016626
vt 0.357373 0.016626
vt 0.678686 0.639624
vt 0.673877 0.639624
vt 0.678686 0.634815
vt 0.725561 0.986377
vt 0.720752 0.998999
vt 0.725561 0.998999
vt 0.155249 0.342749
vt 0.150440 0.342749
vt 0.155249 0.330127
vt 0.814502 0.030249
vt 0.842749 0.002002
vt 0.842749 0.030249
vt 0.258814 0.157251
vt 0.263623 0.157251
vt 0.258814 0.169873
vt 0.967749 0.502002
vt 0.967749 0.561499
vt 0.955127 0.561499
vt 0.251001 0.157251
vt 0.251001 0.169873
vt 0.255810 0.157251
vt 0.358374 0.111377
vt 0.345752 0.123999
vt 0.358374 0.123999
vt 0.677685 0.626001
vt 0.672876 0.630810
vt 0.672876 0.626001
vt 0.274439 0.157251
vt 0.279248 0.157251
vt 0.274439 0.169873
vt 0.936499 0.252002
vt 0.936499 0.280249
vt 0.923877 0.280249
vt 0.634815 0.905249
vt 0.639624 0.877002
vt 0.639624 0.905249
vt 0.248999 0.970752
vt 0.248999 0.998999
vt 0.236377 0.998999
vt 0.983374 0.123999
vt 0.970752 0.123999
vt 0.983374 0.095752
vt 0.686499 0.814502
vt 0.673877 0.842749
vt 0.686499 0.842749
vt 0.725561 0.905249
vt 0.720752 0.905249
vt 0.725561 0.877002
vt 0.655249 0.811499
vt 0.655249 0.783252
vt 0.642627 0.811499
vt 0.631811 0.877002
vt 0.631811 0.905249
vt 0.627002 0.905249
vt 0.360376 0.001001
vt 0.360376 0.013623
vt 0.372998 0.001001
vt 0.795874 0.842749
vt 0.795874 0.814502
vt 0.783252 0.842749
vt 0.158252 0.077124
vt 0.170874 0.064502
vt 0.170874 0.077124
vt 0.344751 0.013623
vt 0.357373 0.001001
vt 0.344751 0.001001
vt 0.329126 0.047876
vt 0.329126 0.060498
vt 0.341748 0.047876
vt 0.313501 0.060498
vt 0.326123 0.047876
vt 0.313501 0.047876
vt 0.202124 0.002002
vt 0.189502 0.014624
vt 0.202124 0.014624
vt 0.186499 0.064502
vt 0.173877 0.077124
vt 0.186499 0.077124
vt 0.311499 0.998999
vt 0.311499 0.970752
vt 0.298877 0.998999
vt 0.733374 0.780249
vt 0.720752 0.780249
vt 0.733374 0.752002
vt 0.858374 0.780249
vt 0.858374 0.752002
vt 0.845752 0.780249
vt 0.064502 0.998999
vt 0.077124 0.998999
vt 0.077124 0.970752
vt 0.780249 0.530249
vt 0.780249 0.502002
vt 0.752002 0.530249
vt 0.842749 0.533252
vt 0.842749 0.561499
vt 0.814502 0.561499
vt 0.594751 0.782251
vt 0.594751 0.810498
vt 0.622998 0.782251
vt 0.842749 0.311499
vt 0.842749 0.283252
vt 0.814502 0.311499
vt 0.905249 0.217749
vt 0.892627 0.217749
vt 0.905249 0.189502
vt 0.876001 0.497998
vt 0.888623 0.438501
vt 0.876001 0.438501
vt 0.155249 0.502002
vt 0.155249 0.561499
vt 0.127002 0.561499
vt 0.923877 0.030249
vt 0.936499 0.030249
vt 0.936499 0.002002
vt 0.344751 0.563501
vt 0.344751 0.622998
vt 0.372998 0.563501
vt 0.844751 0.716748
vt 0.857373 0.688501
vt 0.844751 0.688501
vt 0.342749 0.030249
vt 0.342749 0.017627
vt 0.330127 0.030249
vt 0.439502 0.311499
vt 0.467749 0.252002
vt 0.467749 0.311499
vt 0.155249 0.092749
vt 0.142627 0.092749
vt 0.155249 0.080127
vt 0.665064 0.654248
vt 0.669873 0.649439
vt 0.665064 0.649439
vt 0.657251 0.654248
vt 0.662060 0.649439
vt 0.657251 0.649439
vt 0.665064 0.641626
vt 0.665064 0.646435
vt 0.669873 0.641626
vt 0.657251 0.641626
vt 0.657251 0.646435
vt 0.662060 0.641626
vt 0.647436 0.686499
vt 0.642627 0.686499
vt 0.647436 0.681690
vt 0.685498 0.649439
vt 0.680689 0.654248
vt 0.680689 0.649439
vt 0.686499 0.655249
vt 0.686499 0.650440
vt 0.681690 0.655249
vt 0.677685 0.649439
vt 0.672876 0.649439
vt 0.672876 0.654248
vt 0.705127 0.952124
vt 0.709936 0.939502
vt 0.709936 0.952124
vt 0.650440 0.670874
vt 0.655249 0.670874
vt 0.655249 0.666065
vt 0.680689 0.646435
vt 0.685498 0.641626
vt 0.680689 0.641626
vt 0.670874 0.686499
vt 0.666065 0.686499
vt 0.670874 0.681690
vt 0.677685 0.641626
vt 0.672876 0.646435
vt 0.672876 0.641626
vt 0.638623 0.633814
vt 0.633814 0.638623
vt 0.633814 0.633814
vt 0.759815 0.905249
vt 0.764624 0.900440
vt 0.764624 0.905249
vt 0.341748 0.032251
vt 0.329126 0.032251
vt 0.329126 0.044873
vt 0.313501 0.044873
vt 0.326123 0.032251
vt 0.313501 0.032251
vt 0.266626 0.157251
vt 0.266626 0.169873
vt 0.271435 0.157251
vt 0.189502 0.170874
vt 0.202124 0.170874
vt 0.202124 0.158252
vt 0.827124 0.780249
vt 0.827124 0.752002
vt 0.814502 0.780249
vt 0.202124 0.345752
vt 0.202124 0.358374
vt 0.197315 0.358374
vt 0.842749 0.467749
vt 0.814502 0.467749
vt 0.842749 0.439502
vt 0.209936 0.345752
vt 0.209936 0.358374
vt 0.205127 0.358374
vt 0.158252 0.092749
vt 0.170874 0.080127
vt 0.170874 0.092749
vt 0.258814 0.185498
vt 0.263623 0.172876
vt 0.258814 0.172876
vt 0.095752 0.373999
vt 0.108374 0.361377
vt 0.108374 0.373999
vt 0.744190 0.967749
vt 0.748999 0.955127
vt 0.748999 0.967749
vt 0.626001 0.633814
vt 0.630810 0.633814
vt 0.626001 0.638623
vt 0.633814 0.626001
vt 0.638623 0.626001
vt 0.633814 0.630810
vt 0.626001 0.626001
vt 0.630810 0.626001
vt 0.626001 0.630810
vt 0.627002 0.678686
vt 0.631811 0.673877
vt 0.631811 0.678686
vt 0.649439 0.633814
vt 0.649439 0.638623
vt 0.654248 0.633814
vt 0.646435 0.633814
vt 0.641626 0.638623
vt 0.641626 0.633814
vt 0.155249 0.142627
vt 0.142627 0.155249
vt 0.155249 0.155249
vt 0.717749 0.752002
vt 0.705127 0.780249
vt 0.717749 0.780249
vt 0.225561 0.358374
vt 0.225561 0.345752
vt 0.220752 0.358374
vt 0.255810 0.172876
vt 0.251001 0.185498
vt 0.251001 0.172876
vt 0.264624 0.108374
vt 0.252002 0.108374
vt 0.264624 0.095752
vt 0.649439 0.630810
vt 0.649439 0.626001
vt 0.654248 0.626001
vt 0.638623 0.969751
vt 0.633814 0.969751
vt 0.633814 0.997998
vt 0.967749 0.717749
vt 0.967749 0.689502
vt 0.962940 0.717749
vt 0.016626 0.188501
vt 0.016626 0.247998
vt 0.021435 0.188501
vt 0.048877 0.139624
vt 0.061499 0.127002
vt 0.061499 0.139624
vt 0.279248 0.172876
vt 0.274439 0.172876
vt 0.274439 0.185498
vt 0.228565 0.373999
vt 0.233374 0.373999
vt 0.233374 0.361377
vt 0.962940 0.748999
vt 0.967749 0.720752
vt 0.967749 0.748999
vt 0.955127 0.280249
vt 0.967749 0.252002
vt 0.967749 0.280249
vt 0.970752 0.686499
vt 0.975561 0.686499
vt 0.975561 0.658252
vt 0.829126 0.719751
vt 0.841748 0.719751
vt 0.829126 0.747998
vt 0.061499 0.248999
vt 0.061499 0.189502
vt 0.056690 0.248999
vt 0.533252 0.936499
vt 0.545874 0.877002
vt 0.545874 0.936499
vt 0.092749 0.186499
vt 0.092749 0.127002
vt 0.087940 0.186499
vt 0.271435 0.172876
vt 0.266626 0.185498
vt 0.266626 0.172876
vt 0.361377 0.014624
vt 0.373999 0.014624
vt 0.373999 0.002002
vt 0.061499 0.298877
vt 0.048877 0.311499
vt 0.061499 0.311499
vt 0.228565 0.280249
vt 0.233374 0.267627
vt 0.233374 0.280249
vt 0.127002 0.342749
vt 0.131811 0.342749
vt 0.131811 0.330127
vt 0.360376 0.060498
vt 0.372998 0.047876
vt 0.360376 0.047876
vt 0.252002 0.123999
vt 0.264624 0.111377
vt 0.264624 0.123999
vt 0.248999 0.327124
vt 0.248999 0.314502
vt 0.244190 0.327124
vt 0.858374 0.811499
vt 0.845752 0.811499
vt 0.858374 0.783252
vt 0.290064 0.138623
vt 0.294873 0.126001
vt 0.290064 0.126001
vt 0.646435 0.626001
vt 0.641626 0.626001
vt 0.641626 0.630810
vt 0.889624 0.189502
vt 0.877002 0.217749
vt 0.889624 0.217749
vt 0.282251 0.126001
vt 0.282251 0.138623
vt 0.287060 0.126001
vt 0.638623 0.649439
vt 0.633814 0.654248
vt 0.633814 0.649439
vt 0.889624 0.850561
vt 0.884815 0.850561
vt 0.889624 0.845752
vt 0.959936 0.720752
vt 0.959936 0.748999
vt 0.955127 0.748999
vt 0.344751 0.060498
vt 0.357373 0.047876
vt 0.344751 0.047876
vt 0.305689 0.126001
vt 0.310498 0.126001
vt 0.305689 0.138623
vt 0.030249 0.264624
vt 0.030249 0.252002
vt 0.017627 0.264624
vt 0.813501 0.719751
vt 0.813501 0.747998
vt 0.826123 0.719751
vt 0.360376 0.032251
vt 0.372998 0.032251
vt 0.360376 0.044873
vt 0.344751 0.032251
vt 0.344751 0.044873
vt 0.357373 0.032251
vt 0.111377 0.373999
vt 0.123999 0.373999
vt 0.123999 0.361377
vt 0.373999 0.123999
vt 0.361377 0.123999
vt 0.373999 0.111377
vt 0.030249 0.327124
vt 0.017627 0.327124
vt 0.030249 0.314502
vt 0.266626 0.029248
vt 0.266626 0.016626
vt 0.279248 0.016626
vt 0.373999 0.845752
vt 0.373999 0.873999
vt 0.345752 0.873999
vt 0.251001 0.029248
vt 0.251001 0.016626
vt 0.263623 0.016626
vt 0.283252 0.077124
vt 0.295874 0.077124
vt 0.295874 0.064502
vt 0.279248 0.001001
vt 0.266626 0.001001
vt 0.266626 0.013623
vt 0.189502 0.264624
vt 0.194311 0.252002
vt 0.194311 0.264624
vt 0.280249 0.077124
vt 0.267627 0.077124
vt 0.280249 0.064502
vt 0.045874 0.311499
vt 0.045874 0.298877
vt 0.033252 0.311499
vt 0.186499 0.202124
vt 0.173877 0.202124
vt 0.186499 0.189502
vt 0.095752 0.780249
vt 0.123999 0.752002
vt 0.123999 0.780249
vt 0.830127 0.748999
vt 0.842749 0.720752
vt 0.842749 0.748999
vt 0.626001 0.654248
vt 0.626001 0.649439
vt 0.630810 0.649439
vt 0.297876 0.126001
vt 0.302685 0.126001
vt 0.297876 0.138623
vt 0.294873 0.141626
vt 0.290064 0.141626
vt 0.290064 0.154248
vt 0.155249 0.373999
vt 0.150440 0.373999
vt 0.155249 0.361377
vt 0.638623 0.641626
vt 0.633814 0.646435
vt 0.633814 0.641626
vt 0.983374 0.436499
vt 0.970752 0.436499
vt 0.983374 0.408252
vt 0.030249 0.248999
vt 0.025440 0.248999
vt 0.030249 0.189502
vt 0.922876 0.497998
vt 0.935498 0.438501
vt 0.922876 0.438501
vt 0.282251 0.154248
vt 0.287060 0.141626
vt 0.282251 0.141626
vt 0.248999 0.358374
vt 0.248999 0.345752
vt 0.244190 0.358374
vt 0.630810 0.641626
vt 0.626001 0.641626
vt 0.626001 0.646435
vt 0.241186 0.330127
vt 0.241186 0.342749
vt 0.236377 0.342749
vt 0.373999 0.108374
vt 0.361377 0.108374
vt 0.373999 0.095752
vt 0.650440 0.678686
vt 0.655249 0.678686
vt 0.655249 0.673877
vt 0.310498 0.141626
vt 0.305689 0.154248
vt 0.305689 0.141626
vt 0.030249 0.267627
vt 0.017627 0.280249
vt 0.030249 0.280249
vt 0.295874 0.170874
vt 0.295874 0.158252
vt 0.291065 0.170874
vt 0.314502 0.936499
vt 0.327124 0.908252
vt 0.327124 0.936499
vt 0.297876 0.154248
vt 0.297876 0.141626
vt 0.302685 0.141626
vt 0.092749 0.373999
vt 0.092749 0.361377
vt 0.080127 0.373999
vt 0.127002 0.623999
vt 0.155249 0.564502
vt 0.155249 0.623999
vt 0.311499 0.123999
vt 0.311499 0.111377
vt 0.298877 0.123999
vt 0.811499 0.502002
vt 0.811499 0.530249
vt 0.783252 0.530249
vt 0.872998 0.719751
vt 0.860376 0.747998
vt 0.860376 0.719751
vt 0.251001 0.013623
vt 0.251001 0.001001
vt 0.263623 0.001001
vt 0.258814 0.138623
vt 0.258814 0.126001
vt 0.263623 0.126001
vt 0.310498 0.016626
vt 0.297876 0.029248
vt 0.297876 0.016626
vt 0.654248 0.649439
vt 0.649439 0.649439
vt 0.649439 0.654248
vt 0.217749 0.264624
vt 0.217749 0.252002
vt 0.212940 0.264624
vt 0.646435 0.649439
vt 0.641626 0.654248
vt 0.641626 0.649439
vt 0.282251 0.029248
vt 0.282251 0.016626
vt 0.294873 0.016626
vt 0.155249 0.358374
vt 0.150440 0.358374
vt 0.155249 0.345752
vt 0.220752 0.327124
vt 0.225561 0.327124
vt 0.225561 0.314502
vt 0.649439 0.641626
vt 0.654248 0.641626
vt 0.649439 0.646435
vt 0.251001 0.138623
vt 0.255810 0.126001
vt 0.251001 0.126001
vt 0.297876 0.013623
vt 0.310498 0.001001
vt 0.297876 0.001001
vt 0.045874 0.158252
vt 0.033252 0.170874
vt 0.045874 0.170874
vt 0.291065 0.155249
vt 0.295874 0.142627
vt 0.295874 0.155249
vt 0.705127 0.905249
vt 0.709936 0.877002
vt 0.709936 0.905249
vt 0.045874 0.248999
vt 0.041065 0.248999
vt 0.045874 0.189502
vt 0.897436 0.764624
vt 0.897436 0.759815
vt 0.892627 0.764624
vt 0.952124 0.498999
vt 0.939502 0.498999
vt 0.952124 0.439502
vt 0.313501 0.563501
vt 0.313501 0.622998
vt 0.341748 0.563501
vt 0.641626 0.641626
vt 0.646435 0.641626
vt 0.641626 0.646435
vt 0.655249 0.663061
vt 0.650440 0.663061
vt 0.655249 0.658252
vt 0.248999 0.361377
vt 0.244190 0.373999
vt 0.248999 0.373999
vt 0.282251 0.001001
vt 0.282251 0.013623
vt 0.294873 0.001001
vt 0.311499 0.014624
vt 0.298877 0.014624
vt 0.311499 0.002002
vt 0.727564 0.665064
vt 0.727564 0.669873
vt 0.732373 0.665064
vt 0.719751 0.665064
vt 0.724560 0.665064
vt 0.719751 0.669873
vt 0.670874 0.998999
vt 0.670874 0.970752
vt 0.666065 0.998999
vt 0.727564 0.657251
vt 0.732373 0.657251
vt 0.727564 0.662060
vt 0.274439 0.138623
vt 0.279248 0.126001
vt 0.274439 0.126001
vt 0.889624 0.498999
vt 0.889624 0.439502
vt 0.877002 0.498999
vt 0.719751 0.657251
vt 0.719751 0.662060
vt 0.724560 0.657251
vt 0.670874 0.663061
vt 0.670874 0.658252
vt 0.666065 0.663061
vt 0.639624 0.631811
vt 0.639624 0.627002
vt 0.634815 0.631811
vt 0.314502 0.092749
vt 0.327124 0.092749
vt 0.327124 0.080127
vt 0.266626 0.060498
vt 0.266626 0.047876
vt 0.279248 0.047876
vt 0.236377 0.108374
vt 0.248999 0.095752
vt 0.248999 0.108374
vt 0.844751 0.747998
vt 0.844751 0.719751
vt 0.857373 0.719751
vt 0.077124 0.905249
vt 0.077124 0.877002
vt 0.064502 0.905249
vt 0.658252 0.670874
vt 0.663061 0.666065
vt 0.663061 0.670874
vt 0.263623 0.047876
vt 0.251001 0.060498
vt 0.251001 0.047876
vt 0.186499 0.002002
vt 0.186499 0.014624
vt 0.173877 0.014624
vt 0.205127 0.327124
vt 0.209936 0.327124
vt 0.209936 0.314502
vt 0.280249 0.108374
vt 0.280249 0.095752
vt 0.267627 0.108374
vt 0.033252 0.186499
vt 0.045874 0.173877
vt 0.045874 0.186499
vt 0.077124 0.264624
vt 0.077124 0.252002
vt 0.064502 0.264624
vt 0.244190 0.264624
vt 0.248999 0.264624
vt 0.248999 0.252002
vt 0.358374 0.045874
vt 0.358374 0.033252
vt 0.345752 0.045874
vt 0.279248 0.032251
vt 0.266626 0.044873
vt 0.266626 0.032251
vt 0.280249 0.170874
vt 0.280249 0.158252
vt 0.275440 0.170874
vt 0.361377 0.077124
vt 0.373999 0.077124
vt 0.373999 0.064502
vt 0.163061 0.342749
vt 0.163061 0.330127
vt 0.158252 0.342749
vt 0.327124 0.111377
vt 0.314502 0.123999
vt 0.327124 0.123999
vt 0.155249 0.202124
vt 0.155249 0.189502
vt 0.142627 0.202124
vt 0.170874 0.123999
vt 0.170874 0.111377
vt 0.158252 0.123999
vt 0.983374 0.061499
vt 0.970752 0.061499
vt 0.983374 0.033252
vt 0.266626 0.126001
vt 0.271435 0.126001
vt 0.266626 0.138623
vt 0.263623 0.032251
vt 0.251001 0.032251
vt 0.251001 0.044873
vt 0.202124 0.092749
vt 0.189502 0.092749
vt 0.202124 0.080127
vt 0.297876 0.047876
vt 0.310498 0.047876
vt 0.297876 0.060498
vt 0.747998 0.665064
vt 0.743189 0.665064
vt 0.743189 0.669873
vt 0.258814 0.141626
vt 0.263623 0.141626
vt 0.258814 0.154248
vt 0.033252 0.264624
vt 0.045874 0.264624
vt 0.045874 0.252002
vt 0.209936 0.295874
vt 0.205127 0.295874
vt 0.209936 0.283252
vt 0.251001 0.154248
vt 0.251001 0.141626
vt 0.255810 0.141626
vt 0.186499 0.186499
vt 0.186499 0.173877
vt 0.173877 0.186499
vt 0.873999 0.314502
vt 0.845752 0.342749
vt 0.873999 0.342749
vt 0.998999 0.655249
vt 0.994190 0.655249
vt 0.998999 0.627002
vt 0.563501 0.782251
vt 0.563501 0.810498
vt 0.591748 0.782251
vt 0.814502 0.717749
vt 0.827124 0.717749
vt 0.827124 0.689502
vt 0.564502 0.311499
vt 0.623999 0.252002
vt 0.623999 0.311499
vt 0.955127 0.498999
vt 0.967749 0.439502
vt 0.967749 0.498999
vt 0.936499 0.561499
vt 0.923877 0.561499
vt 0.936499 0.502002
vt 0.627002 0.061499
vt 0.686499 0.061499
vt 0.686499 0.002002
vt 0.983374 0.127002
vt 0.983374 0.155249
vt 0.970752 0.155249
vt 0.748999 0.905249
vt 0.744190 0.905249
vt 0.748999 0.877002
vt 0.983374 0.252002
vt 0.983374 0.280249
vt 0.970752 0.280249
vt 0.017627 0.295874
vt 0.030249 0.295874
vt 0.030249 0.283252
vt 0.264624 0.014624
vt 0.264624 0.002002
vt 0.252002 0.014624
vt 0.077124 0.330127
vt 0.077124 0.342749
vt 0.064502 0.342749
vt 0.735376 0.669873
vt 0.740185 0.665064
vt 0.735376 0.665064
vt 0.720752 0.670874
vt 0.725561 0.666065
vt 0.725561 0.670874
vt 0.631811 0.650440
vt 0.627002 0.655249
vt 0.631811 0.655249
vt 0.631811 0.639624
vt 0.631811 0.634815
vt 0.627002 0.639624
vt 0.681690 0.663061
vt 0.686499 0.658252
vt 0.686499 0.663061
vt 0.345752 0.030249
vt 0.358374 0.017627
vt 0.358374 0.030249
vt 0.717749 0.952124
vt 0.717749 0.939502
vt 0.712940 0.952124
vt 0.002002 0.248999
vt 0.006811 0.189502
vt 0.006811 0.248999
vt 0.709936 0.936499
vt 0.709936 0.908252
vt 0.705127 0.936499
vt 0.900440 0.772436
vt 0.905249 0.767627
vt 0.905249 0.772436
vt 0.173877 0.373999
vt 0.178686 0.373999
vt 0.178686 0.361377
vt 0.241186 0.264624
vt 0.236377 0.264624
vt 0.241186 0.252002
vt 0.131811 0.311499
vt 0.131811 0.298877
vt 0.127002 0.311499
vt 0.663061 0.686499
vt 0.658252 0.686499
vt 0.663061 0.681690
vt 0.295874 0.939502
vt 0.283252 0.967749
vt 0.295874 0.967749
vt 0.311499 0.127002
vt 0.311499 0.139624
vt 0.306690 0.139624
vt 0.889624 0.881811
vt 0.889624 0.877002
vt 0.877002 0.881811
vt 0.248999 0.248999
vt 0.236377 0.248999
vt 0.248999 0.236377
vt 0.274439 0.141626
vt 0.279248 0.141626
vt 0.274439 0.154248
vt 0.217749 0.064502
vt 0.205127 0.077124
vt 0.217749 0.077124
vt 0.127002 0.842749
vt 0.155249 0.842749
vt 0.155249 0.814502
vt 0.530249 0.686499
vt 0.502002 0.686499
vt 0.530249 0.658252
vt 0.594751 0.779248
vt 0.594751 0.751001
vt 0.622998 0.751001
vt 0.877002 0.155249
vt 0.889624 0.155249
vt 0.889624 0.127002
vt 0.623999 0.720752
vt 0.623999 0.748999
vt 0.595752 0.748999
vt 0.294873 0.047876
vt 0.282251 0.047876
vt 0.282251 0.060498
vt 0.266626 0.141626
vt 0.271435 0.141626
vt 0.266626 0.154248
vt 0.297876 0.032251
vt 0.297876 0.044873
vt 0.310498 0.032251
vt 0.627002 0.811499
vt 0.639624 0.783252
vt 0.639624 0.811499
vt 0.288061 0.155249
vt 0.288061 0.142627
vt 0.283252 0.155249
vt 0.357373 0.157251
vt 0.352564 0.157251
vt 0.352564 0.169873
vt 0.202124 0.123999
vt 0.202124 0.111377
vt 0.189502 0.123999
vt 0.780249 0.467749
vt 0.780249 0.439502
vt 0.752002 0.467749
vt 0.842749 0.530249
vt 0.814502 0.530249
vt 0.842749 0.502002
vt 0.939502 0.092749
vt 0.952124 0.092749
vt 0.952124 0.064502
vt 0.282251 0.044873
vt 0.294873 0.032251
vt 0.282251 0.032251
vt 0.205127 0.280249
vt 0.209936 0.267627
vt 0.209936 0.280249
vt 0.344751 0.157251
vt 0.344751 0.169873
vt 0.349560 0.157251
vt 0.327124 0.998999
vt 0.327124 0.970752
vt 0.314502 0.998999
vt 0.329126 0.204126
vt 0.341748 0.204126
vt 0.329126 0.216748
vt 0.017627 0.170874
vt 0.030249 0.158252
vt 0.030249 0.170874
vt 0.591748 0.751001
vt 0.563501 0.751001
vt 0.563501 0.779248
vt 0.889624 0.842749
vt 0.889624 0.814502
vt 0.884815 0.842749
vt 0.814502 0.092749
vt 0.842749 0.092749
vt 0.842749 0.064502
vt 0.502002 0.811499
vt 0.530249 0.783252
vt 0.530249 0.811499
vt 0.811499 0.158252
vt 0.811499 0.186499
vt 0.783252 0.186499
vt 0.532251 0.844751
vt 0.532251 0.872998
vt 0.560498 0.844751
vt 0.313501 0.216748
vt 0.326123 0.204126
vt 0.313501 0.204126
vt 0.030249 0.970752
vt 0.017627 0.998999
vt 0.030249 0.998999
vt 0.529248 0.844751
vt 0.501001 0.872998
vt 0.501001 0.844751
vt 0.264624 0.092749
vt 0.252002 0.092749
vt 0.264624 0.080127
vt 0.288061 0.186499
vt 0.283252 0.186499
vt 0.288061 0.173877
vt 0.368189 0.157251
vt 0.372998 0.157251
vt 0.368189 0.169873
vt 0.341748 0.188501
vt 0.329126 0.201123
vt 0.329126 0.188501
vt 0.743189 0.657251
vt 0.743189 0.662060
vt 0.747998 0.657251
vt 0.228565 0.358374
vt 0.233374 0.358374
vt 0.233374 0.345752
vt 0.897436 0.627002
vt 0.897436 0.655249
vt 0.892627 0.655249
vt 0.766626 0.688501
vt 0.779248 0.688501
vt 0.766626 0.716748
vt 0.670874 0.783252
vt 0.658252 0.811499
vt 0.670874 0.811499
vt 0.811499 0.842749
vt 0.811499 0.814502
vt 0.798877 0.842749
vt 0.212940 0.373999
vt 0.217749 0.373999
vt 0.217749 0.361377
vt 0.944311 0.717749
vt 0.939502 0.717749
vt 0.944311 0.689502
vt 0.280249 0.845752
vt 0.252002 0.873999
vt 0.280249 0.873999
vt 0.233374 0.173877
vt 0.233374 0.186499
vt 0.220752 0.186499
vt 0.873999 0.748999
vt 0.873999 0.720752
vt 0.861377 0.748999
vt 0.233374 0.264624
vt 0.228565 0.264624
vt 0.233374 0.252002
vt 0.717749 0.814502
vt 0.705127 0.842749
vt 0.717749 0.842749
vt 0.920874 0.655249
vt 0.916065 0.655249
vt 0.920874 0.627002
vt 0.202124 0.283252
vt 0.197315 0.295874
vt 0.202124 0.295874
vt 0.077124 0.283252
vt 0.077124 0.295874
vt 0.064502 0.295874
vt 0.314502 0.623999
vt 0.342749 0.564502
vt 0.342749 0.623999
vt 0.014624 0.998999
vt 0.014624 0.970752
vt 0.002002 0.998999
vt 0.986377 0.561499
vt 0.998999 0.561499
vt 0.998999 0.502002
vt 0.923877 0.498999
vt 0.936499 0.439502
vt 0.936499 0.498999
vt 0.455127 0.967749
vt 0.467749 0.967749
vt 0.467749 0.939502
vt 0.072315 0.186499
vt 0.077124 0.127002
vt 0.077124 0.186499
vt 0.061499 0.970752
vt 0.061499 0.998999
vt 0.048877 0.998999
vt 0.092749 0.845752
vt 0.064502 0.873999
vt 0.092749 0.873999
vt 0.139624 0.252002
vt 0.139624 0.264624
vt 0.134815 0.264624
vt 0.532251 0.841748
vt 0.560498 0.813501
vt 0.532251 0.813501
vt 0.365185 0.157251
vt 0.360376 0.157251
vt 0.360376 0.169873
vt 0.313501 0.188501
vt 0.313501 0.201123
vt 0.326123 0.188501
vt 0.330127 0.061499
vt 0.342749 0.061499
vt 0.342749 0.048877
vt 0.678686 0.998999
vt 0.673877 0.998999
vt 0.678686 0.970752
vt 0.811499 0.533252
vt 0.783252 0.561499
vt 0.811499 0.561499
vt 0.092749 0.998999
vt 0.092749 0.970752
vt 0.080127 0.998999
vt 0.352564 0.172876
vt 0.352564 0.185498
vt 0.357373 0.172876
vt 0.217749 0.327124
vt 0.212940 0.327124
vt 0.217749 0.314502
vt 0.405249 0.717749
vt 0.405249 0.689502
vt 0.377002 0.717749
vt 0.202124 0.998999
vt 0.202124 0.970752
vt 0.189502 0.998999
vt 0.248999 0.342749
vt 0.244190 0.342749
vt 0.248999 0.330127
vt 0.897436 0.720752
vt 0.892627 0.748999
vt 0.897436 0.748999
vt 0.501001 0.841748
vt 0.529248 0.813501
vt 0.501001 0.813501
vt 0.360376 0.204126
vt 0.360376 0.216748
vt 0.372998 0.204126
vt 0.111377 0.905249
vt 0.123999 0.905249
vt 0.123999 0.877002
vt 0.349560 0.172876
vt 0.344751 0.172876
vt 0.344751 0.185498
vt 0.366186 0.170874
vt 0.361377 0.170874
vt 0.366186 0.158252
vt 0.197315 0.342749
vt 0.202124 0.330127
vt 0.202124 0.342749
vt 0.368189 0.185498
vt 0.372998 0.172876
vt 0.368189 0.172876
vt 0.111377 0.311499
vt 0.123999 0.298877
vt 0.123999 0.311499
vt 0.295874 0.030249
vt 0.295874 0.017627
vt 0.283252 0.030249
vt 0.344751 0.204126
vt 0.344751 0.216748
vt 0.357373 0.204126
vt 0.303686 0.155249
vt 0.303686 0.142627
vt 0.298877 0.155249
vt 0.658252 0.998999
vt 0.663061 0.970752
vt 0.663061 0.998999
vt 0.735376 0.657251
vt 0.735376 0.662060
vt 0.740185 0.657251
vt 0.663061 0.647436
vt 0.658252 0.647436
vt 0.663061 0.642627
vt 0.727564 0.680689
vt 0.732373 0.680689
vt 0.727564 0.685498
vt 0.719751 0.680689
vt 0.719751 0.685498
vt 0.724560 0.680689
vt 0.061499 0.264624
vt 0.048877 0.264624
vt 0.061499 0.252002
vt 0.345752 0.186499
vt 0.350561 0.173877
vt 0.350561 0.186499
vt 0.360376 0.188501
vt 0.372998 0.188501
vt 0.360376 0.201123
vt 0.150440 0.327124
vt 0.155249 0.314502
vt 0.155249 0.327124
vt 0.342749 0.970752
vt 0.330127 0.998999
vt 0.342749 0.998999
vt 0.139624 0.280249
vt 0.134815 0.280249
vt 0.139624 0.267627
vt 0.360376 0.172876
vt 0.365185 0.172876
vt 0.360376 0.185498
vt 0.248999 0.295874
vt 0.248999 0.283252
vt 0.244190 0.295874
vt 0.639624 0.842749
vt 0.627002 0.842749
vt 0.639624 0.814502
vt 0.622998 0.844751
vt 0.594751 0.844751
vt 0.594751 0.872998
vt 0.727564 0.677685
vt 0.732373 0.672876
vt 0.727564 0.672876
vt 0.326123 0.157251
vt 0.321314 0.169873
vt 0.321314 0.157251
vt 0.313501 0.157251
vt 0.318310 0.157251
vt 0.313501 0.169873
vt 0.225561 0.373999
vt 0.225561 0.361377
vt 0.220752 0.373999
vt 0.163061 0.280249
vt 0.163061 0.267627
vt 0.158252 0.280249
vt 0.248999 0.186499
vt 0.236377 0.186499
vt 0.248999 0.173877
vt 0.751001 0.716748
vt 0.763623 0.688501
vt 0.751001 0.688501
vt 0.327124 0.045874
vt 0.327124 0.033252
vt 0.314502 0.045874
vt 0.877002 0.248999
vt 0.889624 0.248999
vt 0.889624 0.220752
vt 0.202124 0.264624
vt 0.202124 0.252002
vt 0.197315 0.264624
vt 0.873999 0.502002
vt 0.845752 0.530249
vt 0.873999 0.530249
vt 0.217749 0.186499
vt 0.217749 0.173877
vt 0.205127 0.186499
vt 0.842749 0.623999
vt 0.842749 0.595752
vt 0.814502 0.623999
vt 0.344751 0.188501
vt 0.344751 0.201123
vt 0.357373 0.188501
vt 0.797876 0.688501
vt 0.810498 0.688501
vt 0.797876 0.716748
vt 0.889624 0.061499
vt 0.877002 0.061499
vt 0.889624 0.033252
vt 0.592749 0.780249
vt 0.592749 0.752002
vt 0.564502 0.780249
vt 0.811499 0.564502
vt 0.783252 0.592749
vt 0.811499 0.592749
vt 0.420874 0.936499
vt 0.408252 0.936499
vt 0.420874 0.908252
vt 0.686499 0.970752
vt 0.681690 0.998999
vt 0.686499 0.998999
vt 0.780249 0.845752
vt 0.780249 0.873999
vt 0.767627 0.873999
vt 0.694311 0.877002
vt 0.689502 0.905249
vt 0.694311 0.905249
vt 0.639624 0.908252
vt 0.634815 0.936499
vt 0.639624 0.936499
vt 0.780249 0.030249
vt 0.780249 0.002002
vt 0.752002 0.030249
vt 0.686499 0.780249
vt 0.686499 0.752002
vt 0.673877 0.780249
vt 0.033252 0.811499
vt 0.061499 0.783252
vt 0.061499 0.811499
vt 0.724560 0.672876
vt 0.719751 0.672876
vt 0.719751 0.677685
vt 0.673877 0.905249
vt 0.678686 0.877002
vt 0.678686 0.905249
vt 0.236377 0.373999
vt 0.241186 0.373999
vt 0.241186 0.361377
vt 0.163061 0.327124
vt 0.158252 0.327124
vt 0.163061 0.314502
vt 0.655249 0.634815
vt 0.655249 0.639624
vt 0.650440 0.639624
vt 0.336939 0.157251
vt 0.341748 0.157251
vt 0.336939 0.169873
vt 0.080127 0.342749
vt 0.092749 0.342749
vt 0.092749 0.330127
vt 0.717749 0.905249
vt 0.712940 0.905249
vt 0.717749 0.877002
vt 0.295874 0.123999
vt 0.283252 0.123999
vt 0.295874 0.111377
vt 0.563501 0.872998
vt 0.563501 0.844751
vt 0.591748 0.844751
vt 0.986377 0.155249
vt 0.998999 0.155249
vt 0.998999 0.127002
vt 0.666065 0.905249
vt 0.670874 0.905249
vt 0.670874 0.877002
vt 0.916065 0.748999
vt 0.920874 0.720752
vt 0.920874 0.748999
vt 0.283252 0.561499
vt 0.311499 0.561499
vt 0.311499 0.502002
vt 0.780249 0.689502
vt 0.780249 0.717749
vt 0.767627 0.717749
vt 0.936499 0.095752
vt 0.923877 0.123999
vt 0.936499 0.123999
vt 0.048877 0.155249
vt 0.061499 0.155249
vt 0.061499 0.142627
vt 0.622998 0.813501
vt 0.594751 0.841748
vt 0.594751 0.813501
vt 0.002002 0.342749
vt 0.014624 0.330127
vt 0.014624 0.342749
vt 0.311499 0.092749
vt 0.298877 0.092749
vt 0.311499 0.080127
vt 0.139624 0.358374
vt 0.134815 0.358374
vt 0.139624 0.345752
vt 0.329126 0.157251
vt 0.329126 0.169873
vt 0.333935 0.157251
vt 0.678686 0.631811
vt 0.673877 0.631811
vt 0.678686 0.627002
vt 0.533252 0.842749
vt 0.561499 0.814502
vt 0.561499 0.842749
vt 0.205127 0.342749
vt 0.209936 0.330127
vt 0.209936 0.342749
vt 0.627002 0.686499
vt 0.631811 0.681690
vt 0.631811 0.686499
vt 0.743189 0.685498
vt 0.747998 0.680689
vt 0.743189 0.680689
vt 0.748999 0.686499
vt 0.744190 0.686499
vt 0.748999 0.681690
vt 0.670874 0.627002
vt 0.666065 0.631811
vt 0.670874 0.631811
vt 0.686499 0.639624
vt 0.681690 0.639624
vt 0.686499 0.634815
vt 0.194311 0.330127
vt 0.189502 0.342749
vt 0.194311 0.342749
vt 0.735376 0.680689
vt 0.735376 0.685498
vt 0.740185 0.680689
vt 0.743189 0.672876
vt 0.743189 0.677685
vt 0.747998 0.672876
vt 0.225561 0.264624
vt 0.225561 0.252002
vt 0.220752 0.264624
vt 0.678686 0.673877
vt 0.673877 0.678686
vt 0.678686 0.678686
vt 0.740185 0.672876
vt 0.735376 0.677685
vt 0.735376 0.672876
vt 0.630810 0.969751
vt 0.626001 0.997998
vt 0.626001 0.969751
vt 0.701123 0.665064
vt 0.696314 0.665064
vt 0.696314 0.669873
vt 0.134815 0.373999
vt 0.139624 0.373999
vt 0.139624 0.361377
vt 0.693310 0.665064
vt 0.688501 0.665064
vt 0.688501 0.669873
vt 0.564502 0.873999
vt 0.592749 0.845752
vt 0.592749 0.873999
vt 0.639624 0.752002
vt 0.639624 0.780249
vt 0.627002 0.780249
vt 0.280249 0.048877
vt 0.280249 0.061499
vt 0.267627 0.061499
vt 0.194311 0.283252
vt 0.189502 0.295874
vt 0.194311 0.295874
vt 0.782251 0.716748
vt 0.782251 0.688501
vt 0.794873 0.688501
vt 0.321314 0.185498
vt 0.321314 0.172876
vt 0.326123 0.172876
vt 0.701123 0.657251
vt 0.696314 0.662060
vt 0.696314 0.657251
vt 0.334936 0.170874
vt 0.334936 0.158252
vt 0.330127 0.170874
vt 0.186499 0.280249
vt 0.181690 0.280249
vt 0.186499 0.267627
vt 0.158252 0.030249
vt 0.170874 0.017627
vt 0.170874 0.030249
vt 0.744190 0.663061
vt 0.748999 0.663061
vt 0.748999 0.658252
vt 0.131811 0.314502
vt 0.131811 0.327124
vt 0.127002 0.327124
vt 0.048877 0.186499
vt 0.061499 0.173877
vt 0.061499 0.186499
vt 0.233374 0.170874
vt 0.233374 0.158252
vt 0.220752 0.170874
vt 0.693310 0.657251
vt 0.688501 0.662060
vt 0.688501 0.657251
vt 0.686499 0.666065
vt 0.686499 0.670874
vt 0.681690 0.670874
vt 0.248999 0.280249
vt 0.244190 0.280249
vt 0.248999 0.267627
vt 0.170874 0.373999
vt 0.166065 0.373999
vt 0.170874 0.361377
vt 0.131811 0.264624
vt 0.127002 0.264624
vt 0.131811 0.252002
vt 0.970752 0.373999
vt 0.983374 0.373999
vt 0.983374 0.345752
vt 0.502002 0.873999
vt 0.530249 0.845752
vt 0.530249 0.873999
vt 0.267627 0.045874
vt 0.280249 0.033252
vt 0.280249 0.045874
vt 0.186499 0.205127
vt 0.186499 0.217749
vt 0.173877 0.217749
vt 0.678686 0.967749
vt 0.678686 0.955127
vt 0.673877 0.967749
vt 0.591748 0.813501
vt 0.563501 0.841748
vt 0.563501 0.813501
vt 0.228565 0.311499
vt 0.233374 0.311499
vt 0.233374 0.298877
vt 0.259815 0.155249
vt 0.264624 0.142627
vt 0.264624 0.155249
vt 0.342749 0.877002
vt 0.330127 0.905249
vt 0.342749 0.905249
vt 0.178686 0.264624
vt 0.178686 0.252002
vt 0.173877 0.264624
vt 0.345752 0.905249
vt 0.358374 0.905249
vt 0.358374 0.877002
vt 0.783252 0.155249
vt 0.811499 0.155249
vt 0.811499 0.127002
vt 0.311499 0.077124
vt 0.311499 0.064502
vt 0.298877 0.077124
vt 0.186499 0.170874
vt 0.186499 0.158252
vt 0.173877 0.170874
vt 0.045874 0.327124
vt 0.033252 0.327124
vt 0.045874 0.314502
vt 0.272436 0.170874
vt 0.267627 0.170874
vt 0.272436 0.158252
vt 0.256811 0.158252
vt 0.256811 0.170874
vt 0.252002 0.170874
vt 0.711939 0.665064
vt 0.711939 0.669873
vt 0.716748 0.665064
vt 0.704126 0.669873
vt 0.708935 0.665064
vt 0.704126 0.665064
vt 0.711939 0.662060
vt 0.711939 0.657251
vt 0.716748 0.657251
vt 0.704126 0.657251
vt 0.704126 0.662060
vt 0.708935 0.657251
vt 0.142627 0.061499
vt 0.155249 0.048877
vt 0.155249 0.061499
vt 0.313501 0.172876
vt 0.318310 0.172876
vt 0.313501 0.185498
vt 0.341748 0.235376
vt 0.329126 0.247998
vt 0.329126 0.235376
vt 0.779248 0.719751
vt 0.766626 0.747998
vt 0.766626 0.719751
vt 0.313501 0.235376
vt 0.326123 0.235376
vt 0.313501 0.247998
vt 0.147436 0.373999
vt 0.142627 0.373999
vt 0.147436 0.361377
vt 0.696314 0.685498
vt 0.701123 0.680689
vt 0.696314 0.680689
vt 0.688501 0.680689
vt 0.693310 0.680689
vt 0.688501 0.685498
vt 0.272436 0.155249
vt 0.267627 0.155249
vt 0.272436 0.142627
vt 0.342749 0.217749
vt 0.342749 0.205127
vt 0.330127 0.217749
vt 0.217749 0.936499
vt 0.217749 0.908252
vt 0.205127 0.936499
vt 0.233374 0.108374
vt 0.220752 0.108374
vt 0.233374 0.095752
vt 0.233374 0.061499
vt 0.233374 0.048877
vt 0.220752 0.061499
vt 0.900440 0.748999
vt 0.905249 0.720752
vt 0.905249 0.748999
vt 0.780249 0.595752
vt 0.780249 0.623999
vt 0.752002 0.623999
vt 0.595752 0.842749
vt 0.623999 0.814502
vt 0.623999 0.842749
vt 0.763623 0.719751
vt 0.751001 0.747998
vt 0.751001 0.719751
vt 0.341748 0.219751
vt 0.329126 0.232373
vt 0.329126 0.219751
vt 0.313501 0.219751
vt 0.326123 0.219751
vt 0.313501 0.232373
vt 0.360376 0.235376
vt 0.360376 0.247998
vt 0.372998 0.235376
vt 0.797876 0.719751
vt 0.810498 0.719751
vt 0.797876 0.747998
vt 0.782251 0.747998
vt 0.794873 0.719751
vt 0.782251 0.719751
vt 0.155249 0.139624
vt 0.142627 0.139624
vt 0.155249 0.127002
vt 0.080127 0.311499
vt 0.092749 0.311499
vt 0.092749 0.298877
vt 0.344751 0.235376
vt 0.357373 0.235376
vt 0.344751 0.247998
vt 0.048877 0.967749
vt 0.061499 0.967749
vt 0.061499 0.939502
vt 0.155249 0.998999
vt 0.155249 0.970752
vt 0.142627 0.998999
vt 0.158252 0.155249
vt 0.170874 0.155249
vt 0.170874 0.142627
vt 0.077124 0.311499
vt 0.077124 0.298877
vt 0.064502 0.311499
vt 0.330127 0.014624
vt 0.342749 0.002002
vt 0.342749 0.014624
vt 0.361377 0.248999
vt 0.373999 0.248999
vt 0.373999 0.236377
vt 0.841748 0.626001
vt 0.829126 0.626001
vt 0.829126 0.654248
vt 0.858374 0.748999
vt 0.845752 0.748999
vt 0.858374 0.720752
vt 0.360376 0.232373
vt 0.360376 0.219751
vt 0.372998 0.219751
vt 0.194311 0.280249
vt 0.189502 0.280249
vt 0.194311 0.267627
vt 0.452124 0.908252
vt 0.452124 0.936499
vt 0.439502 0.936499
vt 0.814502 0.748999
vt 0.827124 0.748999
vt 0.827124 0.720752
vt 0.530249 0.655249
vt 0.502002 0.655249
vt 0.530249 0.627002
vt 0.649439 0.969751
vt 0.649439 0.997998
vt 0.654248 0.969751
vt 0.697315 0.670874
vt 0.702124 0.670874
vt 0.702124 0.666065
vt 0.045874 0.283252
vt 0.033252 0.295874
vt 0.045874 0.295874
vt 0.336939 0.172876
vt 0.341748 0.172876
vt 0.336939 0.185498
vt 0.970752 0.092749
vt 0.983374 0.064502
vt 0.983374 0.092749
vt 0.337940 0.186499
vt 0.342749 0.173877
vt 0.342749 0.186499
vt 0.780249 0.377002
vt 0.752002 0.405249
vt 0.780249 0.405249
vt 0.795874 0.717749
vt 0.795874 0.689502
vt 0.783252 0.717749
vt 0.631811 0.970752
vt 0.627002 0.998999
vt 0.631811 0.998999
vt 0.295874 0.092749
vt 0.295874 0.080127
vt 0.283252 0.092749
vt 0.127002 0.233374
vt 0.139624 0.233374
vt 0.139624 0.220752
vt 0.881811 0.717749
vt 0.877002 0.717749
vt 0.881811 0.689502
vt 0.264624 0.127002
vt 0.264624 0.139624
vt 0.259815 0.139624
vt 0.295874 0.048877
vt 0.295874 0.061499
vt 0.283252 0.061499
vt 0.405249 0.908252
vt 0.392627 0.936499
vt 0.405249 0.936499
vt 0.373999 0.045874
vt 0.361377 0.045874
vt 0.373999 0.033252
vt 0.813501 0.626001
vt 0.826123 0.626001
vt 0.813501 0.654248
vt 0.358374 0.236377
vt 0.358374 0.248999
vt 0.345752 0.248999
vt 0.280249 0.127002
vt 0.275440 0.139624
vt 0.280249 0.139624
vt 0.241186 0.295874
vt 0.236377 0.295874
vt 0.241186 0.283252
vt 0.748999 0.673877
vt 0.744190 0.678686
vt 0.748999 0.678686
vt 0.701123 0.672876
vt 0.696314 0.677685
vt 0.696314 0.672876
vt 0.345752 0.170874
vt 0.350561 0.158252
vt 0.350561 0.170874
vt 0.764624 0.881811
vt 0.764624 0.877002
vt 0.759815 0.881811
vt 0.194311 0.345752
vt 0.194311 0.358374
vt 0.189502 0.358374
vt 0.344751 0.219751
vt 0.357373 0.219751
vt 0.344751 0.232373
vt 0.147436 0.345752
vt 0.142627 0.358374
vt 0.147436 0.358374
vt 0.272436 0.186499
vt 0.272436 0.173877
vt 0.267627 0.186499
vt 0.353565 0.170874
vt 0.358374 0.170874
vt 0.358374 0.158252
vt 0.256811 0.186499
vt 0.252002 0.186499
vt 0.256811 0.173877
vt 0.646435 0.969751
vt 0.641626 0.969751
vt 0.641626 0.997998
vt 0.741186 0.905249
vt 0.736377 0.905249
vt 0.741186 0.877002
vt 0.658252 0.678686
vt 0.663061 0.678686
vt 0.663061 0.673877
vt 0.764624 0.889624
vt 0.759815 0.889624
vt 0.764624 0.884815
vt 0.844751 0.888623
vt 0.872998 0.883814
vt 0.844751 0.883814
vt 0.631811 0.670874
vt 0.627002 0.670874
vt 0.631811 0.666065
vt 0.688501 0.677685
vt 0.693310 0.672876
vt 0.688501 0.672876
vt 0.327124 0.064502
vt 0.314502 0.077124
vt 0.327124 0.077124
vt 0.266626 0.216748
vt 0.266626 0.204126
vt 0.279248 0.204126
vt 0.251001 0.216748
vt 0.251001 0.204126
vt 0.263623 0.204126
vt 0.716748 0.680689
vt 0.711939 0.685498
vt 0.711939 0.680689
vt 0.279248 0.188501
vt 0.266626 0.188501
vt 0.266626 0.201123
vt 0.233374 0.139624
vt 0.233374 0.127002
vt 0.220752 0.139624
vt 0.686499 0.908252
vt 0.681690 0.936499
vt 0.686499 0.936499
vt 0.361377 0.186499
vt 0.366186 0.186499
vt 0.366186 0.173877
vt 0.844751 0.876001
vt 0.844751 0.880810
vt 0.872998 0.876001
vt 0.725561 0.678686
vt 0.720752 0.678686
vt 0.725561 0.673877
vt 0.704126 0.685498
vt 0.708935 0.680689
vt 0.704126 0.680689
vt 0.711939 0.672876
vt 0.716748 0.672876
vt 0.711939 0.677685
vt 0.704126 0.672876
vt 0.704126 0.677685
vt 0.708935 0.672876
vt 0.741186 0.681690
vt 0.736377 0.686499
vt 0.741186 0.686499
vt 0.650440 0.631811
vt 0.655249 0.627002
vt 0.655249 0.631811
vt 0.732373 0.633814
vt 0.727564 0.638623
vt 0.727564 0.633814
vt 0.719751 0.633814
vt 0.719751 0.638623
vt 0.724560 0.633814
vt 0.725561 0.686499
vt 0.725561 0.681690
vt 0.720752 0.686499
vt 0.727564 0.626001
vt 0.732373 0.626001
vt 0.727564 0.630810
vt 0.733374 0.634815
vt 0.728565 0.639624
vt 0.733374 0.639624
vt 0.709936 0.678686
vt 0.709936 0.673877
vt 0.705127 0.678686
vt 0.639624 0.663061
vt 0.639624 0.658252
vt 0.634815 0.663061
vt 0.741186 0.663061
vt 0.736377 0.663061
vt 0.741186 0.658252
vt 0.725561 0.658252
vt 0.720752 0.663061
vt 0.725561 0.663061
vt 0.724560 0.626001
vt 0.719751 0.630810
vt 0.719751 0.626001
vt 0.280249 0.142627
vt 0.275440 0.155249
vt 0.280249 0.155249
vt 0.905249 0.752002
vt 0.905249 0.756811
vt 0.900440 0.756811
vt 0.743189 0.638623
vt 0.743189 0.633814
vt 0.747998 0.633814
vt 0.642627 0.639624
vt 0.647436 0.639624
vt 0.647436 0.634815
vt 0.735376 0.638623
vt 0.735376 0.633814
vt 0.740185 0.633814
vt 0.329126 0.185498
vt 0.333935 0.172876
vt 0.329126 0.172876
vt 0.303686 0.127002
vt 0.298877 0.139624
vt 0.303686 0.139624
vt 0.251001 0.201123
vt 0.251001 0.188501
vt 0.263623 0.188501
vt 0.352564 0.126001
vt 0.357373 0.126001
vt 0.352564 0.138623
vt 0.358374 0.139624
vt 0.358374 0.127002
vt 0.353565 0.139624
vt 0.186499 0.342749
vt 0.181690 0.342749
vt 0.186499 0.330127
vt 0.298877 0.170874
vt 0.303686 0.158252
vt 0.303686 0.170874
vt 0.334936 0.186499
vt 0.334936 0.173877
vt 0.330127 0.186499
vt 0.743189 0.630810
vt 0.747998 0.626001
vt 0.743189 0.626001
vt 0.702124 0.686499
vt 0.697315 0.686499
vt 0.702124 0.681690
vt 0.155249 0.248999
vt 0.155249 0.236377
vt 0.142627 0.248999
vt 0.158252 0.358374
vt 0.163061 0.358374
vt 0.163061 0.345752
vt 0.280249 0.186499
vt 0.275440 0.186499
vt 0.280249 0.173877
vt 0.666065 0.655249
vt 0.670874 0.650440
vt 0.670874 0.655249
vt 0.030249 0.345752
vt 0.030249 0.358374
vt 0.017627 0.358374
vt 0.712940 0.663061
vt 0.717749 0.658252
vt 0.717749 0.663061
vt 0.735376 0.626001
vt 0.735376 0.630810
vt 0.740185 0.626001
vt 0.727564 0.649439
vt 0.727564 0.654248
vt 0.732373 0.649439
vt 0.647436 0.670874
vt 0.647436 0.666065
vt 0.642627 0.670874
vt 0.719751 0.654248
vt 0.719751 0.649439
vt 0.724560 0.649439
vt 0.310498 0.204126
vt 0.297876 0.204126
vt 0.297876 0.216748
vt 0.311499 0.155249
vt 0.306690 0.155249
vt 0.311499 0.142627
vt 0.173877 0.155249
vt 0.186499 0.155249
vt 0.186499 0.142627
vt 0.280249 0.014624
vt 0.280249 0.002002
vt 0.267627 0.014624
vt 0.217749 0.061499
vt 0.217749 0.048877
vt 0.205127 0.061499
vt 0.373999 0.220752
vt 0.373999 0.233374
vt 0.361377 0.233374
vt 0.282251 0.216748
vt 0.282251 0.204126
vt 0.294873 0.204126
vt 0.736377 0.639624
vt 0.741186 0.639624
vt 0.741186 0.634815
vt 0.939502 0.311499
vt 0.952124 0.311499
vt 0.952124 0.283252
vt 0.189502 0.233374
vt 0.202124 0.220752
vt 0.202124 0.233374
vt 0.267627 0.202124
vt 0.280249 0.202124
vt 0.280249 0.189502
vt 0.647436 0.678686
vt 0.642627 0.678686
vt 0.647436 0.673877
vt 0.727564 0.641626
vt 0.732373 0.641626
vt 0.727564 0.646435
vt 0.719751 0.641626
vt 0.719751 0.646435
vt 0.724560 0.641626
vt 0.743189 0.649439
vt 0.743189 0.654248
vt 0.747998 0.649439
vt 0.655249 0.647436
vt 0.655249 0.642627
vt 0.650440 0.647436
vt 0.881811 0.767627
vt 0.881811 0.772436
vt 0.877002 0.772436
vt 0.147436 0.342749
vt 0.147436 0.330127
vt 0.142627 0.342749
vt 0.298877 0.030249
vt 0.311499 0.030249
vt 0.311499 0.017627
vt 0.252002 0.045874
vt 0.264624 0.045874
vt 0.264624 0.033252
vt 0.634815 0.686499
vt 0.639624 0.681690
vt 0.639624 0.686499
vt 0.725561 0.655249
vt 0.720752 0.655249
vt 0.725561 0.650440
vt 0.735376 0.649439
vt 0.740185 0.649439
vt 0.735376 0.654248
vt 0.127002 0.014624
vt 0.139624 0.002002
vt 0.139624 0.014624
vt 0.373999 0.202124
vt 0.361377 0.202124
vt 0.373999 0.189502
vt 0.872998 0.626001
vt 0.860376 0.654248
vt 0.860376 0.626001
vt 0.327124 0.030249
vt 0.314502 0.030249
vt 0.327124 0.017627
vt 0.123999 0.264624
vt 0.123999 0.252002
vt 0.111377 0.264624
vt 0.358374 0.217749
vt 0.358374 0.205127
vt 0.345752 0.217749
vt 0.030249 0.298877
vt 0.030249 0.311499
vt 0.017627 0.311499
vt 0.030249 0.155249
vt 0.017627 0.155249
vt 0.030249 0.142627
vt 0.748999 0.670874
vt 0.744190 0.670874
vt 0.748999 0.666065
vt 0.173877 0.108374
vt 0.186499 0.108374
vt 0.186499 0.095752
vt 0.678686 0.642627
vt 0.673877 0.647436
vt 0.678686 0.647436
vt 0.139624 0.327124
vt 0.139624 0.314502
vt 0.134815 0.327124
vt 0.344751 0.126001
vt 0.349560 0.126001
vt 0.344751 0.138623
vt 0.358374 0.233374
vt 0.345752 0.233374
vt 0.358374 0.220752
vt 0.857373 0.626001
vt 0.844751 0.626001
vt 0.844751 0.654248
vt 0.061499 0.342749
vt 0.061499 0.330127
vt 0.048877 0.342749
vt 0.297876 0.201123
vt 0.297876 0.188501
vt 0.310498 0.188501
vt 0.267627 0.139624
vt 0.272436 0.127002
vt 0.272436 0.139624
vt 0.743189 0.641626
vt 0.743189 0.646435
vt 0.747998 0.641626
vt 0.744190 0.655249
vt 0.748999 0.650440
vt 0.748999 0.655249
vt 0.342749 0.202124
vt 0.342749 0.189502
vt 0.330127 0.202124
vt 0.647436 0.663061
vt 0.642627 0.663061
vt 0.647436 0.658252
vt 0.282251 0.201123
vt 0.282251 0.188501
vt 0.294873 0.188501
vt 0.283252 0.217749
vt 0.295874 0.217749
vt 0.295874 0.205127
vt 0.342749 0.045874
vt 0.330127 0.045874
vt 0.342749 0.033252
vt 0.123999 0.280249
vt 0.111377 0.280249
vt 0.123999 0.267627
vt 0.123999 0.342749
vt 0.111377 0.342749
vt 0.123999 0.330127
vt 0.030249 0.330127
vt 0.017627 0.342749
vt 0.030249 0.342749
vt 0.220752 0.045874
vt 0.233374 0.045874
vt 0.233374 0.033252
vt 0.279248 0.235376
vt 0.266626 0.235376
vt 0.266626 0.247998
vt 0.251001 0.235376
vt 0.251001 0.247998
vt 0.263623 0.235376
vt 0.155249 0.064502
vt 0.142627 0.077124
vt 0.155249 0.077124
vt 0.127002 0.186499
vt 0.139624 0.186499
vt 0.139624 0.173877
vt 0.295874 0.139624
vt 0.295874 0.127002
vt 0.291065 0.139624
vt 0.212940 0.311499
vt 0.217749 0.311499
vt 0.217749 0.298877
vt 0.673877 0.873999
vt 0.686499 0.873999
vt 0.686499 0.845752
vt 0.811499 0.717749
vt 0.811499 0.689502
vt 0.798877 0.717749
vt 0.764624 0.717749
vt 0.764624 0.689502
vt 0.752002 0.717749
vt 0.342749 0.077124
vt 0.342749 0.064502
vt 0.330127 0.077124
vt 0.279248 0.219751
vt 0.266626 0.219751
vt 0.266626 0.232373
vt 0.740185 0.641626
vt 0.735376 0.641626
vt 0.735376 0.646435
vt 0.780249 0.897436
vt 0.775440 0.897436
vt 0.780249 0.892627
vt 0.248999 0.048877
vt 0.236377 0.061499
vt 0.248999 0.061499
vt 0.263623 0.219751
vt 0.251001 0.219751
vt 0.251001 0.232373
vt 0.014624 0.311499
vt 0.002002 0.311499
vt 0.014624 0.298877
vt 0.189502 0.373999
vt 0.194311 0.373999
vt 0.194311 0.361377
vt 0.252002 0.155249
vt 0.256811 0.155249
vt 0.256811 0.142627
vt 0.283252 0.202124
vt 0.295874 0.202124
vt 0.295874 0.189502
vt 0.233374 0.123999
vt 0.220752 0.123999
vt 0.233374 0.111377
vt 0.310498 0.235376
vt 0.297876 0.247998
vt 0.297876 0.235376
vt 0.170874 0.202124
vt 0.158252 0.202124
vt 0.170874 0.189502
vt 0.108374 0.311499
vt 0.095752 0.311499
vt 0.108374 0.298877
vt 0.267627 0.233374
vt 0.280249 0.220752
vt 0.280249 0.233374
vt 0.045874 0.361377
vt 0.033252 0.373999
vt 0.045874 0.373999
vt 0.311499 0.033252
vt 0.298877 0.045874
vt 0.311499 0.045874
vt 0.741186 0.666065
vt 0.741186 0.670874
vt 0.736377 0.670874
vt 0.002002 0.170874
vt 0.014624 0.158252
vt 0.014624 0.170874
vt 0.696314 0.638623
vt 0.701123 0.633814
vt 0.696314 0.633814
vt 0.697315 0.678686
vt 0.702124 0.673877
vt 0.702124 0.678686
vt 0.248999 0.170874
vt 0.236377 0.170874
vt 0.248999 0.158252
vt 0.186499 0.236377
vt 0.173877 0.248999
vt 0.186499 0.248999
vt 0.080127 0.264624
vt 0.092749 0.252002
vt 0.092749 0.264624
vt 0.282251 0.235376
vt 0.294873 0.235376
vt 0.282251 0.247998
vt 0.283252 0.108374
vt 0.295874 0.108374
vt 0.295874 0.095752
vt 0.252002 0.217749
vt 0.264624 0.217749
vt 0.264624 0.205127
vt 0.297876 0.219751
vt 0.310498 0.219751
vt 0.297876 0.232373
vt 0.045874 0.345752
vt 0.045874 0.358374
vt 0.033252 0.358374
vt 0.280249 0.248999
vt 0.267627 0.248999
vt 0.280249 0.236377
vt 0.280249 0.030249
vt 0.280249 0.017627
vt 0.267627 0.030249
vt 0.127002 0.155249
vt 0.139624 0.155249
vt 0.139624 0.142627
vt 0.311499 0.217749
vt 0.311499 0.205127
vt 0.298877 0.217749
vt 0.048877 0.327124
vt 0.061499 0.327124
vt 0.061499 0.314502
vt 0.373999 0.061499
vt 0.361377 0.061499
vt 0.373999 0.048877
vt 0.139624 0.217749
vt 0.139624 0.205127
vt 0.127002 0.217749
vt 0.298877 0.233374
vt 0.311499 0.220752
vt 0.311499 0.233374
vt 0.345752 0.061499
vt 0.358374 0.061499
vt 0.358374 0.048877
vt 0.639624 0.952124
vt 0.634815 0.952124
vt 0.639624 0.939502
vt 0.217749 0.842749
vt 0.189502 0.842749
vt 0.217749 0.814502
vt 0.686499 0.467749
vt 0.686499 0.439502
vt 0.658252 0.467749
vt 0.319311 0.173877
vt 0.319311 0.186499
vt 0.314502 0.186499
vt 0.814502 0.842749
vt 0.827124 0.814502
vt 0.827124 0.842749
vt 0.642627 0.631811
vt 0.647436 0.631811
vt 0.647436 0.627002
vt 0.709936 0.686499
vt 0.705127 0.686499
vt 0.709936 0.681690
vt 0.233374 0.314502
vt 0.228565 0.327124
vt 0.233374 0.327124
vt 0.186499 0.373999
vt 0.181690 0.373999
vt 0.186499 0.361377
vt 0.688501 0.633814
vt 0.693310 0.633814
vt 0.688501 0.638623
vt 0.150440 0.280249
vt 0.155249 0.267627
vt 0.155249 0.280249
vt 0.741186 0.631811
vt 0.736377 0.631811
vt 0.741186 0.627002
vt 0.696314 0.630810
vt 0.696314 0.626001
vt 0.701123 0.626001
vt 0.736377 0.983374
vt 0.741186 0.970752
vt 0.741186 0.983374
vt 0.688501 0.630810
vt 0.693310 0.626001
vt 0.688501 0.626001
vt 0.663061 0.655249
vt 0.663061 0.650440
vt 0.658252 0.655249
vt 0.702124 0.631811
vt 0.702124 0.627002
vt 0.697315 0.631811
vt 0.694311 0.670874
vt 0.694311 0.666065
vt 0.689502 0.670874
vt 0.711939 0.633814
vt 0.716748 0.633814
vt 0.711939 0.638623
vt 0.725561 0.647436
vt 0.725561 0.642627
vt 0.720752 0.647436
vt 0.689502 0.663061
vt 0.694311 0.663061
vt 0.694311 0.658252
vt 0.327124 0.170874
vt 0.322315 0.170874
vt 0.327124 0.158252
vt 0.368189 0.138623
vt 0.372998 0.126001
vt 0.368189 0.126001
vt 0.360376 0.126001
vt 0.365185 0.126001
vt 0.360376 0.138623
vt 0.170874 0.330127
vt 0.166065 0.342749
vt 0.170874 0.342749
vt 0.694311 0.686499
vt 0.689502 0.686499
vt 0.694311 0.681690
vt 0.708935 0.633814
vt 0.704126 0.633814
vt 0.704126 0.638623
vt 0.256811 0.139624
vt 0.252002 0.139624
vt 0.256811 0.127002
vt 0.366186 0.127002
vt 0.366186 0.139624
vt 0.361377 0.139624
vt 0.780249 0.889624
vt 0.775440 0.889624
vt 0.780249 0.884815
vt 0.697315 0.639624
vt 0.702124 0.639624
vt 0.702124 0.634815
vt 0.350561 0.139624
vt 0.345752 0.139624
vt 0.350561 0.127002
vt 0.689502 0.639624
vt 0.694311 0.639624
vt 0.694311 0.634815
vt 0.889624 0.759815
vt 0.884815 0.764624
vt 0.889624 0.764624
vt 0.717749 0.681690
vt 0.717749 0.686499
vt 0.712940 0.686499
vt 0.736377 0.678686
vt 0.741186 0.678686
vt 0.741186 0.673877
vt 0.711939 0.626001
vt 0.716748 0.626001
vt 0.711939 0.630810
vt 0.708935 0.626001
vt 0.704126 0.626001
vt 0.704126 0.630810
vt 0.639624 0.655249
vt 0.634815 0.655249
vt 0.639624 0.650440
vt 0.642627 0.998999
vt 0.647436 0.998999
vt 0.647436 0.970752
vt 0.663061 0.634815
vt 0.663061 0.639624
vt 0.658252 0.639624
vt 0.294873 0.219751
vt 0.282251 0.232373
vt 0.282251 0.219751
vt 0.502002 0.061499
vt 0.530249 0.002002
vt 0.530249 0.061499
vt 0.358374 0.092749
vt 0.345752 0.092749
vt 0.358374 0.080127
vt 0.377002 0.623999
vt 0.436499 0.564502
vt 0.436499 0.623999
vt 0.022436 0.189502
vt 0.017627 0.248999
vt 0.022436 0.248999
vt 0.053686 0.248999
vt 0.048877 0.248999
vt 0.053686 0.189502
vt 0.919873 0.438501
vt 0.907251 0.438501
vt 0.907251 0.497998
vt 0.647436 0.655249
vt 0.642627 0.655249
vt 0.647436 0.650440
vt 0.725561 0.634815
vt 0.725561 0.639624
vt 0.720752 0.639624
vt 0.748999 0.627002
vt 0.748999 0.631811
vt 0.744190 0.631811
vt 0.352564 0.141626
vt 0.357373 0.141626
vt 0.352564 0.154248
vt 0.720752 0.952124
vt 0.725561 0.952124
vt 0.725561 0.939502
vt 0.358374 0.155249
vt 0.358374 0.142627
vt 0.353565 0.155249
vt 0.631811 0.663061
vt 0.627002 0.663061
vt 0.631811 0.658252
vt 0.202124 0.314502
vt 0.197315 0.327124
vt 0.202124 0.327124
vt 0.061499 0.908252
vt 0.061499 0.936499
vt 0.048877 0.936499
vt 0.694311 0.631811
vt 0.694311 0.627002
vt 0.689502 0.631811
vt 0.696314 0.649439
vt 0.696314 0.654248
vt 0.701123 0.649439
vt 0.483374 0.905249
vt 0.483374 0.877002
vt 0.470752 0.905249
vt 0.139624 0.342749
vt 0.134815 0.342749
vt 0.139624 0.330127
vt 0.639624 0.673877
vt 0.634815 0.678686
vt 0.639624 0.678686
vt 0.344751 0.141626
vt 0.344751 0.154248
vt 0.349560 0.141626
vt 0.147436 0.327124
vt 0.142627 0.327124
vt 0.147436 0.314502
vt 0.845752 0.881811
vt 0.873999 0.877002
vt 0.873999 0.881811
vt 0.678686 0.650440
vt 0.673877 0.655249
vt 0.678686 0.655249
vt 0.709936 0.634815
vt 0.709936 0.639624
vt 0.705127 0.639624
vt 0.709936 0.663061
vt 0.705127 0.663061
vt 0.709936 0.658252
vt 0.639624 0.666065
vt 0.634815 0.670874
vt 0.639624 0.670874
vt 0.295874 0.173877
vt 0.295874 0.186499
vt 0.291065 0.186499
vt 0.329126 0.141626
vt 0.341748 0.141626
vt 0.329126 0.154248
vt 0.420874 0.970752
vt 0.408252 0.998999
vt 0.420874 0.998999
vt 0.858374 0.717749
vt 0.858374 0.689502
vt 0.845752 0.717749
vt 0.694311 0.673877
vt 0.689502 0.678686
vt 0.694311 0.678686
vt 0.702124 0.655249
vt 0.697315 0.655249
vt 0.702124 0.650440
vt 0.330127 0.155249
vt 0.342749 0.142627
vt 0.342749 0.155249
vt 0.368189 0.141626
vt 0.368189 0.154248
vt 0.372998 0.141626
vt 0.178686 0.327124
vt 0.178686 0.314502
vt 0.173877 0.327124
vt 0.280249 0.217749
vt 0.280249 0.205127
vt 0.267627 0.217749
vt 0.623999 0.248999
vt 0.623999 0.189502
vt 0.595752 0.248999
vt 0.259815 0.186499
vt 0.264624 0.173877
vt 0.264624 0.186499
vt 0.920874 0.439502
vt 0.908252 0.498999
vt 0.920874 0.498999
vt 0.967749 0.623999
vt 0.967749 0.564502
vt 0.955127 0.623999
vt 0.705127 0.670874
vt 0.709936 0.666065
vt 0.709936 0.670874
vt 0.655249 0.655249
vt 0.655249 0.650440
vt 0.650440 0.655249
vt 0.748999 0.647436
vt 0.744190 0.647436
vt 0.748999 0.642627
vt 0.670874 0.642627
vt 0.666065 0.647436
vt 0.670874 0.647436
vt 0.709936 0.631811
vt 0.705127 0.631811
vt 0.709936 0.627002
vt 0.283252 0.233374
vt 0.295874 0.220752
vt 0.295874 0.233374
vt 0.712940 0.639624
vt 0.717749 0.634815
vt 0.717749 0.639624
vt 0.725561 0.631811
vt 0.725561 0.627002
vt 0.720752 0.631811
vt 0.733374 0.666065
vt 0.728565 0.670874
vt 0.733374 0.670874
vt 0.733374 0.686499
vt 0.728565 0.686499
vt 0.733374 0.681690
vt 0.631811 0.631811
vt 0.631811 0.627002
vt 0.627002 0.631811
vt 0.673877 0.686499
vt 0.678686 0.681690
vt 0.678686 0.686499
vt 0.688501 0.654248
vt 0.693310 0.649439
vt 0.688501 0.649439
vt 0.733374 0.631811
vt 0.728565 0.631811
vt 0.733374 0.627002
vt 0.373999 0.217749
vt 0.373999 0.205127
vt 0.361377 0.217749
vt 0.767627 0.905249
vt 0.772436 0.900440
vt 0.772436 0.905249
vt 0.350561 0.142627
vt 0.350561 0.155249
vt 0.345752 0.155249
vt 0.627002 0.647436
vt 0.631811 0.647436
vt 0.631811 0.642627
vt 0.686499 0.631811
vt 0.681690 0.631811
vt 0.686499 0.627002
vt 0.670874 0.639624
vt 0.666065 0.639624
vt 0.670874 0.634815
vt 0.814502 0.373999
vt 0.842749 0.373999
vt 0.842749 0.345752
vt 0.814502 0.655249
vt 0.827124 0.627002
vt 0.827124 0.655249
vt 0.108374 0.905249
vt 0.095752 0.905249
vt 0.108374 0.877002
vt 0.728565 0.663061
vt 0.733374 0.658252
vt 0.733374 0.663061
vt 0.696314 0.641626
vt 0.696314 0.646435
vt 0.701123 0.641626
vt 0.655249 0.842749
vt 0.642627 0.842749
vt 0.655249 0.814502
vt 0.241186 0.311499
vt 0.241186 0.298877
vt 0.236377 0.311499
vt 0.283252 0.139624
vt 0.288061 0.127002
vt 0.288061 0.139624
vt 0.077124 0.358374
vt 0.077124 0.345752
vt 0.064502 0.358374
vt 0.342749 0.170874
vt 0.342749 0.158252
vt 0.337940 0.170874
vt 0.631811 0.952124
vt 0.631811 0.939502
vt 0.627002 0.952124
vt 0.360376 0.141626
vt 0.360376 0.154248
vt 0.365185 0.141626
vt 0.561499 0.658252
vt 0.561499 0.686499
vt 0.533252 0.686499
vt 0.373999 0.186499
vt 0.369190 0.186499
vt 0.373999 0.173877
vt 0.170874 0.108374
vt 0.158252 0.108374
vt 0.170874 0.095752
vt 0.783252 0.748999
vt 0.795874 0.720752
vt 0.795874 0.748999
vt 0.366186 0.155249
vt 0.361377 0.155249
vt 0.366186 0.142627
vt 0.170874 0.248999
vt 0.170874 0.236377
vt 0.158252 0.248999
vt 0.061499 0.123999
vt 0.033252 0.123999
vt 0.061499 0.095752
vt 0.842749 0.717749
vt 0.830127 0.717749
vt 0.842749 0.689502
vt 0.205127 0.998999
vt 0.217749 0.998999
vt 0.217749 0.970752
vt 0.748999 0.811499
vt 0.736377 0.811499
vt 0.748999 0.783252
vt 0.873999 0.889624
vt 0.873999 0.884815
vt 0.845752 0.889624
vt 0.936499 0.655249
vt 0.936499 0.627002
vt 0.931690 0.655249
vt 0.873999 0.780249
vt 0.873999 0.752002
vt 0.861377 0.780249
vt 0.702124 0.642627
vt 0.702124 0.647436
vt 0.697315 0.647436
vt 0.873999 0.436499
vt 0.873999 0.408252
vt 0.845752 0.436499
vt 0.321314 0.126001
vt 0.326123 0.126001
vt 0.321314 0.138623
vt 0.780249 0.158252
vt 0.752002 0.186499
vt 0.780249 0.186499
vt 0.170874 0.217749
vt 0.158252 0.217749
vt 0.170874 0.205127
vt 0.634815 0.647436
vt 0.639624 0.642627
vt 0.639624 0.647436
vt 0.717749 0.678686
vt 0.717749 0.673877
vt 0.712940 0.678686
vt 0.905249 0.764624
vt 0.905249 0.759815
vt 0.900440 0.764624
vt 0.647436 0.647436
vt 0.647436 0.642627
vt 0.642627 0.647436
vt 0.814502 0.436499
vt 0.842749 0.436499
vt 0.842749 0.408252
vt 0.064502 0.280249
vt 0.077124 0.267627
vt 0.077124 0.280249
vt 0.728565 0.678686
vt 0.733374 0.673877
vt 0.733374 0.678686
vt 0.688501 0.641626
vt 0.693310 0.641626
vt 0.688501 0.646435
vt 0.811499 0.845752
vt 0.798877 0.873999
vt 0.811499 0.873999
vt 0.533252 0.655249
vt 0.561499 0.655249
vt 0.561499 0.627002
vt 0.845752 0.561499
vt 0.873999 0.561499
vt 0.873999 0.533252
vt 0.873999 0.061499
vt 0.845752 0.061499
vt 0.873999 0.033252
vt 0.264624 0.189502
vt 0.264624 0.202124
vt 0.252002 0.202124
vt 0.248999 0.220752
vt 0.248999 0.233374
vt 0.236377 0.233374
vt 0.311499 0.202124
vt 0.298877 0.202124
vt 0.311499 0.189502
vt 0.655249 0.561499
vt 0.627002 0.561499
vt 0.655249 0.533252
vt 0.767627 0.842749
vt 0.780249 0.842749
vt 0.780249 0.814502
vt 0.108374 0.280249
vt 0.108374 0.267627
vt 0.095752 0.280249
vt 0.841748 0.657251
vt 0.829126 0.685498
vt 0.829126 0.657251
vt 0.655249 0.595752
vt 0.655249 0.623999
vt 0.627002 0.623999
vt 0.810498 0.657251
vt 0.782251 0.657251
vt 0.782251 0.685498
vt 0.889624 0.030249
vt 0.877002 0.030249
vt 0.889624 0.002002
vt 0.595752 0.873999
vt 0.623999 0.873999
vt 0.623999 0.845752
vt 0.889624 0.186499
vt 0.877002 0.186499
vt 0.889624 0.158252
vt 0.533252 0.873999
vt 0.561499 0.845752
vt 0.561499 0.873999
vt 0.998999 0.342749
vt 0.998999 0.314502
vt 0.986377 0.342749
vt 0.306690 0.170874
vt 0.311499 0.158252
vt 0.311499 0.170874
vt 0.322315 0.186499
vt 0.327124 0.173877
vt 0.327124 0.186499
vt 0.877002 0.780249
vt 0.881811 0.775440
vt 0.881811 0.780249
vt 0.694311 0.647436
vt 0.694311 0.642627
vt 0.689502 0.647436
vt 0.663061 0.631811
vt 0.663061 0.627002
vt 0.658252 0.631811
vt 0.905249 0.220752
vt 0.905249 0.248999
vt 0.892627 0.248999
vt 0.311499 0.186499
vt 0.311499 0.173877
vt 0.306690 0.186499
vt 0.670874 0.845752
vt 0.670874 0.873999
vt 0.658252 0.873999
vt 0.842749 0.592749
vt 0.814502 0.592749
vt 0.842749 0.564502
vt 0.748999 0.502002
vt 0.720752 0.530249
vt 0.748999 0.530249
vt 0.358374 0.202124
vt 0.358374 0.189502
vt 0.345752 0.202124
vt 0.998999 0.123999
vt 0.998999 0.095752
vt 0.986377 0.123999
vt 0.311499 0.108374
vt 0.298877 0.108374
vt 0.311499 0.095752
vt 0.342749 0.248999
vt 0.330127 0.248999
vt 0.342749 0.236377
vt 0.830127 0.686499
vt 0.842749 0.686499
vt 0.842749 0.658252
vt 0.314502 0.217749
vt 0.327124 0.217749
vt 0.327124 0.205127
vt 0.327124 0.248999
vt 0.314502 0.248999
vt 0.327124 0.236377
vt 0.452124 0.998999
vt 0.439502 0.998999
vt 0.452124 0.970752
vt 0.408252 0.811499
vt 0.436499 0.783252
vt 0.436499 0.811499
vt 0.892627 0.280249
vt 0.905249 0.252002
vt 0.905249 0.280249
vt 0.827124 0.873999
vt 0.827124 0.845752
vt 0.814502 0.873999
vt 0.779248 0.657251
vt 0.751001 0.685498
vt 0.751001 0.657251
vt 0.782251 0.626001
vt 0.810498 0.626001
vt 0.782251 0.654248
vt 0.780249 0.686499
vt 0.780249 0.658252
vt 0.752002 0.686499
vt 0.405249 0.814502
vt 0.377002 0.842749
vt 0.405249 0.842749
vt 0.780249 0.498999
vt 0.752002 0.498999
vt 0.780249 0.470752
vt 0.248999 0.873999
vt 0.220752 0.873999
vt 0.248999 0.845752
vt 0.295874 0.236377
vt 0.283252 0.248999
vt 0.295874 0.248999
vt 0.826123 0.657251
vt 0.813501 0.657251
vt 0.813501 0.685498
vt 0.155249 0.030249
vt 0.155249 0.017627
vt 0.142627 0.030249
vt 0.845752 0.873999
vt 0.858374 0.873999
vt 0.858374 0.845752
vt 0.498999 0.752002
vt 0.470752 0.780249
vt 0.498999 0.780249
vt 0.827124 0.686499
vt 0.827124 0.658252
vt 0.814502 0.686499
vt 0.373999 0.780249
vt 0.373999 0.752002
vt 0.345752 0.780249
vt 0.872998 0.657251
vt 0.860376 0.657251
vt 0.860376 0.685498
vt 0.811499 0.623999
vt 0.811499 0.595752
vt 0.783252 0.623999
vt 0.533252 0.780249
vt 0.561499 0.752002
vt 0.561499 0.780249
vt 0.861377 0.686499
vt 0.873999 0.686499
vt 0.873999 0.658252
vt 0.061499 0.092749
vt 0.033252 0.092749
vt 0.061499 0.064502
vt 0.844751 0.657251
vt 0.844751 0.685498
vt 0.857373 0.657251
vt 0.936499 0.061499
vt 0.923877 0.061499
vt 0.936499 0.033252
vt 0.779248 0.626001
vt 0.766626 0.654248
vt 0.766626 0.626001
vt 0.595752 0.780249
vt 0.623999 0.780249
vt 0.623999 0.752002
vt 0.326123 0.141626
vt 0.313501 0.154248
vt 0.313501 0.141626
vt 0.205127 0.248999
vt 0.217749 0.236377
vt 0.217749 0.248999
vt 0.811499 0.748999
vt 0.811499 0.720752
vt 0.798877 0.748999
vt 0.751001 0.626001
vt 0.763623 0.626001
vt 0.751001 0.654248
vt 0.373999 0.842749
vt 0.345752 0.842749
vt 0.373999 0.814502
vt 0.498999 0.873999
vt 0.498999 0.845752
vt 0.470752 0.873999
vt 0.236377 0.030249
vt 0.248999 0.030249
vt 0.248999 0.017627
vt 0.764624 0.720752
vt 0.764624 0.748999
vt 0.752002 0.748999
vt 0.327124 0.155249
vt 0.314502 0.155249
vt 0.327124 0.142627
vt 0.780249 0.592749
vt 0.752002 0.592749
vt 0.780249 0.564502
vt 0.533252 0.717749
vt 0.561499 0.717749
vt 0.561499 0.689502
vt 0.873999 0.623999
vt 0.845752 0.623999
vt 0.873999 0.595752
vt 0.092749 0.002002
vt 0.092749 0.030249
vt 0.064502 0.030249
vt 0.030249 0.092749
vt 0.002002 0.092749
vt 0.030249 0.064502
vt 0.595752 0.811499
vt 0.623999 0.811499
vt 0.623999 0.783252
vt 0.280249 0.080127
vt 0.280249 0.092749
vt 0.267627 0.092749
vt 0.358374 0.108374
vt 0.358374 0.095752
vt 0.345752 0.108374
vt 0.702124 0.752002
vt 0.702124 0.780249
vt 0.689502 0.780249
vt 0.780249 0.748999
vt 0.767627 0.748999
vt 0.780249 0.720752
vt 0.748999 0.842749
vt 0.748999 0.814502
vt 0.736377 0.842749
vt 0.329126 0.138623
vt 0.341748 0.126001
vt 0.329126 0.126001
vt 0.264624 0.064502
vt 0.264624 0.077124
vt 0.252002 0.077124
vt 0.373999 0.030249
vt 0.373999 0.017627
vt 0.361377 0.030249
vt 0.264624 0.233374
vt 0.252002 0.233374
vt 0.264624 0.220752
vt 0.311499 0.061499
vt 0.311499 0.048877
vt 0.298877 0.061499
vt 0.327124 0.233374
vt 0.327124 0.220752
vt 0.314502 0.233374
vt 0.861377 0.655249
vt 0.873999 0.655249
vt 0.873999 0.627002
vt 0.564502 0.842749
vt 0.592749 0.842749
vt 0.592749 0.814502
vt 0.295874 0.045874
vt 0.295874 0.033252
vt 0.283252 0.045874
vt 0.283252 0.014624
vt 0.295874 0.002002
vt 0.295874 0.014624
vt 0.327124 0.202124
vt 0.327124 0.189502
vt 0.314502 0.202124
vt 0.780249 0.655249
vt 0.767627 0.655249
vt 0.780249 0.627002
vt 0.830127 0.655249
vt 0.842749 0.655249
vt 0.842749 0.627002
vt 0.014624 0.155249
vt 0.014624 0.142627
vt 0.002002 0.155249
vt 0.783252 0.686499
vt 0.811499 0.658252
vt 0.811499 0.686499
vt 0.717749 0.783252
vt 0.705127 0.811499
vt 0.717749 0.811499
vt 0.123999 0.295874
vt 0.123999 0.283252
vt 0.111377 0.295874
vt 0.186499 0.220752
vt 0.173877 0.233374
vt 0.186499 0.233374
vt 0.858374 0.655249
vt 0.858374 0.627002
vt 0.845752 0.655249
vt 0.764624 0.655249
vt 0.764624 0.627002
vt 0.752002 0.655249
vt 0.327124 0.061499
vt 0.314502 0.061499
vt 0.327124 0.048877
vt 0.908252 0.561499
vt 0.920874 0.502002
vt 0.920874 0.561499
vt 0.736377 0.655249
vt 0.741186 0.655249
vt 0.741186 0.650440
vt 0.264624 0.248999
vt 0.252002 0.248999
vt 0.264624 0.236377
vt 0.178686 0.298877
vt 0.173877 0.311499
vt 0.178686 0.311499
vt 0.209936 0.373999
vt 0.205127 0.373999
vt 0.209936 0.361377
vt 0.639624 0.634815
vt 0.639624 0.639624
vt 0.634815 0.639624
vt 0.702124 0.658252
vt 0.702124 0.663061
vt 0.697315 0.663061
vt 0.686499 0.673877
vt 0.686499 0.678686
vt 0.681690 0.678686
vt 0.717749 0.627002
vt 0.717749 0.631811
vt 0.712940 0.631811
vt 0.330127 0.233374
vt 0.342749 0.233374
vt 0.342749 0.220752
vt 0.061499 0.845752
vt 0.061499 0.873999
vt 0.033252 0.873999
vt 0.639624 0.998999
vt 0.634815 0.998999
vt 0.639624 0.970752
vt 0.467749 0.377002
vt 0.439502 0.436499
vt 0.467749 0.436499
vt 0.467749 0.842749
vt 0.439502 0.842749
vt 0.467749 0.814502
vt 0.373999 0.080127
vt 0.373999 0.092749
vt 0.361377 0.092749
vt 0.564502 0.811499
vt 0.592749 0.783252
vt 0.592749 0.811499
vt 0.342749 0.127002
vt 0.342749 0.139624
vt 0.330127 0.139624
vt 0.108374 0.936499
vt 0.095752 0.936499
vt 0.108374 0.908252
vt 0.795874 0.780249
vt 0.783252 0.780249
vt 0.795874 0.752002
vt 0.564502 0.686499
vt 0.592749 0.686499
vt 0.592749 0.658252
vt 0.373999 0.564502
vt 0.345752 0.623999
vt 0.373999 0.623999
vt 0.655249 0.681690
vt 0.655249 0.686499
vt 0.650440 0.686499
vt 0.689502 0.655249
vt 0.694311 0.650440
vt 0.694311 0.655249
vt 0.373999 0.155249
vt 0.369190 0.155249
vt 0.373999 0.142627
vt 0.717749 0.670874
vt 0.717749 0.666065
vt 0.712940 0.670874
vt 0.264624 0.030249
vt 0.252002 0.030249
vt 0.264624 0.017627
vt 0.313501 0.126001
vt 0.313501 0.138623
vt 0.318310 0.126001
vt 0.702124 0.908252
vt 0.702124 0.936499
vt 0.697315 0.936499
vt 0.873999 0.405249
vt 0.845752 0.405249
vt 0.873999 0.377002
vt 0.319311 0.127002
vt 0.319311 0.139624
vt 0.314502 0.139624
vt 0.783252 0.655249
vt 0.811499 0.655249
vt 0.811499 0.627002
vt 0.709936 0.986377
vt 0.709936 0.998999
vt 0.705127 0.998999
vt 0.314502 0.108374
vt 0.327124 0.095752
vt 0.327124 0.108374
vt 0.681690 0.647436
vt 0.686499 0.647436
vt 0.686499 0.642627
vt 0.358374 0.186499
vt 0.353565 0.186499
vt 0.358374 0.173877
vt 0.728565 0.655249
vt 0.733374 0.655249
vt 0.733374 0.650440
vt 0.748999 0.639624
vt 0.748999 0.634815
vt 0.744190 0.639624
vt 0.658252 0.952124
vt 0.663061 0.939502
vt 0.663061 0.952124
vt 0.733374 0.647436
vt 0.728565 0.647436
vt 0.733374 0.642627
vt 0.358374 0.002002
vt 0.345752 0.014624
vt 0.358374 0.014624
vt 0.319311 0.170874
vt 0.319311 0.158252
vt 0.314502 0.170874
vt 0.108374 0.283252
vt 0.095752 0.295874
vt 0.108374 0.295874
vt 0.131811 0.358374
vt 0.127002 0.358374
vt 0.131811 0.345752
vt 0.358374 0.077124
vt 0.345752 0.077124
vt 0.358374 0.064502
vt 0.720752 0.811499
vt 0.733374 0.811499
vt 0.733374 0.783252
vt 0.994190 0.748999
vt 0.998999 0.748999
vt 0.998999 0.720752
vt 0.264624 0.908252
vt 0.264624 0.936499
vt 0.252002 0.936499
vt 0.502002 0.842749
vt 0.530249 0.842749
vt 0.530249 0.814502
vt 0.147436 0.267627
vt 0.147436 0.280249
vt 0.142627 0.280249
vt 0.861377 0.717749
vt 0.873999 0.689502
vt 0.873999 0.717749
vt 0.373999 0.127002
vt 0.373999 0.139624
vt 0.369190 0.139624
vt 0.217749 0.345752
vt 0.212940 0.358374
vt 0.217749 0.358374
vt 0.741186 0.642627
vt 0.741186 0.647436
vt 0.736377 0.647436
vt 0.873999 0.811499
vt 0.873999 0.783252
vt 0.861377 0.811499
vt 0.158252 0.998999
vt 0.170874 0.970752
vt 0.170874 0.998999
vt 0.783252 0.873999
vt 0.795874 0.873999
vt 0.795874 0.845752
vt 0.678686 0.939502
vt 0.673877 0.952124
vt 0.678686 0.952124
vt 0.202124 0.280249
vt 0.197315 0.280249
vt 0.202124 0.267627
vt 0.217749 0.330127
vt 0.212940 0.342749
vt 0.217749 0.342749
vt 0.967749 0.123999
vt 0.967749 0.095752
vt 0.955127 0.123999
vt 0.889624 0.561499
vt 0.889624 0.502002
vt 0.877002 0.561499
vt 0.952124 0.564502
vt 0.952124 0.623999
vt 0.939502 0.623999
vt 0.689502 0.983374
vt 0.694311 0.970752
vt 0.694311 0.983374
vt 0.373999 0.158252
vt 0.369190 0.170874
vt 0.373999 0.170874
vt 0.327124 0.127002
vt 0.322315 0.139624
vt 0.327124 0.139624
vt 0.845752 0.686499
vt 0.858374 0.686499
vt 0.858374 0.658252
vt 0.655249 0.970752
vt 0.650440 0.998999
vt 0.655249 0.998999
vt 0.530249 0.780249
vt 0.502002 0.780249
vt 0.530249 0.752002
vt 0.811499 0.311499
vt 0.811499 0.283252
vt 0.783252 0.311499
vt 0.030249 0.908252
vt 0.030249 0.936499
vt 0.017627 0.936499
vt 0.655249 0.780249
vt 0.655249 0.752002
vt 0.642627 0.780249
vt 0.311499 0.236377
vt 0.311499 0.248999
vt 0.298877 0.248999
vt 0.108374 0.264624
vt 0.108374 0.252002
vt 0.095752 0.264624
vt 0.264624 0.158252
vt 0.264624 0.170874
vt 0.259815 0.170874
vt 0.264624 0.048877
vt 0.252002 0.061499
vt 0.264624 0.061499
vt 0.139624 0.248999
vt 0.139624 0.236377
vt 0.127002 0.248999
vt 0.881811 0.720752
vt 0.877002 0.748999
vt 0.881811 0.748999
vt 0.748999 0.936499
vt 0.748999 0.908252
vt 0.744190 0.936499
vt 0.264624 0.905249
vt 0.252002 0.905249
vt 0.264624 0.877002
vt 0.014624 0.267627
vt 0.002002 0.280249
vt 0.014624 0.280249
vt 0.225561 0.342749
vt 0.220752 0.342749
vt 0.225561 0.330127
vt 0.764624 0.811499
vt 0.764624 0.783252
vt 0.752002 0.811499
vt 0.342749 0.095752
vt 0.330127 0.108374
vt 0.342749 0.108374
s 0
f 3/1/1 4/2/1 2/3/1
f 8/4/2 9/5/2 7/6/2
f 8/7/3 7/8/3 6/9/3
f 10/10/4 9/11/4 8/12/4
f 14/13/5 13/14/5 4/15/5
f 7/16/6 16/17/6 15/18/6
f 9/19/7 17/20/7 16/21/7
f 9/22/7 16/23/7 7/24/7
f 21/25/8 22/26/8 20/27/8
f 21/28/8 20/29/8 19/30/8
f 23/31/9 24/32/9 22/33/9
f 23/34/10 22/35/10 21/36/10
f 25/37/11 26/38/11 23/39/11
f 26/40/12 24/41/12 23/42/12
f 27/43/13 28/44/13 25/45/13
f 28/46/13 26/47/13 25/48/13
f 20/49/14 30/50/14 29/51/14
f 22/52/15 31/53/15 30/54/15
f 22/55/15 30/56/15 20/57/15
f 24/58/16 32/59/16 31/60/16
f 24/61/16 31/62/16 22/63/16
f 26/64/17 33/65/17 24/66/17
f 33/67/17 32/68/17 24/69/17
f 28/70/18 34/71/18 26/72/18
f 34/73/18 33/74/18 26/75/18
f 35/76/19 34/77/19 28/78/19
f 1/79/20 29/80/20 36/81/20
f 30/82/21 37/83/21 36/84/21
f 30/85/21 36/86/21 29/87/21
f 31/88/22 38/89/22 37/90/22
f 31/91/22 37/92/22 30/93/22
f 32/94/23 39/95/23 38/96/23
f 32/97/23 38/98/23 31/99/23
f 33/100/24 40/101/24 32/102/24
f 40/103/24 39/104/24 32/105/24
f 34/106/25 41/107/25 33/108/25
f 41/109/25 40/110/25 33/111/25
f 35/112/26 42/113/26 34/114/26
f 42/115/26 41/116/26 34/117/26
f 42/118/27 35/119/27 11/120/27
f 45/121/28 21/122/28 19/123/28
f 45/124/28 19/125/28 44/126/28
f 46/127/29 23/128/29 21/129/29
f 46/130/29 21/131/29 45/132/29
f 47/133/30 25/134/30 46/135/30
f 25/136/31 23/137/31 46/138/31
f 48/139/32 27/140/32 47/141/32
f 27/142/32 25/143/32 47/144/32
f 1/145/33 12/146/33 43/147/33
f 13/148/34 44/149/34 12/150/34
f 44/151/35 43/152/35 12/153/35
f 14/154/36 45/155/36 13/156/36
f 45/157/36 44/158/36 13/159/36
f 15/160/37 46/161/37 14/162/37
f 46/163/37 45/164/37 14/165/37
f 16/166/38 47/167/38 46/168/38
f 16/169/38 46/170/38 15/171/38
f 17/172/39 48/173/39 47/174/39
f 17/175/39 47/176/39 16/177/39
f 18/178/40 49/179/40 48/180/40
f 18/181/40 48/182/40 17/183/40
f 49/184/41 18/185/41 11/186/41
f 50/187/42 51/188/42 52/189/42
f 53/190/43 54/191/43 52/192/43
f 53/193/43 52/194/43 51/195/43
f 55/196/44 56/197/44 54/198/44
f 55/199/44 54/200/44 53/201/44
f 57/202/45 58/203/45 56/204/45
f 57/205/45 56/206/45 55/207/45
f 59/208/46 60/209/46 57/210/46
f 60/211/46 58/212/46 57/213/46
f 61/214/47 62/215/47 59/216/47
f 62/217/47 60/218/47 59/219/47
f 63/220/48 64/221/48 61/222/48
f 64/223/48 62/224/48 61/225/48
f 64/226/49 63/227/49 65/228/49
f 50/229/50 52/230/50 66/231/50
f 54/232/51 67/233/51 52/234/51
f 67/235/51 66/236/51 52/237/51
f 56/238/52 68/239/52 54/240/52
f 68/241/52 67/242/52 54/243/52
f 58/244/53 69/245/53 56/246/53
f 69/247/53 68/248/53 56/249/53
f 60/250/54 70/251/54 69/252/54
f 60/253/55 69/254/55 58/255/55
f 62/256/56 71/257/56 70/258/56
f 62/259/56 70/260/56 60/261/56
f 64/262/57 72/263/57 71/264/57
f 64/265/57 71/266/57 62/267/57
f 72/268/58 64/269/58 65/270/58
f 74/271/59 55/272/59 73/273/59
f 55/274/59 53/275/59 73/276/59
f 75/277/60 57/278/60 74/279/60
f 57/280/60 55/281/60 74/282/60
f 76/283/61 59/284/61 57/285/61
f 76/286/61 57/287/61 75/288/61
f 77/289/62 61/290/62 59/291/62
f 77/292/63 59/293/63 76/294/63
f 78/295/64 77/296/64 76/297/64
f 79/298/65 77/299/65 78/300/65
f 50/301/66 66/302/66 80/303/66
f 67/304/67 81/305/67 80/306/67
f 67/307/67 80/308/67 66/309/67
f 68/310/68 82/311/68 81/312/68
f 68/313/68 81/314/68 67/315/68
f 69/316/69 83/317/69 82/318/69
f 69/319/69 82/320/69 68/321/69
f 70/322/70 84/323/70 69/324/70
f 84/325/70 83/326/70 69/327/70
f 71/328/71 85/329/71 70/330/71
f 85/331/71 84/332/71 70/333/71
f 72/334/72 86/335/72 71/336/72
f 86/337/72 85/338/72 71/339/72
f 86/340/73 72/341/73 65/342/73
f 50/343/74 80/344/74 87/345/74
f 81/346/75 88/347/75 87/348/75
f 81/349/75 87/350/75 80/351/75
f 82/352/76 89/353/76 88/354/76
f 82/355/76 88/356/76 81/357/76
f 83/358/77 90/359/77 89/360/77
f 83/361/77 89/362/77 82/363/77
f 84/364/78 91/365/78 83/366/78
f 91/367/78 90/368/78 83/369/78
f 85/370/79 92/371/79 84/372/79
f 92/373/79 91/374/79 84/375/79
f 86/376/80 93/377/80 85/378/80
f 93/379/80 92/380/80 85/381/80
f 93/382/81 86/383/81 65/384/81
f 50/385/82 87/386/82 94/387/82
f 88/388/83 95/389/83 94/390/83
f 88/391/83 94/392/83 87/393/83
f 89/394/84 96/395/84 95/396/84
f 89/397/84 95/398/84 88/399/84
f 90/400/85 96/401/85 89/402/85
f 91/403/86 97/404/86 90/405/86
f 92/406/87 98/407/87 91/408/87
f 98/409/87 97/410/87 91/411/87
f 93/412/88 99/413/88 92/414/88
f 99/415/89 98/416/89 92/417/89
f 99/418/90 93/419/90 65/420/90
f 94/421/91 100/422/91 101/423/91
f 94/424/92 101/425/92 50/426/92
f 95/427/93 102/428/93 100/429/93
f 95/430/94 100/431/94 94/432/94
f 96/433/95 103/434/95 102/435/95
f 96/436/96 102/437/96 95/438/96
f 98/439/97 105/440/97 97/441/97
f 105/442/98 104/443/98 97/444/98
f 99/445/99 106/446/99 98/447/99
f 106/448/100 105/449/100 98/450/100
f 65/451/101 107/452/101 99/453/101
f 107/454/102 106/455/102 99/456/102
f 107/457/103 65/458/103 108/459/103
f 65/460/104 79/461/104 108/462/104
f 100/463/105 109/464/105 110/465/105
f 100/466/106 110/467/106 101/468/106
f 102/469/107 109/470/107 100/471/107
f 106/472/108 112/473/108 105/474/108
f 107/475/109 113/476/109 106/477/109
f 113/478/110 112/479/110 106/480/110
f 128/481/111 129/482/111 127/483/111
f 125/484/112 124/485/112 129/486/112
f 125/487/113 129/488/113 128/489/113
f 36/490/114 118/491/114 1/492/114
f 42/493/115 128/494/115 41/495/115
f 11/496/116 125/497/116 42/498/116
f 125/499/117 128/500/117 42/501/117
f 129/502/118 115/503/118 127/504/118
f 109/505/119 116/506/119 110/507/119
f 116/508/120 117/509/120 110/510/120
f 119/511/121 116/512/121 109/513/121
f 112/514/122 123/515/122 122/516/122
f 113/517/123 124/518/123 123/519/123
f 113/520/124 123/521/124 112/522/124
f 1/523/125 2/524/125 12/525/125
f 4/526/126 13/527/126 2/528/126
f 13/529/127 12/530/127 2/531/127
f 10/532/128 17/533/128 9/534/128
f 18/535/129 10/536/129 11/537/129
f 10/538/130 18/539/130 17/540/130
f 1/541/131 43/542/131 29/543/131
f 19/544/132 20/545/132 29/546/132
f 44/547/133 19/548/133 29/549/133
f 44/550/134 29/551/134 43/552/134
f 35/553/135 27/554/135 48/555/135
f 35/556/136 28/557/136 27/558/136
f 35/559/137 49/560/137 11/561/137
f 49/562/138 35/563/138 48/564/138
f 73/565/139 53/566/139 51/567/139
f 63/568/140 61/569/140 77/570/140
f 79/571/141 63/572/141 77/573/141
f 63/574/142 79/575/142 65/576/142
f 108/577/143 79/578/143 78/579/143
f 108/580/144 78/581/144 115/582/144
f 129/583/145 108/584/145 115/585/145
f 113/586/146 107/587/146 108/588/146
f 124/589/147 113/590/147 108/591/147
f 124/592/148 108/593/148 129/594/148
f 39/595/149 126/596/149 38/597/149
f 128/598/150 127/599/150 41/600/150
f 41/601/151 127/602/151 40/603/151
f 116/604/152 2/605/152 117/606/152
f 2/607/153 118/608/153 117/609/153
f 2/610/154 1/611/154 118/612/154
f 119/613/155 3/614/155 116/615/155
f 3/616/156 2/617/156 116/618/156
f 120/619/157 5/620/157 119/621/157
f 5/622/158 3/623/158 119/624/158
f 122/625/159 6/626/159 121/627/159
f 122/628/160 8/629/160 6/630/160
f 123/631/161 8/632/161 122/633/161
f 123/634/162 10/635/162 8/636/162
f 124/637/163 10/638/163 123/639/163
f 124/640/164 125/641/164 10/642/164
f 125/643/165 11/644/165 10/645/165
f 102/646/166 119/647/166 109/648/166
f 103/649/167 119/650/167 102/651/167
f 103/652/168 120/653/168 119/654/168
f 105/655/169 122/656/169 104/657/169
f 112/658/170 122/659/170 105/660/170
f 122/661/171 121/662/171 104/663/171
f 75/664/172 74/665/172 114/666/172
f 134/667/173 126/668/173 135/669/173
f 137/670/174 39/671/174 138/672/174
f 142/673/175 127/674/175 143/675/175
f 130/676/176 131/677/176 150/678/176
f 151/679/177 150/680/177 131/681/177
f 131/682/178 132/683/178 151/684/178
f 152/685/179 151/686/179 132/687/179
f 132/688/180 133/689/180 152/690/180
f 133/691/181 134/692/181 152/693/181
f 153/694/182 152/695/182 134/696/182
f 134/697/183 135/698/183 153/699/183
f 154/700/184 153/701/184 135/702/184
f 135/703/185 136/704/185 154/705/185
f 136/706/186 137/707/186 154/708/186
f 142/709/187 143/710/187 155/711/187
f 143/712/188 144/713/188 155/714/188
f 156/715/189 155/716/189 144/717/189
f 144/718/190 145/719/190 156/720/190
f 145/721/191 146/722/191 156/723/191
f 157/724/192 156/725/192 146/726/192
f 146/727/193 147/728/193 157/729/193
f 150/730/194 151/731/194 160/732/194
f 160/733/195 159/734/195 150/735/195
f 151/736/196 152/737/196 161/738/196
f 161/739/197 160/740/197 151/741/197
f 152/742/198 153/743/198 162/744/198
f 162/745/199 161/746/199 152/747/199
f 153/748/200 154/749/200 163/750/200
f 163/751/201 162/752/201 153/753/201
f 165/754/202 158/755/202 176/756/202
f 166/757/203 176/758/203 158/759/203
f 158/760/204 159/761/204 167/762/204
f 167/763/205 166/764/205 158/765/205
f 159/766/206 160/767/206 168/768/206
f 168/769/207 167/770/207 159/771/207
f 160/772/208 161/773/208 168/774/208
f 169/775/209 168/776/209 161/777/209
f 161/778/210 162/779/210 169/780/210
f 170/781/211 169/782/211 162/783/211
f 162/784/212 163/785/212 170/786/212
f 171/787/213 170/788/213 163/789/213
f 176/790/214 166/791/214 193/792/214
f 177/793/215 193/794/215 166/795/215
f 166/796/216 167/797/216 178/798/216
f 178/799/217 177/800/217 166/801/217
f 169/802/218 170/803/218 179/804/218
f 180/805/219 179/806/219 170/807/219
f 170/808/220 171/809/220 180/810/220
f 171/811/221 172/812/221 181/813/221
f 182/814/222 181/815/222 172/816/222
f 183/817/223 182/818/223 172/819/223
f 173/820/224 174/821/224 188/822/224
f 188/823/225 187/824/225 173/825/225
f 189/826/226 188/827/226 174/828/226
f 190/829/227 189/830/227 175/831/227
f 193/832/228 192/833/228 176/834/228
f 193/835/229 177/836/229 205/837/229
f 194/838/230 205/839/230 177/840/230
f 181/841/231 182/842/231 196/843/231
f 197/844/232 196/845/232 182/846/232
f 182/847/233 183/848/233 198/849/233
f 198/850/234 197/851/234 182/852/234
f 183/853/235 184/854/235 199/855/235
f 199/856/236 198/857/236 183/858/236
f 184/859/237 185/860/237 199/861/237
f 200/862/237 199/863/237 185/864/237
f 185/865/238 186/866/238 201/867/238
f 201/868/239 200/869/239 185/870/239
f 186/871/240 187/872/240 202/873/240
f 202/874/240 201/875/240 186/876/240
f 187/877/241 188/878/241 203/879/241
f 203/880/241 202/881/241 187/882/241
f 189/883/242 190/884/242 204/885/242
f 205/886/243 194/887/243 211/888/243
f 198/889/244 199/890/244 206/891/244
f 199/892/245 200/893/245 207/894/245
f 207/895/246 206/896/246 199/897/246
f 200/898/247 201/899/247 208/900/247
f 208/901/248 207/902/248 200/903/248
f 201/904/249 202/905/249 209/906/249
f 209/907/250 208/908/250 201/909/250
f 202/910/251 203/911/251 210/912/251
f 210/913/252 209/914/252 202/915/252
f 206/916/253 207/917/253 212/918/253
f 213/919/254 212/920/254 207/921/254
f 207/922/255 208/923/255 214/924/255
f 214/925/256 213/926/256 207/927/256
f 208/928/257 209/929/257 214/930/257
f 215/931/258 214/932/258 209/933/258
f 209/934/259 210/935/259 216/936/259
f 216/937/260 215/938/260 209/939/260
f 212/940/261 213/941/261 218/942/261
f 219/943/262 218/944/262 213/945/262
f 213/946/263 214/947/263 220/948/263
f 220/949/264 219/950/264 213/951/264
f 214/952/265 215/953/265 221/954/265
f 221/955/266 220/956/266 214/957/266
f 215/958/267 216/959/267 222/960/267
f 222/961/268 221/962/268 215/963/268
f 218/964/269 219/965/269 223/966/269
f 224/967/270 223/968/270 219/969/270
f 219/970/271 220/971/271 225/972/271
f 225/973/272 224/974/272 219/975/272
f 220/976/273 221/977/273 225/978/273
f 226/979/274 225/980/274 221/981/274
f 221/982/275 222/983/275 226/984/275
f 227/985/276 226/986/276 222/987/276
f 225/988/277 226/989/277 228/990/277
f 229/991/278 228/992/278 226/993/278
f 226/994/279 227/995/279 229/996/279
f 230/997/280 229/998/280 227/999/280
f 228/1000/281 229/1001/281 231/1002/281
f 229/1003/282 230/1004/282 232/1005/282
f 232/1006/283 231/1007/283 229/1008/283
f 130/1009/284 75/1010/284 131/1011/284
f 114/1012/284 132/1013/284 131/1014/284
f 75/1015/284 114/1016/284 131/1017/284
f 132/1018/285 114/1019/285 133/1020/285
f 126/1021/285 134/1022/285 133/1023/285
f 114/1024/285 126/1025/285 133/1026/285
f 135/1027/286 126/1028/286 136/1029/286
f 39/1030/286 137/1031/286 136/1032/286
f 126/1033/286 39/1034/286 136/1035/286
f 138/1036/287 39/1037/287 139/1038/287
f 40/1039/287 140/1040/287 139/1041/287
f 39/1042/287 40/1043/287 139/1044/287
f 140/1045/288 40/1046/288 141/1047/288
f 127/1048/288 142/1049/288 141/1050/288
f 40/1051/288 127/1052/288 141/1053/288
f 143/1054/289 127/1055/289 144/1056/289
f 115/1057/289 145/1058/289 144/1059/289
f 127/1060/289 115/1061/289 144/1062/289
f 78/1063/290 146/1064/290 145/1065/290
f 145/1066/290 115/1067/290 78/1068/290
f 146/1069/291 78/1070/291 147/1071/291
f 76/1072/291 148/1073/291 147/1074/291
f 78/1075/291 76/1076/291 147/1077/291
f 75/1078/292 130/1079/292 149/1080/292
f 148/1081/293 76/1082/293 149/1083/293
f 76/1084/294 75/1085/294 149/1086/294
f 184/1087/295 183/1088/295 172/1089/295
f 234/1090/296 228/1091/296 235/1092/296
f 236/1093/297 231/1094/297 237/1095/297
f 237/1096/298 231/1097/298 238/1098/298
f 239/1099/299 232/1100/299 240/1101/299
f 240/1102/300 232/1103/300 241/1104/300
f 245/1105/301 223/1106/301 246/1107/301
f 246/1108/302 223/1109/302 247/1110/302
f 248/1111/303 250/1112/303 247/1113/303
f 247/1114/304 250/1115/304 246/1116/304
f 246/1117/305 250/1118/305 245/1119/305
f 236/1120/306 251/1121/306 235/1122/306
f 250/1123/307 234/1124/307 251/1125/307
f 235/1126/308 251/1127/308 234/1128/308
f 239/1129/309 253/1130/309 238/1131/309
f 238/1132/310 253/1133/310 237/1134/310
f 237/1135/311 253/1136/311 236/1137/311
f 251/1138/312 236/1139/312 253/1140/312
f 254/1141/313 249/1142/313 255/1143/313
f 257/1144/314 240/1145/314 241/1146/314
f 255/1147/315 259/1148/315 254/1149/315
f 253/1150/316 260/1151/316 251/1152/316
f 261/1153/317 255/1154/317 252/1155/317
f 252/1156/318 262/1157/318 261/1158/318
f 262/1159/319 256/1160/319 261/1161/319
f 252/1162/320 263/1163/320 262/1164/320
f 264/1165/321 260/1166/321 253/1167/321
f 257/1168/322 264/1169/322 240/1170/322
f 240/1171/323 264/1172/323 239/1173/323
f 253/1174/324 239/1175/324 264/1176/324
f 264/1177/325 265/1178/325 260/1179/325
f 261/1180/326 256/1181/326 265/1182/326
f 260/1183/327 265/1184/327 256/1185/327
f 265/1186/328 264/1187/328 259/1188/328
f 261/1189/329 265/1190/329 255/1191/329
f 259/1192/330 255/1193/330 265/1194/330
f 225/1195/331 228/1196/331 234/1197/331
f 228/1198/332 231/1199/332 236/1200/332
f 235/1201/333 228/1202/333 236/1203/333
f 232/1204/334 239/1205/334 238/1206/334
f 238/1207/335 231/1208/335 232/1209/335
f 241/1210/336 232/1211/336 230/1212/336
f 223/1213/337 245/1214/337 244/1215/337
f 218/1216/338 223/1217/338 244/1218/338
f 224/1219/339 248/1220/339 247/1221/339
f 247/1222/340 223/1223/340 224/1224/340
f 248/1225/341 224/1226/341 233/1227/341
f 234/1228/342 250/1229/342 233/1230/342
f 233/1231/343 224/1232/343 234/1233/343
f 224/1234/344 225/1235/344 234/1236/344
f 233/1237/345 250/1238/345 248/1239/345
f 266/1240/346 50/1241/346 267/1242/346
f 270/1243/347 117/1244/347 271/1245/347
f 272/1246/348 118/1247/348 273/1248/348
f 281/1249/349 114/1250/349 282/1251/349
f 282/1252/350 114/1253/350 283/1254/350
f 285/1255/351 73/1256/351 286/1257/351
f 288/1258/352 266/1259/352 305/1260/352
f 289/1261/353 305/1262/353 266/1263/353
f 266/1264/354 267/1265/354 289/1266/354
f 290/1267/355 289/1268/355 267/1269/355
f 267/1270/356 268/1271/356 290/1272/356
f 268/1273/357 269/1274/357 290/1275/357
f 291/1276/358 290/1277/358 269/1278/358
f 269/1279/359 270/1280/359 291/1281/359
f 270/1282/360 271/1283/360 291/1284/360
f 292/1285/361 291/1286/361 271/1287/361
f 271/1288/362 272/1289/362 292/1290/362
f 293/1291/363 292/1292/363 272/1293/363
f 272/1294/364 273/1295/364 293/1296/364
f 294/1297/365 293/1298/365 273/1299/365
f 273/1300/366 274/1301/366 294/1302/366
f 295/1303/367 294/1304/367 274/1305/367
f 274/1306/368 275/1307/368 295/1308/368
f 296/1309/369 295/1310/369 275/1311/369
f 275/1312/370 276/1313/370 296/1314/370
f 276/1315/371 277/1316/371 296/1317/371
f 297/1318/372 296/1319/372 277/1320/372
f 277/1321/373 278/1322/373 297/1323/373
f 298/1324/374 297/1325/374 278/1326/374
f 278/1327/375 279/1328/375 298/1329/375
f 299/1330/376 298/1331/376 279/1332/376
f 279/1333/377 280/1334/377 299/1335/377
f 280/1336/378 281/1337/378 299/1338/378
f 300/1339/379 299/1340/379 281/1341/379
f 281/1342/380 282/1343/380 300/1344/380
f 282/1345/381 283/1346/381 300/1347/381
f 301/1348/382 300/1349/382 283/1350/382
f 283/1351/383 284/1352/383 301/1353/383
f 284/1354/384 285/1355/384 301/1356/384
f 302/1357/385 301/1358/385 285/1359/385
f 303/1360/386 302/1361/386 285/1362/386
f 285/1363/387 286/1364/387 303/1365/387
f 304/1366/388 303/1367/388 286/1368/388
f 286/1369/389 287/1370/389 304/1371/389
f 287/1372/390 288/1373/390 304/1374/390
f 305/1375/391 304/1376/391 288/1377/391
f 305/1378/392 289/1379/392 322/1380/392
f 306/1381/393 322/1382/393 289/1383/393
f 289/1384/394 290/1385/394 306/1386/394
f 307/1387/395 306/1388/395 290/1389/395
f 290/1390/396 291/1391/396 307/1392/396
f 308/1393/397 307/1394/397 291/1395/397
f 291/1396/398 292/1397/398 308/1398/398
f 309/1399/399 308/1400/399 292/1401/399
f 292/1402/400 293/1403/400 310/1404/400
f 310/1405/401 309/1406/401 292/1407/401
f 293/1408/402 294/1409/402 311/1410/402
f 311/1411/403 310/1412/403 293/1413/403
f 294/1414/404 295/1415/404 312/1416/404
f 312/1417/405 311/1418/405 294/1419/405
f 295/1420/406 296/1421/406 313/1422/406
f 313/1423/407 312/1424/407 295/1425/407
f 296/1426/408 297/1427/408 314/1428/408
f 314/1429/409 313/1430/409 296/1431/409
f 297/1432/410 298/1433/410 315/1434/410
f 315/1435/411 314/1436/411 297/1437/411
f 298/1438/412 299/1439/412 316/1440/412
f 316/1441/413 315/1442/413 298/1443/413
f 299/1444/414 300/1445/414 317/1446/414
f 317/1447/415 316/1448/415 299/1449/415
f 300/1450/416 301/1451/416 317/1452/416
f 318/1453/417 317/1454/417 301/1455/417
f 301/1456/418 302/1457/418 318/1458/418
f 319/1459/419 318/1460/419 302/1461/419
f 302/1462/420 303/1463/420 319/1464/420
f 320/1465/421 319/1466/421 303/1467/421
f 303/1468/422 304/1469/422 320/1470/422
f 321/1471/423 320/1472/423 304/1473/423
f 304/1474/424 305/1475/424 321/1476/424
f 322/1477/425 321/1478/425 305/1479/425
f 322/1480/426 306/1481/426 338/1482/426
f 323/1483/427 338/1484/427 306/1485/427
f 306/1486/428 307/1487/428 323/1488/428
f 324/1489/429 323/1490/429 307/1491/429
f 307/1492/430 308/1493/430 324/1494/430
f 325/1495/431 324/1496/431 308/1497/431
f 308/1498/432 309/1499/432 325/1500/432
f 326/1501/433 325/1502/433 309/1503/433
f 309/1504/434 310/1505/434 327/1506/434
f 327/1507/435 326/1508/435 309/1509/435
f 310/1510/436 311/1511/436 327/1512/436
f 328/1513/437 327/1514/437 311/1515/437
f 311/1516/438 312/1517/438 328/1518/438
f 329/1519/439 328/1520/439 312/1521/439
f 312/1522/440 313/1523/440 330/1524/440
f 330/1525/441 329/1526/441 312/1527/441
f 314/1528/442 315/1529/442 331/1530/442
f 315/1531/443 316/1532/443 332/1533/443
f 332/1534/444 331/1535/444 315/1536/444
f 316/1537/445 317/1538/445 333/1539/445
f 333/1540/446 332/1541/446 316/1542/446
f 317/1543/447 318/1544/447 334/1545/447
f 334/1546/448 333/1547/448 317/1548/448
f 318/1549/449 319/1550/449 334/1551/449
f 335/1552/450 334/1553/450 319/1554/450
f 319/1555/451 320/1556/451 335/1557/451
f 336/1558/452 335/1559/452 320/1560/452
f 320/1561/453 321/1562/453 336/1563/453
f 337/1564/454 336/1565/454 321/1566/454
f 321/1567/455 322/1568/455 338/1569/455
f 338/1570/456 337/1571/456 321/1572/456
f 338/1573/457 323/1574/457 339/1575/457
f 323/1576/458 324/1577/458 339/1578/458
f 324/1579/459 325/1580/459 339/1581/459
f 325/1582/460 326/1583/460 339/1584/460
f 326/1585/461 327/1586/461 339/1587/461
f 327/1588/462 328/1589/462 339/1590/462
f 328/1591/463 329/1592/463 339/1593/463
f 329/1594/464 330/1595/464 339/1596/464
f 331/1597/465 332/1598/465 339/1599/465
f 332/1600/466 333/1601/466 339/1602/466
f 333/1603/467 334/1604/467 339/1605/467
f 334/1606/468 335/1607/468 339/1608/468
f 335/1609/469 336/1610/469 339/1611/469
f 336/1612/470 337/1613/470 339/1614/470
f 337/1615/471 338/1616/471 339/1617/471
f 50/1618/472 101/1619/472 268/1620/472
f 267/1621/473 50/1622/473 268/1623/473
f 101/1624/474 110/1625/474 269/1626/474
f 268/1627/475 101/1628/475 269/1629/475
f 110/1630/476 117/1631/476 270/1632/476
f 269/1633/476 110/1634/476 270/1635/476
f 118/1636/477 272/1637/477 271/1638/477
f 271/1639/477 117/1640/477 118/1641/477
f 36/1642/478 274/1643/478 273/1644/478
f 273/1645/478 118/1646/478 36/1647/478
f 36/1648/479 37/1649/479 275/1650/479
f 274/1651/479 36/1652/479 275/1653/479
f 37/1654/480 277/1655/480 276/1656/480
f 275/1657/480 37/1658/480 276/1659/480
f 37/1660/481 38/1661/481 278/1662/481
f 277/1663/481 37/1664/481 278/1665/481
f 38/1666/482 126/1667/482 279/1668/482
f 278/1669/482 38/1670/482 279/1671/482
f 279/1672/483 126/1673/483 280/1674/483
f 114/1675/484 281/1676/484 280/1677/484
f 126/1678/483 114/1679/483 280/1680/483
f 114/1681/485 74/1682/485 284/1683/485
f 283/1684/485 114/1685/485 284/1686/485
f 73/1687/486 285/1688/486 284/1689/486
f 284/1690/487 74/1691/487 73/1692/487
f 51/1693/488 287/1694/488 286/1695/488
f 286/1696/488 73/1697/488 51/1698/488
f 287/1699/489 51/1700/489 288/1701/489
f 50/1702/489 266/1703/489 288/1704/489
f 51/1705/489 50/1706/489 288/1707/489
f 313/1708/490 314/1709/490 330/1710/490
f 331/1711/491 330/1712/491 314/1713/491
f 330/1714/492 331/1715/492 339/1716/492
f 343/1717/493 104/1718/493 344/1719/493
f 348/1720/494 103/1721/494 349/1722/494
f 352/1723/495 340/1724/495 364/1725/495
f 353/1726/496 364/1727/496 340/1728/496
f 354/1729/497 353/1730/497 340/1731/497
f 341/1732/498 342/1733/498 355/1734/498
f 356/1735/499 355/1736/499 342/1737/499
f 342/1738/500 343/1739/500 356/1740/500
f 343/1741/501 344/1742/501 356/1743/501
f 357/1744/502 356/1745/502 344/1746/502
f 344/1747/503 345/1748/503 357/1749/503
f 358/1750/504 357/1751/504 345/1752/504
f 345/1753/505 346/1754/505 358/1755/505
f 359/1756/506 358/1757/506 346/1758/506
f 360/1759/507 359/1760/507 346/1761/507
f 346/1762/508 347/1763/508 360/1764/508
f 361/1765/509 360/1766/509 347/1767/509
f 347/1768/510 348/1769/510 361/1770/510
f 362/1771/511 361/1772/511 348/1773/511
f 348/1774/512 349/1775/512 362/1776/512
f 349/1777/513 350/1778/513 362/1779/513
f 363/1780/514 362/1781/514 350/1782/514
f 350/1783/515 351/1784/515 363/1785/515
f 351/1786/516 352/1787/516 363/1788/516
f 364/1789/517 363/1790/517 352/1791/517
f 364/1792/518 353/1793/518 376/1794/518
f 365/1795/519 376/1796/519 353/1797/519
f 353/1798/520 354/1799/520 365/1800/520
f 366/1801/521 365/1802/521 354/1803/521
f 355/1804/522 356/1805/522 367/1806/522
f 368/1807/523 367/1808/523 356/1809/523
f 356/1810/524 357/1811/524 368/1812/524
f 369/1813/525 368/1814/525 357/1815/525
f 357/1816/526 358/1817/526 369/1818/526
f 370/1819/527 369/1820/527 358/1821/527
f 358/1822/528 359/1823/528 370/1824/528
f 371/1825/529 370/1826/529 359/1827/529
f 359/1828/530 360/1829/530 372/1830/530
f 372/1831/531 371/1832/531 359/1833/531
f 360/1834/532 361/1835/532 373/1836/532
f 373/1837/533 372/1838/533 360/1839/533
f 361/1840/534 362/1841/534 374/1842/534
f 374/1843/535 373/1844/535 361/1845/535
f 362/1846/536 363/1847/536 375/1848/536
f 375/1849/537 374/1850/537 362/1851/537
f 363/1852/538 364/1853/538 376/1854/538
f 376/1855/539 375/1856/539 363/1857/539
f 376/1858/540 365/1859/540 388/1860/540
f 377/1861/541 388/1862/541 365/1863/541
f 365/1864/542 366/1865/542 377/1866/542
f 378/1867/543 377/1868/543 366/1869/543
f 367/1870/544 368/1871/544 379/1872/544
f 380/1873/545 379/1874/545 368/1875/545
f 368/1876/546 369/1877/546 381/1878/546
f 381/1879/547 380/1880/547 368/1881/547
f 369/1882/548 370/1883/548 382/1884/548
f 382/1885/549 381/1886/549 369/1887/549
f 370/1888/550 371/1889/550 382/1890/550
f 383/1891/551 382/1892/551 371/1893/551
f 371/1894/552 372/1895/552 384/1896/552
f 384/1897/553 383/1898/553 371/1899/553
f 372/1900/554 373/1901/554 385/1902/554
f 385/1903/555 384/1904/555 372/1905/555
f 373/1906/556 374/1907/556 385/1908/556
f 386/1909/557 385/1910/557 374/1911/557
f 374/1912/558 375/1913/558 387/1914/558
f 387/1915/559 386/1916/559 374/1917/559
f 375/1918/560 376/1919/560 388/1920/560
f 388/1921/561 387/1922/561 375/1923/561
f 388/1924/562 377/1925/562 399/1926/562
f 389/1927/563 399/1928/563 377/1929/563
f 377/1930/564 378/1931/564 389/1932/564
f 390/1933/565 389/1934/565 378/1935/565
f 379/1936/566 380/1937/566 392/1938/566
f 392/1939/567 391/1940/567 379/1941/567
f 380/1942/568 381/1943/568 393/1944/568
f 393/1945/569 392/1946/569 380/1947/569
f 381/1948/570 382/1949/570 394/1950/570
f 394/1951/571 393/1952/571 381/1953/571
f 382/1954/572 383/1955/572 394/1956/572
f 384/1957/573 385/1958/573 395/1959/573
f 396/1960/574 395/1961/574 385/1962/574
f 385/1963/575 386/1964/575 396/1965/575
f 397/1966/576 396/1967/576 386/1968/576
f 386/1969/577 387/1970/577 397/1971/577
f 398/1972/578 397/1973/578 387/1974/578
f 387/1975/579 388/1976/579 399/1977/579
f 399/1978/580 398/1979/580 387/1980/580
f 399/1981/581 389/1982/581 400/1983/581
f 389/1984/582 390/1985/582 400/1986/582
f 391/1987/583 392/1988/583 400/1989/583
f 392/1990/584 393/1991/584 400/1992/584
f 393/1993/585 394/1994/585 400/1995/585
f 395/1996/586 396/1997/586 400/1998/586
f 396/1999/587 397/2000/587 400/2001/587
f 397/2002/588 398/2003/588 400/2004/588
f 398/2005/589 399/2006/589 400/2007/589
f 340/2008/86 90/2009/86 97/2010/86
f 341/2011/590 97/2012/590 342/2013/590
f 104/2014/591 343/2015/591 342/2016/591
f 97/2017/590 104/2018/590 342/2019/590
f 121/2020/592 345/2021/592 344/2022/592
f 344/2023/592 104/2024/592 121/2025/592
f 111/2026/593 346/2027/593 345/2028/593
f 345/2029/594 121/2030/594 111/2031/594
f 111/2032/595 120/2033/595 347/2034/595
f 346/2035/595 111/2036/595 347/2037/595
f 120/2038/596 103/2039/596 348/2040/596
f 347/2041/596 120/2042/596 348/2043/596
f 349/2044/597 103/2045/597 96/2046/597
f 350/2047/598 349/2048/598 96/2049/598
f 96/2050/597 351/2051/597 350/2052/597
f 351/2053/599 96/2054/599 352/2055/599
f 90/2056/85 340/2057/85 352/2058/85
f 96/2059/599 90/2060/599 352/2061/599
f 340/2062/600 341/2063/600 354/2064/600
f 341/2065/601 340/2066/601 97/2067/601
f 355/2068/602 354/2069/602 341/2070/602
f 354/2071/603 355/2072/603 366/2073/603
f 367/2074/604 366/2075/604 355/2076/604
f 366/2077/605 367/2078/605 378/2079/605
f 379/2080/606 378/2081/606 367/2082/606
f 378/2083/607 379/2084/607 391/2085/607
f 391/2086/608 390/2087/608 378/2088/608
f 390/2089/609 391/2090/609 400/2091/609
f 383/2092/610 384/2093/610 394/2094/610
f 395/2095/611 394/2096/611 384/2097/611
f 394/2098/612 395/2099/612 400/2100/612
f 404/2101/613 6/2102/613 405/2103/613
f 412/2104/614 5/2105/614 413/2106/614
f 414/2107/615 401/2108/615 424/2109/615
f 415/2110/616 424/2111/616 401/2112/616
f 401/2113/617 402/2114/617 415/2115/617
f 416/2116/618 415/2117/618 402/2118/618
f 402/2119/619 403/2120/619 416/2121/619
f 417/2122/620 416/2123/620 403/2124/620
f 403/2125/621 404/2126/621 417/2127/621
f 404/2128/622 405/2129/622 417/2130/622
f 418/2131/623 417/2132/623 405/2133/623
f 405/2134/624 406/2135/624 418/2136/624
f 406/2137/625 407/2138/625 418/2139/625
f 419/2140/626 418/2141/626 407/2142/626
f 420/2143/627 419/2144/627 407/2145/627
f 407/2146/628 408/2147/628 420/2148/628
f 421/2149/629 420/2150/629 408/2151/629
f 410/2152/630 411/2153/630 422/2154/630
f 423/2155/631 422/2156/631 411/2157/631
f 411/2158/632 412/2159/632 423/2160/632
f 412/2161/633 413/2162/633 423/2163/633
f 413/2164/634 414/2165/634 423/2166/634
f 424/2167/635 423/2168/635 414/2169/635
f 424/2170/636 415/2171/636 433/2172/636
f 425/2173/637 433/2174/637 415/2175/637
f 415/2176/638 416/2177/638 425/2178/638
f 426/2179/639 425/2180/639 416/2181/639
f 416/2182/640 417/2183/640 426/2184/640
f 427/2185/641 426/2186/641 417/2187/641
f 417/2188/642 418/2189/642 428/2190/642
f 428/2191/643 427/2192/643 417/2193/643
f 418/2194/644 419/2195/644 429/2196/644
f 429/2197/645 428/2198/645 418/2199/645
f 419/2200/646 420/2201/646 429/2202/646
f 420/2203/647 421/2204/647 430/2205/647
f 422/2206/648 423/2207/648 432/2208/648
f 432/2209/649 431/2210/649 422/2211/649
f 423/2212/650 424/2213/650 433/2214/650
f 433/2215/651 432/2216/651 423/2217/651
f 433/2218/652 425/2219/652 442/2220/652
f 434/2221/653 442/2222/653 425/2223/653
f 425/2224/654 426/2225/654 434/2226/654
f 435/2227/655 434/2228/655 426/2229/655
f 426/2230/656 427/2231/656 436/2232/656
f 436/2233/657 435/2234/657 426/2235/657
f 427/2236/658 428/2237/658 437/2238/658
f 437/2239/659 436/2240/659 427/2241/659
f 428/2242/660 429/2243/660 438/2244/660
f 438/2245/661 437/2246/661 428/2247/661
f 431/2248/662 432/2249/662 440/2250/662
f 441/2251/663 440/2252/663 432/2253/663
f 432/2254/664 433/2255/664 441/2256/664
f 442/2257/665 441/2258/665 433/2259/665
f 442/2260/666 434/2261/666 450/2262/666
f 435/2263/667 436/2264/667 443/2265/667
f 444/2266/668 443/2267/668 436/2268/668
f 436/2269/669 437/2270/669 445/2271/669
f 445/2272/670 444/2273/670 436/2274/670
f 437/2275/671 438/2276/671 446/2277/671
f 446/2278/672 445/2279/672 437/2280/672
f 440/2281/673 441/2282/673 448/2283/673
f 449/2284/674 448/2285/674 441/2286/674
f 441/2287/675 442/2288/675 449/2289/675
f 450/2290/676 449/2291/676 442/2292/676
f 443/2293/677 444/2294/677 451/2295/677
f 452/2296/678 451/2297/678 444/2298/678
f 444/2299/679 445/2300/679 452/2301/679
f 453/2302/680 452/2303/680 445/2304/680
f 445/2305/681 446/2306/681 453/2307/681
f 454/2308/682 453/2309/682 446/2310/682
f 448/2311/683 449/2312/683 457/2313/683
f 457/2314/684 456/2315/684 448/2316/684
f 449/2317/685 450/2318/685 458/2319/685
f 458/2320/686 457/2321/686 449/2322/686
f 451/2323/687 452/2324/687 459/2325/687
f 452/2326/688 453/2327/688 459/2328/688
f 453/2329/689 454/2330/689 459/2331/689
f 456/2332/690 457/2333/690 459/2334/690
f 457/2335/691 458/2336/691 459/2337/691
f 111/2338/692 402/2339/692 401/2340/692
f 401/2341/692 120/2342/692 111/2343/692
f 121/2344/693 403/2345/693 402/2346/693
f 402/2347/693 111/2348/693 121/2349/693
f 6/2350/694 404/2351/694 403/2352/694
f 403/2353/695 121/2354/695 6/2355/695
f 7/2356/696 406/2357/696 405/2358/696
f 405/2359/696 6/2360/696 7/2361/696
f 406/2362/6 7/2363/6 407/2364/6
f 15/2365/697 408/2366/697 407/2367/697
f 7/2368/697 15/2369/697 407/2370/697
f 410/2371/698 409/2372/698 14/2373/698
f 413/2374/699 5/2375/699 414/2376/699
f 120/2377/700 401/2378/700 414/2379/700
f 5/2380/700 120/2381/700 414/2382/700
f 408/2383/701 409/2384/701 421/2385/701
f 408/2386/702 15/2387/702 409/2388/702
f 409/2389/703 15/2390/703 14/2391/703
f 5/2392/704 411/2393/704 3/2394/704
f 411/2395/705 5/2396/705 412/2397/705
f 411/2398/706 4/2399/706 3/2400/706
f 411/2401/707 14/2402/707 4/2403/707
f 14/2404/702 411/2405/702 410/2406/702
f 409/2407/708 410/2408/708 421/2409/708
f 422/2410/709 421/2411/709 410/2412/709
f 430/2413/710 429/2414/710 420/2415/710
f 429/2416/711 430/2417/711 439/2418/711
f 421/2419/712 422/2420/712 430/2421/712
f 431/2422/713 430/2423/713 422/2424/713
f 439/2425/714 438/2426/714 429/2427/714
f 438/2428/715 439/2429/715 447/2430/715
f 430/2431/716 431/2432/716 439/2433/716
f 440/2434/717 439/2435/717 431/2436/717
f 434/2437/718 435/2438/718 450/2439/718
f 443/2440/719 450/2441/719 435/2442/719
f 447/2443/720 446/2444/720 438/2445/720
f 446/2446/721 447/2447/721 455/2448/721
f 439/2449/722 440/2450/722 447/2451/722
f 448/2452/723 447/2453/723 440/2454/723
f 447/2455/724 448/2456/724 456/2457/724
f 450/2458/725 443/2459/725 458/2460/725
f 451/2461/726 458/2462/726 443/2463/726
f 458/2464/727 451/2465/727 459/2466/727
f 455/2467/728 454/2468/728 446/2469/728
f 454/2470/729 455/2471/729 459/2472/729
f 456/2473/730 455/2474/730 447/2475/730
f 455/2476/731 456/2477/731 459/2478/731
f 461/2479/732 462/2480/732 469/2481/732
f 470/2482/733 469/2483/733 462/2484/733
f 472/2485/734 471/2486/734 463/2487/734
f 463/2488/735 464/2489/735 472/2490/735
f 473/2491/736 472/2492/736 464/2493/736
f 464/2494/737 465/2495/737 473/2496/737
f 465/2497/738 466/2498/738 473/2499/738
f 474/2500/739 473/2501/739 466/2502/739
f 467/2503/740 468/2504/740 477/2505/740
f 477/2506/741 476/2507/741 467/2508/741
f 478/2509/742 477/2510/742 468/2511/742
f 475/2512/743 476/2513/743 480/2514/743
f 480/2515/744 479/2516/744 475/2517/744
f 476/2518/745 477/2519/745 481/2520/745
f 481/2521/746 480/2522/746 476/2523/746
f 477/2524/747 478/2525/747 482/2526/747
f 482/2527/748 481/2528/748 477/2529/748
f 480/2530/749 481/2531/749 484/2532/749
f 484/2533/750 483/2534/750 480/2535/750
f 481/2536/751 482/2537/751 485/2538/751
f 485/2539/752 484/2540/752 481/2541/752
f 486/2542/753 485/2543/753 482/2544/753
f 149/2545/754 130/2546/754 460/2547/754
f 130/2548/755 150/2549/755 461/2550/755
f 460/2551/755 130/2552/755 461/2553/755
f 461/2554/756 150/2555/756 462/2556/756
f 463/2557/757 159/2558/757 464/2559/757
f 158/2560/757 465/2561/757 464/2562/757
f 159/2563/757 158/2564/757 464/2565/757
f 158/2566/758 165/2567/758 466/2568/758
f 465/2569/758 158/2570/758 466/2571/758
f 462/2572/759 463/2573/759 470/2574/759
f 463/2575/756 462/2576/756 150/2577/756
f 471/2578/760 470/2579/760 463/2580/760
f 150/2581/756 159/2582/756 463/2583/756
f 460/2584/761 461/2585/761 468/2586/761
f 469/2587/762 468/2588/762 461/2589/762
f 468/2590/763 469/2591/763 478/2592/763
f 478/2593/764 486/2594/764 482/2595/764
f 486/2596/765 478/2597/765 469/2598/765
f 469/2599/766 470/2600/766 486/2601/766
f 487/2602/767 154/2603/767 488/2604/767
f 487/2605/768 488/2606/768 498/2607/768
f 490/2608/769 491/2609/769 501/2610/769
f 491/2611/770 492/2612/770 501/2613/770
f 502/2614/771 501/2615/771 492/2616/771
f 492/2617/772 493/2618/772 502/2619/772
f 493/2620/773 494/2621/773 502/2622/773
f 503/2623/774 502/2624/774 494/2625/774
f 504/2626/775 503/2627/775 494/2628/775
f 494/2629/776 495/2630/776 504/2631/776
f 495/2632/777 496/2633/777 504/2634/777
f 505/2635/778 504/2636/778 496/2637/778
f 496/2638/779 497/2639/779 505/2640/779
f 498/2641/780 499/2642/780 507/2643/780
f 507/2644/781 506/2645/781 498/2646/781
f 501/2647/782 502/2648/782 514/2649/782
f 514/2650/783 513/2651/783 501/2652/783
f 502/2653/784 503/2654/784 515/2655/784
f 515/2656/785 514/2657/785 502/2658/785
f 503/2659/786 504/2660/786 516/2661/786
f 516/2662/787 515/2663/787 503/2664/787
f 504/2665/788 505/2666/788 517/2667/788
f 517/2668/789 516/2669/789 504/2670/789
f 506/2671/790 507/2672/790 518/2673/790
f 520/2674/791 519/2675/791 508/2676/791
f 521/2677/792 520/2678/792 508/2679/792
f 523/2680/793 522/2681/793 509/2682/793
f 510/2683/794 511/2684/794 524/2685/794
f 525/2686/795 524/2687/795 511/2688/795
f 513/2689/796 514/2690/796 528/2691/796
f 528/2692/797 527/2693/797 513/2694/797
f 514/2695/798 515/2696/798 529/2697/798
f 529/2698/799 528/2699/799 514/2700/799
f 515/2701/800 516/2702/800 530/2703/800
f 530/2704/801 529/2705/801 515/2706/801
f 516/2707/802 517/2708/802 531/2709/802
f 531/2710/803 530/2711/803 516/2712/803
f 520/2713/804 521/2714/804 535/2715/804
f 535/2716/805 534/2717/805 520/2718/805
f 521/2719/806 522/2720/806 535/2721/806
f 536/2722/807 535/2723/807 522/2724/807
f 522/2725/808 523/2726/808 536/2727/808
f 537/2728/809 536/2729/809 523/2730/809
f 524/2731/810 525/2732/810 539/2733/810
f 539/2734/811 538/2735/811 524/2736/811
f 527/2737/812 528/2738/812 541/2739/812
f 542/2740/813 541/2741/813 528/2742/813
f 528/2743/814 529/2744/814 542/2745/814
f 543/2746/815 542/2747/815 529/2748/815
f 529/2749/816 530/2750/816 544/2751/816
f 544/2752/817 543/2753/817 529/2754/817
f 530/2755/818 531/2756/818 544/2757/818
f 545/2758/819 544/2759/819 531/2760/819
f 532/2761/820 533/2762/820 546/2763/820
f 547/2764/821 546/2765/821 533/2766/821
f 534/2767/822 535/2768/822 549/2769/822
f 549/2770/823 548/2771/823 534/2772/823
f 535/2773/824 536/2774/824 549/2775/824
f 550/2776/825 549/2777/825 536/2778/825
f 536/2779/826 537/2780/826 551/2781/826
f 551/2782/827 550/2783/827 536/2784/827
f 541/2785/828 542/2786/828 554/2787/828
f 555/2788/829 554/2789/829 542/2790/829
f 542/2791/830 543/2792/830 555/2793/830
f 543/2794/831 544/2795/831 556/2796/831
f 544/2797/832 545/2798/832 556/2799/832
f 557/2800/833 556/2801/833 545/2802/833
f 546/2803/834 547/2804/834 558/2805/834
f 559/2806/835 558/2807/835 547/2808/835
f 548/2809/836 549/2810/836 561/2811/836
f 561/2812/837 560/2813/837 548/2814/837
f 549/2815/838 550/2816/838 562/2817/838
f 562/2818/839 561/2819/839 549/2820/839
f 550/2821/840 551/2822/840 563/2823/840
f 563/2824/841 562/2825/841 550/2826/841
f 564/2827/842 563/2828/842 551/2829/842
f 566/2830/843 565/2831/843 552/2832/843
f 554/2833/844 555/2834/844 568/2835/844
f 569/2836/845 568/2837/845 555/2838/845
f 571/2839/846 570/2840/846 556/2841/846
f 556/2842/847 557/2843/847 571/2844/847
f 572/2845/848 571/2846/848 557/2847/848
f 558/2848/849 559/2849/849 573/2850/849
f 574/2851/850 573/2852/850 559/2853/850
f 560/2854/851 561/2855/851 576/2856/851
f 576/2857/852 575/2858/852 560/2859/852
f 561/2860/853 562/2861/853 576/2862/853
f 577/2863/854 576/2864/854 562/2865/854
f 562/2866/855 563/2867/855 578/2868/855
f 578/2869/856 577/2870/856 562/2871/856
f 564/2872/857 565/2873/857 579/2874/857
f 565/2875/858 566/2876/858 580/2877/858
f 580/2878/859 579/2879/859 565/2880/859
f 568/2881/860 569/2882/860 582/2883/860
f 583/2884/861 582/2885/861 569/2886/861
f 569/2887/862 570/2888/862 583/2889/862
f 571/2890/863 572/2891/863 584/2892/863
f 585/2893/864 584/2894/864 572/2895/864
f 573/2896/865 574/2897/865 586/2898/865
f 575/2899/866 576/2900/866 586/2901/866
f 576/2902/867 577/2903/867 586/2904/867
f 577/2905/868 578/2906/868 586/2907/868
f 579/2908/869 580/2909/869 586/2910/869
f 582/2911/870 583/2912/870 586/2913/870
f 584/2914/871 585/2915/871 586/2916/871
f 137/2917/872 138/2918/872 489/2919/872
f 490/2920/873 184/2921/873 491/2922/873
f 172/2923/874 492/2924/874 491/2925/874
f 184/2926/873 172/2927/873 491/2928/873
f 172/2929/875 494/2930/875 493/2931/875
f 492/2932/875 172/2933/875 493/2934/875
f 171/2935/876 495/2936/876 494/2937/876
f 494/2938/876 172/2939/876 171/2940/876
f 163/2941/877 496/2942/877 495/2943/877
f 495/2944/877 171/2945/877 163/2946/877
f 496/2947/878 163/2948/878 497/2949/878
f 487/2950/878 497/2951/878 163/2952/878
f 163/2953/879 154/2954/879 487/2955/879
f 488/2956/880 489/2957/880 498/2958/880
f 488/2959/881 154/2960/881 489/2961/881
f 154/2962/882 137/2963/882 489/2964/882
f 499/2965/883 498/2966/883 489/2967/883
f 490/2968/884 185/2969/884 184/2970/884
f 501/2971/885 500/2972/885 490/2973/885
f 500/2974/886 501/2975/886 513/2976/886
f 497/2977/887 487/2978/887 505/2979/887
f 498/2980/888 505/2981/888 487/2982/888
f 505/2983/889 498/2984/889 506/2985/889
f 507/2986/890 508/2987/890 519/2988/890
f 512/2989/891 511/2990/891 500/2991/891
f 511/2992/892 512/2993/892 525/2994/892
f 513/2995/893 512/2996/893 500/2997/893
f 512/2998/894 513/2999/894 527/3000/894
f 506/3001/895 517/3002/895 505/3003/895
f 517/3004/896 506/3005/896 518/3006/896
f 519/3007/897 518/3008/897 507/3009/897
f 518/3010/898 519/3011/898 533/3012/898
f 533/3013/899 532/3014/899 518/3015/899
f 509/3016/900 510/3017/900 523/3018/900
f 524/3019/901 523/3020/901 510/3021/901
f 523/3022/902 524/3023/902 538/3024/902
f 526/3025/903 525/3026/903 512/3027/903
f 525/3028/904 526/3029/904 539/3030/904
f 527/3031/905 526/3032/905 512/3033/905
f 526/3034/906 527/3035/906 541/3036/906
f 518/3037/907 531/3038/907 517/3039/907
f 531/3040/908 518/3041/908 532/3042/908
f 519/3043/909 520/3044/909 533/3045/909
f 534/3046/910 533/3047/910 520/3048/910
f 538/3049/911 537/3050/911 523/3051/911
f 537/3052/912 538/3053/912 552/3054/912
f 540/3055/913 539/3056/913 526/3057/913
f 541/3058/914 540/3059/914 526/3060/914
f 540/3061/915 541/3062/915 554/3063/915
f 532/3064/916 545/3065/916 531/3066/916
f 533/3067/917 534/3068/917 547/3069/917
f 548/3070/918 547/3071/918 534/3072/918
f 552/3073/919 551/3074/919 537/3075/919
f 551/3076/920 552/3077/920 565/3078/920
f 565/3079/921 564/3080/921 551/3081/921
f 538/3082/922 539/3083/922 552/3084/922
f 539/3085/923 540/3086/923 552/3087/923
f 553/3088/924 552/3089/924 540/3090/924
f 554/3091/925 553/3092/925 540/3093/925
f 553/3094/926 554/3095/926 568/3096/926
f 556/3097/927 555/3098/927 543/3099/927
f 555/3100/928 556/3101/928 570/3102/928
f 570/3103/929 569/3104/929 555/3105/929
f 545/3106/930 532/3107/930 557/3108/930
f 546/3109/931 557/3110/931 532/3111/931
f 547/3112/932 548/3113/932 559/3114/932
f 560/3115/933 559/3116/933 548/3117/933
f 567/3118/934 566/3119/934 552/3120/934
f 552/3121/935 553/3122/935 567/3123/935
f 568/3124/936 567/3125/936 553/3126/936
f 567/3127/937 568/3128/937 582/3129/937
f 557/3130/938 546/3131/938 572/3132/938
f 558/3133/939 572/3134/939 546/3135/939
f 559/3136/940 560/3137/940 574/3138/940
f 575/3139/941 574/3140/941 560/3141/941
f 574/3142/942 575/3143/942 586/3144/942
f 563/3145/943 564/3146/943 578/3147/943
f 579/3148/944 578/3149/944 564/3150/944
f 578/3151/945 579/3152/945 586/3153/945
f 566/3154/946 567/3155/946 581/3156/946
f 581/3157/947 580/3158/947 566/3159/947
f 580/3160/948 581/3161/948 586/3162/948
f 582/3163/949 581/3164/949 567/3165/949
f 581/3166/950 582/3167/950 586/3168/950
f 570/3169/951 571/3170/951 583/3171/951
f 584/3172/952 583/3173/952 571/3174/952
f 583/3175/953 584/3176/953 586/3177/953
f 572/3178/954 558/3179/954 585/3180/954
f 573/3181/955 585/3182/955 558/3183/955
f 585/3184/956 573/3185/956 586/3186/956
f 588/3187/957 483/3188/957 589/3189/957
f 589/3190/958 483/3191/958 590/3192/958
f 592/3193/959 486/3194/959 593/3195/959
f 593/3196/960 486/3197/960 594/3198/960
f 597/3199/961 473/3200/961 598/3201/961
f 599/3202/962 474/3203/962 600/3204/962
f 600/3205/963 474/3206/963 601/3207/963
f 480/3208/964 483/3209/964 588/3210/964
f 590/3211/965 483/3212/965 484/3213/965
f 484/3214/966 485/3215/966 591/3216/966
f 485/3217/967 486/3218/967 592/3219/967
f 591/3220/967 485/3221/967 592/3222/967
f 594/3223/968 486/3224/968 470/3225/968
f 472/3226/969 473/3227/969 597/3228/969
f 596/3229/969 472/3230/969 597/3231/969
f 474/3232/970 599/3233/970 598/3234/970
f 598/3235/970 473/3236/970 474/3237/970
f 479/3238/971 480/3239/971 588/3240/971
f 587/3241/972 479/3242/972 588/3243/972
f 484/3244/973 591/3245/973 590/3246/973
f 596/3247/974 471/3248/974 472/3249/974
f 595/3250/975 471/3251/975 596/3252/975
f 595/3253/976 470/3254/976 471/3255/976
f 470/3256/977 595/3257/977 594/3258/977
f 587/3259/978 588/3260/978 602/3261/978
f 603/3262/979 602/3263/979 588/3264/979
f 588/3265/980 589/3266/980 603/3267/980
f 604/3268/981 603/3269/981 589/3270/981
f 589/3271/982 590/3272/982 604/3273/982
f 605/3274/983 604/3275/983 590/3276/983
f 590/3277/984 591/3278/984 605/3279/984
f 591/3280/985 592/3281/985 605/3282/985
f 606/3283/986 605/3284/986 592/3285/986
f 592/3286/987 593/3287/987 606/3288/987
f 593/3289/988 594/3290/988 606/3291/988
f 607/3292/989 606/3293/989 594/3294/989
f 594/3295/990 595/3296/990 607/3297/990
f 608/3298/991 607/3299/991 595/3300/991
f 595/3301/992 596/3302/992 608/3303/992
f 609/3304/993 608/3305/993 596/3306/993
f 596/3307/994 597/3308/994 609/3309/994
f 610/3310/995 609/3311/995 597/3312/995
f 597/3313/996 598/3314/996 610/3315/996
f 598/3316/997 599/3317/997 610/3318/997
f 611/3319/998 610/3320/998 599/3321/998
f 599/3322/999 600/3323/999 611/3324/999
f 600/3325/1000 601/3326/1000 611/3327/1000
f 612/3328/1001 611/3329/1001 601/3330/1001
f 615/3331/1002 602/3332/1002 616/3333/1002
f 602/3334/1003 603/3335/1003 617/3336/1003
f 617/3337/1004 616/3338/1004 602/3339/1004
f 603/3340/1005 604/3341/1005 618/3342/1005
f 618/3343/1006 617/3344/1006 603/3345/1006
f 604/3346/1007 605/3347/1007 619/3348/1007
f 619/3349/1008 618/3350/1008 604/3351/1008
f 605/3352/1009 606/3353/1009 619/3354/1009
f 620/3355/1010 619/3356/1010 606/3357/1010
f 606/3358/1011 607/3359/1011 620/3360/1011
f 621/3361/1012 620/3362/1012 607/3363/1012
f 607/3364/1013 608/3365/1013 621/3366/1013
f 622/3367/1014 621/3368/1014 608/3369/1014
f 608/3370/1015 609/3371/1015 622/3372/1015
f 623/3373/1016 622/3374/1016 609/3375/1016
f 609/3376/1017 610/3377/1017 623/3378/1017
f 624/3379/1018 623/3380/1018 610/3381/1018
f 610/3382/1019 611/3383/1019 624/3384/1019
f 625/3385/1020 624/3386/1020 611/3387/1020
f 611/3388/1021 612/3389/1021 626/3390/1021
f 626/3391/1022 625/3392/1022 611/3393/1022
f 612/3394/1023 613/3395/1023 627/3396/1023
f 627/3397/1024 626/3398/1024 612/3399/1024
f 613/3400/1025 614/3401/1025 628/3402/1025
f 628/3403/1026 627/3404/1026 613/3405/1026
f 616/3406/1027 617/3407/1027 630/3408/1027
f 630/3409/1028 629/3410/1028 616/3411/1028
f 617/3412/1029 618/3413/1029 631/3414/1029
f 631/3415/1030 630/3416/1030 617/3417/1030
f 618/3418/1031 619/3419/1031 632/3420/1031
f 632/3421/1032 631/3422/1032 618/3423/1032
f 619/3424/1033 620/3425/1033 632/3426/1033
f 633/3427/1034 632/3428/1034 620/3429/1034
f 620/3430/1035 621/3431/1035 633/3432/1035
f 634/3433/1036 633/3434/1036 621/3435/1036
f 621/3436/1037 622/3437/1037 634/3438/1037
f 635/3439/1038 634/3440/1038 622/3441/1038
f 622/3442/1039 623/3443/1039 635/3444/1039
f 636/3445/1040 635/3446/1040 623/3447/1040
f 623/3448/1041 624/3449/1041 636/3450/1041
f 637/3451/1042 636/3452/1042 624/3453/1042
f 624/3454/1043 625/3455/1043 637/3456/1043
f 638/3457/1044 637/3458/1044 625/3459/1044
f 625/3460/1045 626/3461/1045 639/3462/1045
f 639/3463/1046 638/3464/1046 625/3465/1046
f 626/3466/1047 627/3467/1047 640/3468/1047
f 640/3469/1048 639/3470/1048 626/3471/1048
f 627/3472/1049 628/3473/1049 641/3474/1049
f 641/3475/1050 640/3476/1050 627/3477/1050
f 629/3478/1051 630/3479/1051 643/3480/1051
f 643/3481/1052 642/3482/1052 629/3483/1052
f 630/3484/1053 631/3485/1053 644/3486/1053
f 644/3487/1054 643/3488/1054 630/3489/1054
f 631/3490/1055 632/3491/1055 645/3492/1055
f 645/3493/1056 644/3494/1056 631/3495/1056
f 632/3496/1057 633/3497/1057 646/3498/1057
f 646/3499/1058 645/3500/1058 632/3501/1058
f 633/3502/1059 634/3503/1059 646/3504/1059
f 647/3505/1060 646/3506/1060 634/3507/1060
f 634/3508/1061 635/3509/1061 647/3510/1061
f 648/3511/1062 647/3512/1062 635/3513/1062
f 635/3514/1063 636/3515/1063 648/3516/1063
f 649/3517/1064 648/3518/1064 636/3519/1064
f 636/3520/1065 637/3521/1065 649/3522/1065
f 650/3523/1066 649/3524/1066 637/3525/1066
f 637/3526/1067 638/3527/1067 650/3528/1067
f 651/3529/1068 650/3530/1068 638/3531/1068
f 638/3532/1069 639/3533/1069 652/3534/1069
f 652/3535/1070 651/3536/1070 638/3537/1070
f 639/3538/1071 640/3539/1071 653/3540/1071
f 653/3541/1072 652/3542/1072 639/3543/1072
f 640/3544/1073 641/3545/1073 654/3546/1073
f 654/3547/1074 653/3548/1074 640/3549/1074
f 642/3550/1075 643/3551/1075 656/3552/1075
f 656/3553/1076 655/3554/1076 642/3555/1076
f 643/3556/1077 644/3557/1077 657/3558/1077
f 657/3559/1078 656/3560/1078 643/3561/1078
f 644/3562/1079 645/3563/1079 658/3564/1079
f 658/3565/1080 657/3566/1080 644/3567/1080
f 645/3568/1081 646/3569/1081 659/3570/1081
f 659/3571/1082 658/3572/1082 645/3573/1082
f 646/3574/1083 647/3575/1083 659/3576/1083
f 660/3577/1084 659/3578/1084 647/3579/1084
f 647/3580/1085 648/3581/1085 660/3582/1085
f 661/3583/1086 660/3584/1086 648/3585/1086
f 648/3586/1087 649/3587/1087 661/3588/1087
f 662/3589/1088 661/3590/1088 649/3591/1088
f 649/3592/1089 650/3593/1089 662/3594/1089
f 663/3595/1090 662/3596/1090 650/3597/1090
f 650/3598/1091 651/3599/1091 663/3600/1091
f 664/3601/1092 663/3602/1092 651/3603/1092
f 651/3604/1093 652/3605/1093 665/3606/1093
f 665/3607/1094 664/3608/1094 651/3609/1094
f 652/3610/1095 653/3611/1095 666/3612/1095
f 666/3613/1096 665/3614/1096 652/3615/1096
f 653/3616/1097 654/3617/1097 667/3618/1097
f 667/3619/1098 666/3620/1098 653/3621/1098
f 655/3622/1099 656/3623/1099 669/3624/1099
f 669/3625/1100 668/3626/1100 655/3627/1100
f 656/3628/1101 657/3629/1101 670/3630/1101
f 670/3631/1102 669/3632/1102 656/3633/1102
f 657/3634/1103 658/3635/1103 671/3636/1103
f 671/3637/1104 670/3638/1104 657/3639/1104
f 658/3640/1105 659/3641/1105 672/3642/1105
f 672/3643/1106 671/3644/1106 658/3645/1106
f 659/3646/1107 660/3647/1107 672/3648/1107
f 673/3649/1108 672/3650/1108 660/3651/1108
f 660/3652/1109 661/3653/1109 673/3654/1109
f 674/3655/1110 673/3656/1110 661/3657/1110
f 661/3658/1111 662/3659/1111 674/3660/1111
f 675/3661/1112 674/3662/1112 662/3663/1112
f 662/3664/1113 663/3665/1113 675/3666/1113
f 676/3667/1114 675/3668/1114 663/3669/1114
f 663/3670/1115 664/3671/1115 676/3672/1115
f 677/3673/1116 676/3674/1116 664/3675/1116
f 664/3676/1117 665/3677/1117 678/3678/1117
f 678/3679/1118 677/3680/1118 664/3681/1118
f 665/3682/1119 666/3683/1119 679/3684/1119
f 679/3685/1120 678/3686/1120 665/3687/1120
f 666/3688/1121 667/3689/1121 680/3690/1121
f 680/3691/1122 679/3692/1122 666/3693/1122
f 668/3694/1123 669/3695/1123 681/3696/1123
f 669/3697/1124 670/3698/1124 681/3699/1124
f 670/3700/1125 671/3701/1125 681/3702/1125
f 671/3703/1126 672/3704/1126 681/3705/1126
f 672/3706/1127 673/3707/1127 681/3708/1127
f 673/3709/1128 674/3710/1128 681/3711/1128
f 674/3712/1129 675/3713/1129 681/3714/1129
f 675/3715/1130 676/3716/1130 681/3717/1130
f 676/3718/1131 677/3719/1131 681/3720/1131
f 677/3721/1132 678/3722/1132 681/3723/1132
f 678/3724/1133 679/3725/1133 681/3726/1133
f 679/3727/1134 680/3728/1134 681/3729/1134
f 616/3730/1135 628/3731/1135 615/3732/1135
f 628/3733/1136 616/3734/1136 629/3735/1136
f 614/3736/1137 615/3737/1137 628/3738/1137
f 629/3739/1138 641/3740/1138 628/3741/1138
f 641/3742/1139 629/3743/1139 642/3744/1139
f 642/3745/1140 654/3746/1140 641/3747/1140
f 654/3748/1141 642/3749/1141 655/3750/1141
f 655/3751/1142 667/3752/1142 654/3753/1142
f 667/3754/1143 655/3755/1143 668/3756/1143
f 668/3757/1144 680/3758/1144 667/3759/1144
f 680/3760/1145 668/3761/1145 681/3762/1145
f 682/3763/1146 178/3764/1146 683/3765/1146
f 686/3766/1147 195/3767/1147 687/3768/1147
f 691/3769/1148 690/3770/1148 682/3771/1148
f 682/3772/1149 683/3773/1149 691/3774/1149
f 684/3775/1150 685/3776/1150 693/3777/1150
f 685/3778/1151 686/3779/1151 693/3780/1151
f 694/3781/1152 693/3782/1152 686/3783/1152
f 686/3784/1153 687/3785/1153 694/3786/1153
f 695/3787/1154 694/3788/1154 687/3789/1154
f 697/3790/1155 696/3791/1155 688/3792/1155
f 700/3793/1156 699/3794/1156 689/3795/1156
f 689/3796/1157 690/3797/1157 700/3798/1157
f 701/3799/1158 700/3800/1158 690/3801/1158
f 690/3802/1159 691/3803/1159 702/3804/1159
f 702/3805/1160 701/3806/1160 690/3807/1160
f 691/3808/1161 692/3809/1161 702/3810/1161
f 703/3811/1162 702/3812/1162 692/3813/1162
f 693/3814/1163 694/3815/1163 704/3816/1163
f 705/3817/1164 704/3818/1164 694/3819/1164
f 694/3820/1165 695/3821/1165 706/3822/1165
f 706/3823/1166 705/3824/1166 694/3825/1166
f 695/3826/1167 696/3827/1167 707/3828/1167
f 707/3829/1168 706/3830/1168 695/3831/1168
f 696/3832/1169 697/3833/1169 708/3834/1169
f 708/3835/1170 707/3836/1170 696/3837/1170
f 709/3838/1171 708/3839/1171 697/3840/1171
f 717/3841/1172 698/3842/1172 737/3843/1172
f 718/3844/1173 737/3845/1173 698/3846/1173
f 698/3847/1174 699/3848/1174 719/3849/1174
f 719/3850/1175 718/3851/1175 698/3852/1175
f 699/3853/1176 700/3854/1176 719/3855/1176
f 720/3856/1177 719/3857/1177 700/3858/1177
f 700/3859/1178 701/3860/1178 720/3861/1178
f 721/3862/1179 720/3863/1179 701/3864/1179
f 701/3865/1180 702/3866/1180 722/3867/1180
f 722/3868/1181 721/3869/1181 701/3870/1181
f 702/3871/1182 703/3872/1182 723/3873/1182
f 723/3874/1183 722/3875/1183 702/3876/1183
f 704/3877/1184 705/3878/1184 724/3879/1184
f 725/3880/1185 724/3881/1185 705/3882/1185
f 705/3883/1186 706/3884/1186 726/3885/1186
f 726/3886/1187 725/3887/1187 705/3888/1187
f 706/3889/1188 707/3890/1188 727/3891/1188
f 727/3892/1189 726/3893/1189 706/3894/1189
f 707/3895/1190 708/3896/1190 728/3897/1190
f 728/3898/1191 727/3899/1191 707/3900/1191
f 708/3901/1192 709/3902/1192 729/3903/1192
f 729/3904/1193 728/3905/1193 708/3906/1193
f 709/3907/1194 710/3908/1194 730/3909/1194
f 730/3910/1195 729/3911/1195 709/3912/1195
f 710/3913/1196 711/3914/1196 731/3915/1196
f 731/3916/1197 730/3917/1197 710/3918/1197
f 712/3919/1198 713/3920/1198 732/3921/1198
f 733/3922/1199 732/3923/1199 713/3924/1199
f 713/3925/1200 714/3926/1200 733/3927/1200
f 734/3928/1201 733/3929/1201 714/3930/1201
f 714/3931/1202 715/3932/1202 734/3933/1202
f 735/3934/1203 734/3935/1203 715/3936/1203
f 715/3937/1204 716/3938/1204 735/3939/1204
f 736/3940/1205 735/3941/1205 716/3942/1205
f 737/3943/1206 718/3944/1206 758/3945/1206
f 738/3946/1207 758/3947/1207 718/3948/1207
f 718/3949/1208 719/3950/1208 738/3951/1208
f 739/3952/1209 738/3953/1209 719/3954/1209
f 719/3955/1210 720/3956/1210 739/3957/1210
f 740/3958/1211 739/3959/1211 720/3960/1211
f 720/3961/1212 721/3962/1212 740/3963/1212
f 741/3964/1213 740/3965/1213 721/3966/1213
f 721/3967/1214 722/3968/1214 741/3969/1214
f 742/3970/1215 741/3971/1215 722/3972/1215
f 722/3973/1216 723/3974/1216 742/3975/1216
f 743/3976/1217 742/3977/1217 723/3978/1217
f 724/3979/1218 725/3980/1218 745/3981/1218
f 745/3982/1219 744/3983/1219 724/3984/1219
f 725/3985/1220 726/3986/1220 746/3987/1220
f 746/3988/1221 745/3989/1221 725/3990/1221
f 726/3991/1222 727/3992/1222 747/3993/1222
f 747/3994/1223 746/3995/1223 726/3996/1223
f 727/3997/1224 728/3998/1224 748/3999/1224
f 748/4000/1225 747/4001/1225 727/4002/1225
f 728/4003/1226 729/4004/1226 749/4005/1226
f 749/4006/1227 748/4007/1227 728/4008/1227
f 729/4009/1228 730/4010/1228 750/4011/1228
f 750/4012/1229 749/4013/1229 729/4014/1229
f 730/4015/1230 731/4016/1230 751/4017/1230
f 751/4018/1231 750/4019/1231 730/4020/1231
f 732/4021/1232 733/4022/1232 752/4023/1232
f 753/4024/1233 752/4025/1233 733/4026/1233
f 733/4027/1234 734/4028/1234 753/4029/1234
f 754/4030/1235 753/4031/1235 734/4032/1235
f 734/4033/1236 735/4034/1236 754/4035/1236
f 755/4036/1237 754/4037/1237 735/4038/1237
f 735/4039/1238 736/4040/1238 755/4041/1238
f 756/4042/1239 755/4043/1239 736/4044/1239
f 758/4045/1240 757/4046/1240 737/4047/1240
f 758/4048/1241 738/4049/1241 779/4050/1241
f 759/4051/1242 779/4052/1242 738/4053/1242
f 738/4054/1243 739/4055/1243 760/4056/1243
f 760/4057/1244 759/4058/1244 738/4059/1244
f 739/4060/1245 740/4061/1245 761/4062/1245
f 761/4063/1246 760/4064/1246 739/4065/1246
f 740/4066/1247 741/4067/1247 762/4068/1247
f 762/4069/1248 761/4070/1248 740/4071/1248
f 741/4072/1249 742/4073/1249 763/4074/1249
f 763/4075/1250 762/4076/1250 741/4077/1250
f 742/4078/1251 743/4079/1251 764/4080/1251
f 764/4081/1252 763/4082/1252 742/4083/1252
f 744/4084/1253 745/4085/1253 765/4086/1253
f 766/4087/1254 765/4088/1254 745/4089/1254
f 745/4090/1255 746/4091/1255 766/4092/1255
f 767/4093/1256 766/4094/1256 746/4095/1256
f 746/4096/1257 747/4097/1257 767/4098/1257
f 768/4099/1258 767/4100/1258 747/4101/1258
f 747/4102/1259 748/4103/1259 768/4104/1259
f 769/4105/1260 768/4106/1260 748/4107/1260
f 748/4108/1261 749/4109/1261 769/4110/1261
f 770/4111/1262 769/4112/1262 749/4113/1262
f 749/4114/1263 750/4115/1263 771/4116/1263
f 771/4117/1264 770/4118/1264 749/4119/1264
f 750/4120/1265 751/4121/1265 772/4122/1265
f 772/4123/1266 771/4124/1266 750/4125/1266
f 752/4126/1267 753/4127/1267 773/4128/1267
f 774/4129/1268 773/4130/1268 753/4131/1268
f 753/4132/1269 754/4133/1269 774/4134/1269
f 775/4135/1270 774/4136/1270 754/4137/1270
f 754/4138/1271 755/4139/1271 775/4140/1271
f 776/4141/1272 775/4142/1272 755/4143/1272
f 755/4144/1273 756/4145/1273 776/4146/1273
f 777/4147/1274 776/4148/1274 756/4149/1274
f 756/4150/1275 757/4151/1275 777/4152/1275
f 778/4153/1276 777/4154/1276 757/4155/1276
f 757/4156/1277 758/4157/1277 779/4158/1277
f 779/4159/1278 778/4160/1278 757/4161/1278
f 779/4162/1279 759/4163/1279 795/4164/1279
f 760/4165/1280 761/4166/1280 780/4167/1280
f 781/4168/1281 780/4169/1281 761/4170/1281
f 761/4171/1282 762/4172/1282 781/4173/1282
f 782/4174/1283 781/4175/1283 762/4176/1283
f 762/4177/1284 763/4178/1284 782/4179/1284
f 783/4180/1285 782/4181/1285 763/4182/1285
f 763/4183/1286 764/4184/1286 784/4185/1286
f 784/4186/1287 783/4187/1287 763/4188/1287
f 765/4189/1288 766/4190/1288 786/4191/1288
f 786/4192/1289 785/4193/1289 765/4194/1289
f 766/4195/1290 767/4196/1290 787/4197/1290
f 787/4198/1291 786/4199/1291 766/4200/1291
f 767/4201/1292 768/4202/1292 788/4203/1292
f 788/4204/1293 787/4205/1293 767/4206/1293
f 768/4207/1294 769/4208/1294 789/4209/1294
f 789/4210/1295 788/4211/1295 768/4212/1295
f 769/4213/1296 770/4214/1296 790/4215/1296
f 790/4216/1297 789/4217/1297 769/4218/1297
f 770/4219/1298 771/4220/1298 791/4221/1298
f 791/4222/1299 790/4223/1299 770/4224/1299
f 771/4225/1300 772/4226/1300 792/4227/1300
f 792/4228/1301 791/4229/1301 771/4230/1301
f 775/4231/1302 776/4232/1302 793/4233/1302
f 778/4234/1303 779/4235/1303 794/4236/1303
f 795/4237/1304 794/4238/1304 779/4239/1304
f 780/4240/1305 781/4241/1305 796/4242/1305
f 781/4243/1306 782/4244/1306 796/4245/1306
f 782/4246/1307 783/4247/1307 796/4248/1307
f 783/4249/1308 784/4250/1308 796/4251/1308
f 785/4252/1309 786/4253/1309 796/4254/1309
f 786/4255/1310 787/4256/1310 796/4257/1310
f 787/4258/1311 788/4259/1311 796/4260/1311
f 788/4261/1312 789/4262/1312 796/4263/1312
f 789/4264/1313 790/4265/1313 796/4266/1313
f 790/4267/1314 791/4268/1314 796/4269/1314
f 791/4270/1315 792/4271/1315 796/4272/1315
f 794/4273/1316 795/4274/1316 796/4275/1316
f 195/4276/1317 686/4277/1317 685/4278/1317
f 687/4279/1318 195/4280/1318 217/4281/1318
f 682/4282/1319 177/4283/1319 178/4284/1319
f 682/4285/1320 194/4286/1320 177/4287/1320
f 690/4288/1321 689/4289/1321 682/4290/1321
f 683/4291/1322 684/4292/1322 691/4293/1322
f 692/4294/1323 691/4295/1323 684/4296/1323
f 167/4297/1324 168/4298/1324 684/4299/1324
f 168/4300/1325 169/4301/1325 684/4302/1325
f 684/4303/1326 178/4304/1326 167/4305/1326
f 683/4306/1146 178/4307/1146 684/4308/1146
f 179/4309/1327 684/4310/1327 169/4311/1327
f 684/4312/1328 179/4313/1328 195/4314/1328
f 684/4315/1317 195/4316/1317 685/4317/1317
f 687/4318/1329 688/4319/1329 695/4320/1329
f 688/4321/1318 687/4322/1318 217/4323/1318
f 696/4324/1330 695/4325/1330 688/4326/1330
f 693/4327/1331 692/4328/1331 684/4329/1331
f 692/4330/1332 693/4331/1332 704/4332/1332
f 704/4333/1333 703/4334/1333 692/4335/1333
f 703/4336/1334 704/4337/1334 724/4338/1334
f 711/4339/1335 712/4340/1335 732/4341/1335
f 724/4342/1336 723/4343/1336 703/4344/1336
f 723/4345/1337 724/4346/1337 744/4347/1337
f 732/4348/1338 731/4349/1338 711/4350/1338
f 731/4351/1339 732/4352/1339 752/4353/1339
f 716/4354/1340 717/4355/1340 736/4356/1340
f 737/4357/1341 736/4358/1341 717/4359/1341
f 736/4360/1342 737/4361/1342 757/4362/1342
f 757/4363/1343 756/4364/1343 736/4365/1343
f 744/4366/1344 743/4367/1344 723/4368/1344
f 743/4369/1345 744/4370/1345 765/4371/1345
f 752/4372/1346 751/4373/1346 731/4374/1346
f 751/4375/1347 752/4376/1347 773/4377/1347
f 765/4378/1348 764/4379/1348 743/4380/1348
f 764/4381/1349 765/4382/1349 785/4383/1349
f 773/4384/1350 772/4385/1350 751/4386/1350
f 759/4387/1351 760/4388/1351 795/4389/1351
f 780/4390/1352 795/4391/1352 760/4392/1352
f 795/4393/1353 780/4394/1353 796/4395/1353
f 785/4396/1354 784/4397/1354 764/4398/1354
f 784/4399/1355 785/4400/1355 796/4401/1355
f 772/4402/1356 773/4403/1356 792/4404/1356
f 793/4405/1357 792/4406/1357 773/4407/1357
f 773/4408/1358 774/4409/1358 793/4410/1358
f 774/4411/1359 775/4412/1359 793/4413/1359
f 792/4414/1360 793/4415/1360 796/4416/1360
f 794/4417/1361 793/4418/1361 776/4419/1361
f 793/4420/1362 794/4421/1362 796/4422/1362
f 776/4423/1363 777/4424/1363 794/4425/1363
f 777/4426/1364 778/4427/1364 794/4428/1364
f 797/4429/1365 195/4430/1365 798/4431/1365
f 800/4432/1366 180/4433/1366 801/4434/1366
f 807/4435/1367 797/4436/1367 817/4437/1367
f 808/4438/1368 817/4439/1368 797/4440/1368
f 809/4441/1369 808/4442/1369 797/4443/1369
f 797/4444/1370 798/4445/1370 809/4446/1370
f 810/4447/1371 809/4448/1371 798/4449/1371
f 798/4450/1372 799/4451/1372 810/4452/1372
f 799/4453/1373 800/4454/1373 810/4455/1373
f 811/4456/1374 810/4457/1374 800/4458/1374
f 800/4459/1375 801/4460/1375 811/4461/1375
f 812/4462/1376 811/4463/1376 801/4464/1376
f 814/4465/1377 813/4466/1377 803/4467/1377
f 803/4468/1378 804/4469/1378 814/4470/1378
f 815/4471/1379 814/4472/1379 804/4473/1379
f 817/4474/1380 808/4475/1380 833/4476/1380
f 818/4477/1381 833/4478/1381 808/4479/1381
f 808/4480/1382 809/4481/1382 819/4482/1382
f 819/4483/1383 818/4484/1383 808/4485/1383
f 809/4486/1384 810/4487/1384 820/4488/1384
f 820/4489/1385 819/4490/1385 809/4491/1385
f 810/4492/1386 811/4493/1386 820/4494/1386
f 821/4495/1387 820/4496/1387 811/4497/1387
f 811/4498/1388 812/4499/1388 822/4500/1388
f 822/4501/1389 821/4502/1389 811/4503/1389
f 813/4504/1390 814/4505/1390 823/4506/1390
f 824/4507/1391 823/4508/1391 814/4509/1391
f 814/4510/1392 815/4511/1392 824/4512/1392
f 825/4513/1393 824/4514/1393 815/4515/1393
f 832/4516/1394 831/4517/1394 816/4518/1394
f 833/4519/1395 818/4520/1395 849/4521/1395
f 834/4522/1396 849/4523/1396 818/4524/1396
f 818/4525/1397 819/4526/1397 835/4527/1397
f 835/4528/1398 834/4529/1398 818/4530/1398
f 819/4531/1399 820/4532/1399 836/4533/1399
f 836/4534/1400 835/4535/1400 819/4536/1400
f 820/4537/1401 821/4538/1401 836/4539/1401
f 837/4540/1402 836/4541/1402 821/4542/1402
f 821/4543/1403 822/4544/1403 838/4545/1403
f 838/4546/1404 837/4547/1404 821/4548/1404
f 823/4549/1405 824/4550/1405 840/4551/1405
f 840/4552/1406 839/4553/1406 823/4554/1406
f 824/4555/1407 825/4556/1407 841/4557/1407
f 841/4558/1408 840/4559/1408 824/4560/1408
f 825/4561/1409 826/4562/1409 841/4563/1409
f 842/4564/1410 841/4565/1410 826/4566/1410
f 826/4567/1411 827/4568/1411 843/4569/1411
f 843/4570/1412 842/4571/1412 826/4572/1412
f 827/4573/1413 828/4574/1413 844/4575/1413
f 844/4576/1414 843/4577/1414 827/4578/1414
f 828/4579/1415 829/4580/1415 845/4581/1415
f 845/4582/1416 844/4583/1416 828/4584/1416
f 829/4585/1417 830/4586/1417 846/4587/1417
f 846/4588/1418 845/4589/1418 829/4590/1418
f 830/4591/1419 831/4592/1419 846/4593/1419
f 847/4594/1420 846/4595/1420 831/4596/1420
f 831/4597/1421 832/4598/1421 847/4599/1421
f 848/4600/1422 847/4601/1422 832/4602/1422
f 849/4603/1423 834/4604/1423 865/4605/1423
f 850/4606/1424 865/4607/1424 834/4608/1424
f 834/4609/1425 835/4610/1425 851/4611/1425
f 851/4612/1426 850/4613/1426 834/4614/1426
f 835/4615/1427 836/4616/1427 852/4617/1427
f 852/4618/1428 851/4619/1428 835/4620/1428
f 836/4621/1429 837/4622/1429 852/4623/1429
f 853/4624/1430 852/4625/1430 837/4626/1430
f 839/4627/1431 840/4628/1431 856/4629/1431
f 856/4630/1432 855/4631/1432 839/4632/1432
f 840/4633/1433 841/4634/1433 857/4635/1433
f 857/4636/1434 856/4637/1434 840/4638/1434
f 841/4639/1435 842/4640/1435 858/4641/1435
f 858/4642/1436 857/4643/1436 841/4644/1436
f 842/4645/1437 843/4646/1437 859/4647/1437
f 859/4648/1438 858/4649/1438 842/4650/1438
f 843/4651/1439 844/4652/1439 860/4653/1439
f 860/4654/1440 859/4655/1440 843/4656/1440
f 844/4657/1441 845/4658/1441 861/4659/1441
f 861/4660/1442 860/4661/1442 844/4662/1442
f 845/4663/1443 846/4664/1443 861/4665/1443
f 862/4666/1444 861/4667/1444 846/4668/1444
f 846/4669/1445 847/4670/1445 862/4671/1445
f 863/4672/1446 862/4673/1446 847/4674/1446
f 847/4675/1447 848/4676/1447 863/4677/1447
f 864/4678/1448 863/4679/1448 848/4680/1448
f 865/4681/1449 850/4682/1449 866/4683/1449
f 866/4684/1450 881/4685/1450 865/4686/1450
f 850/4687/1451 851/4688/1451 867/4689/1451
f 867/4690/1452 866/4691/1452 850/4692/1452
f 851/4693/1453 852/4694/1453 868/4695/1453
f 868/4696/1454 867/4697/1454 851/4698/1454
f 852/4699/1455 853/4700/1455 868/4701/1455
f 869/4702/1456 868/4703/1456 853/4704/1456
f 870/4705/1457 869/4706/1457 853/4707/1457
f 855/4708/1458 856/4709/1458 871/4710/1458
f 872/4711/1459 871/4712/1459 856/4713/1459
f 856/4714/1460 857/4715/1460 872/4716/1460
f 873/4717/1461 872/4718/1461 857/4719/1461
f 857/4720/1462 858/4721/1462 873/4722/1462
f 874/4723/1463 873/4724/1463 858/4725/1463
f 858/4726/1464 859/4727/1464 874/4728/1464
f 875/4729/1465 874/4730/1465 859/4731/1465
f 859/4732/1466 860/4733/1466 876/4734/1466
f 876/4735/1467 875/4736/1467 859/4737/1467
f 860/4738/1468 861/4739/1468 877/4740/1468
f 877/4741/1469 876/4742/1469 860/4743/1469
f 861/4744/1470 862/4745/1470 878/4746/1470
f 878/4747/1470 877/4748/1470 861/4749/1470
f 862/4750/1471 863/4751/1471 878/4752/1471
f 879/4753/1472 878/4754/1472 863/4755/1472
f 863/4756/1473 864/4757/1473 880/4758/1473
f 880/4759/1474 879/4760/1474 863/4761/1474
f 881/4762/1475 866/4763/1475 897/4764/1475
f 882/4765/1476 897/4766/1476 866/4767/1476
f 866/4768/1477 867/4769/1477 883/4770/1477
f 883/4771/1478 882/4772/1478 866/4773/1478
f 867/4774/1479 868/4775/1479 883/4776/1479
f 884/4777/1480 883/4778/1480 868/4779/1480
f 868/4780/1481 869/4781/1481 884/4782/1481
f 885/4783/1482 884/4784/1482 869/4785/1482
f 871/4786/1483 872/4787/1483 887/4788/1483
f 888/4789/1484 887/4790/1484 872/4791/1484
f 872/4792/1485 873/4793/1485 889/4794/1485
f 889/4795/1486 888/4796/1486 872/4797/1486
f 873/4798/1487 874/4799/1487 889/4800/1487
f 890/4801/1488 889/4802/1488 874/4803/1488
f 874/4804/1489 875/4805/1489 891/4806/1489
f 891/4807/1490 890/4808/1490 874/4809/1490
f 875/4810/1491 876/4811/1491 892/4812/1491
f 892/4813/1492 891/4814/1492 875/4815/1492
f 876/4816/1493 877/4817/1493 893/4818/1493
f 893/4819/1494 892/4820/1494 876/4821/1494
f 877/4822/1495 878/4823/1495 894/4824/1495
f 894/4825/1496 893/4826/1496 877/4827/1496
f 878/4828/1497 879/4829/1497 894/4830/1497
f 895/4831/1498 894/4832/1498 879/4833/1498
f 879/4834/1499 880/4835/1499 895/4836/1499
f 896/4837/1500 895/4838/1500 880/4839/1500
f 897/4840/1501 882/4841/1501 898/4842/1501
f 898/4843/1502 913/4844/1502 897/4845/1502
f 882/4846/1503 883/4847/1503 899/4848/1503
f 899/4849/1504 898/4850/1504 882/4851/1504
f 883/4852/1505 884/4853/1505 899/4854/1505
f 900/4855/1506 899/4856/1506 884/4857/1506
f 884/4858/1507 885/4859/1507 900/4860/1507
f 901/4861/1508 900/4862/1508 885/4863/1508
f 902/4864/1509 901/4865/1509 885/4866/1509
f 887/4867/1510 888/4868/1510 903/4869/1510
f 904/4870/1511 903/4871/1511 888/4872/1511
f 888/4873/1512 889/4874/1512 904/4875/1512
f 905/4876/1513 904/4877/1513 889/4878/1513
f 889/4879/1514 890/4880/1514 905/4881/1514
f 906/4882/1515 905/4883/1515 890/4884/1515
f 890/4885/1516 891/4886/1516 907/4887/1516
f 907/4888/1517 906/4889/1517 890/4890/1517
f 891/4891/1518 892/4892/1518 908/4893/1518
f 908/4894/1519 907/4895/1519 891/4896/1519
f 892/4897/1520 893/4898/1520 909/4899/1520
f 909/4900/1521 908/4901/1521 892/4902/1521
f 893/4903/1522 894/4904/1522 910/4905/1522
f 910/4906/1523 909/4907/1523 893/4908/1523
f 894/4909/1524 895/4910/1524 910/4911/1524
f 911/4912/1525 910/4913/1525 895/4914/1525
f 895/4915/1526 896/4916/1526 911/4917/1526
f 912/4918/1527 911/4919/1527 896/4920/1527
f 913/4921/1528 898/4922/1528 914/4923/1528
f 898/4924/1529 899/4925/1529 914/4926/1529
f 899/4927/1530 900/4928/1530 914/4929/1530
f 900/4930/1531 901/4931/1531 914/4932/1531
f 901/4933/1532 902/4934/1532 914/4935/1532
f 903/4936/1533 904/4937/1533 914/4938/1533
f 904/4939/1534 905/4940/1534 914/4941/1534
f 905/4942/1535 906/4943/1535 914/4944/1535
f 906/4945/1536 907/4946/1536 914/4947/1536
f 907/4948/1537 908/4949/1537 914/4950/1537
f 908/4951/1538 909/4952/1538 914/4953/1538
f 909/4954/1539 910/4955/1539 914/4956/1539
f 910/4957/1540 911/4958/1540 914/4959/1540
f 911/4960/1541 912/4961/1541 914/4962/1541
f 798/4963/1365 195/4964/1365 179/4965/1365
f 180/4966/1542 800/4967/1542 799/4968/1542
f 799/4969/1365 798/4970/1365 179/4971/1365
f 179/4972/1366 180/4973/1366 799/4974/1366
f 171/4975/1543 181/4976/1543 802/4977/1543
f 181/4978/1544 196/4979/1544 804/4980/1544
f 803/4981/1544 181/4982/1544 804/4983/1544
f 806/4984/1545 217/4985/1545 807/4986/1545
f 195/4987/1545 797/4988/1545 807/4989/1545
f 217/4990/1545 195/4991/1545 807/4992/1545
f 802/4993/1543 180/4994/1543 171/4995/1543
f 801/4996/1546 180/4997/1546 802/4998/1546
f 802/4999/1547 803/5000/1547 813/5001/1547
f 802/5002/1544 181/5003/1544 803/5004/1544
f 805/5005/1548 217/5006/1548 806/5007/1548
f 801/5008/1549 802/5009/1549 812/5010/1549
f 813/5011/1550 812/5012/1550 802/5013/1550
f 812/5014/1551 813/5015/1551 823/5016/1551
f 805/5017/1552 806/5018/1552 816/5019/1552
f 806/5020/1553 807/5021/1553 816/5022/1553
f 817/5023/1554 816/5024/1554 807/5025/1554
f 823/5026/1555 822/5027/1555 812/5028/1555
f 822/5029/1556 823/5030/1556 839/5031/1556
f 816/5032/1557 817/5033/1557 832/5034/1557
f 833/5035/1558 832/5036/1558 817/5037/1558
f 839/5038/1559 838/5039/1559 822/5040/1559
f 838/5041/1560 839/5042/1560 855/5043/1560
f 855/5044/1561 854/5045/1561 838/5046/1561
f 832/5047/1562 833/5048/1562 848/5049/1562
f 849/5050/1563 848/5051/1563 833/5052/1563
f 837/5053/1564 838/5054/1564 854/5055/1564
f 854/5056/1565 853/5057/1565 837/5058/1565
f 853/5059/1566 854/5060/1566 870/5061/1566
f 848/5062/1567 849/5063/1567 864/5064/1567
f 865/5065/1568 864/5066/1568 849/5067/1568
f 864/5068/1569 865/5069/1569 881/5070/1569
f 854/5071/1570 855/5072/1570 870/5073/1570
f 871/5074/1571 870/5075/1571 855/5076/1571
f 870/5077/1572 871/5078/1572 887/5079/1572
f 887/5080/1573 886/5081/1573 870/5082/1573
f 881/5083/1574 880/5084/1574 864/5085/1574
f 880/5086/1575 881/5087/1575 897/5088/1575
f 869/5089/1576 870/5090/1576 886/5091/1576
f 886/5092/1577 885/5093/1577 869/5094/1577
f 885/5095/1578 886/5096/1578 902/5097/1578
f 897/5098/1579 896/5099/1579 880/5100/1579
f 896/5101/1580 897/5102/1580 913/5103/1580
f 886/5104/1581 887/5105/1581 902/5106/1581
f 903/5107/1582 902/5108/1582 887/5109/1582
f 902/5110/1583 903/5111/1583 914/5112/1583
f 913/5113/1584 912/5114/1584 896/5115/1584
f 912/5116/1585 913/5117/1585 914/5118/1585
f 926/5119/1586 216/5120/1586 927/5121/1586
f 915/5122/1587 916/5123/1587 930/5124/1587
f 931/5125/1588 930/5126/1588 916/5127/1588
f 932/5128/1589 931/5129/1589 916/5130/1589
f 916/5131/1590 917/5132/1590 932/5133/1590
f 933/5134/1591 932/5135/1591 917/5136/1591
f 917/5137/1592 918/5138/1592 933/5139/1592
f 934/5140/1593 933/5141/1593 918/5142/1593
f 918/5143/1594 919/5144/1594 934/5145/1594
f 935/5146/1595 934/5147/1595 919/5148/1595
f 919/5149/1596 920/5150/1596 935/5151/1596
f 936/5152/1597 935/5153/1597 920/5154/1597
f 920/5155/1598 921/5156/1598 936/5157/1598
f 921/5158/1599 922/5159/1599 936/5160/1599
f 937/5161/1600 936/5162/1600 922/5163/1600
f 922/5164/1601 923/5165/1601 937/5166/1601
f 938/5167/1602 937/5168/1602 923/5169/1602
f 923/5170/1603 924/5171/1603 938/5172/1603
f 924/5173/1604 925/5174/1604 938/5175/1604
f 939/5176/1605 938/5177/1605 925/5178/1605
f 926/5179/1606 927/5180/1606 941/5181/1606
f 927/5182/1607 928/5183/1607 941/5184/1607
f 942/5185/1608 941/5186/1608 928/5187/1608
f 928/5188/1609 929/5189/1609 942/5190/1609
f 943/5191/1610 942/5192/1610 929/5193/1610
f 943/5194/1611 930/5195/1611 956/5196/1611
f 944/5197/1612 956/5198/1612 930/5199/1612
f 930/5200/1613 931/5201/1613 944/5202/1613
f 945/5203/1614 944/5204/1614 931/5205/1614
f 931/5206/1615 932/5207/1615 946/5208/1615
f 946/5209/1616 945/5210/1616 931/5211/1616
f 932/5212/1617 933/5213/1617 947/5214/1617
f 947/5215/1618 946/5216/1618 932/5217/1618
f 933/5218/1619 934/5219/1619 948/5220/1619
f 948/5221/1620 947/5222/1620 933/5223/1620
f 934/5224/1621 935/5225/1621 949/5226/1621
f 949/5227/1622 948/5228/1622 934/5229/1622
f 936/5230/1623 937/5231/1623 950/5232/1623
f 937/5233/1624 938/5234/1624 951/5235/1624
f 951/5236/1625 950/5237/1625 937/5238/1625
f 938/5239/1626 939/5240/1626 952/5241/1626
f 952/5242/1627 951/5243/1627 938/5244/1627
f 939/5245/1628 940/5246/1628 952/5247/1628
f 953/5248/1629 952/5249/1629 940/5250/1629
f 940/5251/1630 941/5252/1630 953/5253/1630
f 954/5254/1631 953/5255/1631 941/5256/1631
f 941/5257/1632 942/5258/1632 954/5259/1632
f 955/5260/1633 954/5261/1633 942/5262/1633
f 942/5263/1634 943/5264/1634 955/5265/1634
f 956/5266/1635 955/5267/1635 943/5268/1635
f 956/5269/1636 944/5270/1636 969/5271/1636
f 957/5272/1637 969/5273/1637 944/5274/1637
f 944/5275/1638 945/5276/1638 957/5277/1638
f 958/5278/1639 957/5279/1639 945/5280/1639
f 945/5281/1640 946/5282/1640 959/5283/1640
f 959/5284/1641 958/5285/1641 945/5286/1641
f 946/5287/1642 947/5288/1642 960/5289/1642
f 960/5290/1643 959/5291/1643 946/5292/1643
f 947/5293/1644 948/5294/1644 961/5295/1644
f 961/5296/1645 960/5297/1645 947/5298/1645
f 948/5299/1646 949/5300/1646 962/5301/1646
f 962/5302/1647 961/5303/1647 948/5304/1647
f 950/5305/1648 951/5306/1648 964/5307/1648
f 964/5308/1649 963/5309/1649 950/5310/1649
f 951/5311/1650 952/5312/1650 965/5313/1650
f 965/5314/1651 964/5315/1651 951/5316/1651
f 952/5317/1652 953/5318/1652 965/5319/1652
f 966/5320/1653 965/5321/1653 953/5322/1653
f 953/5323/1654 954/5324/1654 966/5325/1654
f 967/5326/1655 966/5327/1655 954/5328/1655
f 954/5329/1656 955/5330/1656 967/5331/1656
f 968/5332/1657 967/5333/1657 955/5334/1657
f 955/5335/1658 956/5336/1658 968/5337/1658
f 969/5338/1659 968/5339/1659 956/5340/1659
f 969/5341/1660 957/5342/1660 982/5343/1660
f 970/5344/1661 982/5345/1661 957/5346/1661
f 957/5347/1662 958/5348/1662 970/5349/1662
f 971/5350/1663 970/5351/1663 958/5352/1663
f 958/5353/1664 959/5354/1664 972/5355/1664
f 972/5356/1665 971/5357/1665 958/5358/1665
f 959/5359/1666 960/5360/1666 973/5361/1666
f 973/5362/1667 972/5363/1667 959/5364/1667
f 960/5365/1668 961/5366/1668 974/5367/1668
f 974/5368/1669 973/5369/1669 960/5370/1669
f 961/5371/1670 962/5372/1670 975/5373/1670
f 975/5374/1671 974/5375/1671 961/5376/1671
f 963/5377/1672 964/5378/1672 977/5379/1672
f 977/5380/1673 976/5381/1673 963/5382/1673
f 964/5383/1674 965/5384/1674 978/5385/1674
f 978/5386/1675 977/5387/1675 964/5388/1675
f 965/5389/1676 966/5390/1676 978/5391/1676
f 979/5392/1677 978/5393/1677 966/5394/1677
f 966/5395/1678 967/5396/1678 979/5397/1678
f 980/5398/1679 979/5399/1679 967/5400/1679
f 967/5401/1680 968/5402/1680 980/5403/1680
f 981/5404/1681 980/5405/1681 968/5406/1681
f 968/5407/1682 969/5408/1682 981/5409/1682
f 982/5410/1683 981/5411/1683 969/5412/1683
f 982/5413/1684 970/5414/1684 983/5415/1684
f 970/5416/1685 971/5417/1685 983/5418/1685
f 971/5419/1686 972/5420/1686 983/5421/1686
f 972/5422/1687 973/5423/1687 983/5424/1687
f 973/5425/1688 974/5426/1688 983/5427/1688
f 974/5428/1689 975/5429/1689 983/5430/1689
f 976/5431/1690 977/5432/1690 983/5433/1690
f 977/5434/1691 978/5435/1691 983/5436/1691
f 978/5437/1692 979/5438/1692 983/5439/1692
f 979/5440/1693 980/5441/1693 983/5442/1693
f 980/5443/1694 981/5444/1694 983/5445/1694
f 981/5446/1695 982/5447/1695 983/5448/1695
f 915/5449/1696 203/5450/1696 188/5451/1696
f 916/5452/1696 915/5453/1696 188/5454/1696
f 188/5455/1696 189/5456/1696 916/5457/1696
f 917/5458/1696 916/5459/1696 189/5460/1696
f 189/5461/1696 918/5462/1696 917/5463/1696
f 189/5464/1696 204/5465/1696 919/5466/1696
f 918/5467/1696 189/5468/1696 919/5469/1696
f 216/5470/1697 210/5471/1697 928/5472/1697
f 927/5473/1698 216/5474/1698 928/5475/1698
f 928/5476/1699 210/5477/1699 929/5478/1699
f 210/5479/1699 203/5480/1699 929/5481/1699
f 203/5482/1700 915/5483/1700 929/5484/1700
f 929/5485/1701 915/5486/1701 943/5487/1701
f 930/5488/1702 943/5489/1702 915/5490/1702
f 222/5491/1703 216/5492/1703 926/5493/1703
f 941/5494/1704 940/5495/1704 926/5496/1704
f 939/5497/1705 925/5498/1705 227/5499/1705
f 940/5500/1706 222/5501/1706 926/5502/1706
f 227/5503/1707 222/5504/1707 940/5505/1707
f 940/5506/1708 939/5507/1708 227/5508/1708
f 935/5509/1709 936/5510/1709 949/5511/1709
f 950/5512/1710 949/5513/1710 936/5514/1710
f 949/5515/1711 950/5516/1711 963/5517/1711
f 963/5518/1712 962/5519/1712 949/5520/1712
f 962/5521/1713 963/5522/1713 976/5523/1713
f 976/5524/1714 975/5525/1714 962/5526/1714
f 975/5527/1715 976/5528/1715 983/5529/1715
f 985/5530/1716 242/5531/1716 986/5532/1716
f 987/5533/1717 805/5534/1717 988/5535/1717
f 992/5536/1718 263/5537/1718 993/5538/1718
f 995/5539/1719 996/5540/1719 997/5541/1719
f 984/5542/1720 997/5543/1720 996/5544/1720
f 985/5545/1721 998/5546/1721 984/5547/1721
f 997/5548/1722 984/5549/1722 998/5550/1722
f 998/5551/1723 985/5552/1723 986/5553/1723
f 989/5554/1724 999/5555/1724 988/5556/1724
f 988/5557/1725 999/5558/1725 987/5559/1725
f 998/5560/1726 987/5561/1726 999/5562/1726
f 994/5563/1727 995/5564/1727 1000/5565/1727
f 997/5566/1728 1000/5567/1728 995/5568/1728
f 993/5569/1729 1000/5570/1729 992/5571/1729
f 998/5572/1730 1001/5573/1730 997/5574/1730
f 1000/5575/1731 997/5576/1731 1001/5577/1731
f 258/5578/1732 242/5579/1732 985/5580/1732
f 984/5581/1733 258/5582/1733 985/5583/1733
f 816/5584/1734 989/5585/1734 988/5586/1734
f 988/5587/1735 805/5588/1735 816/5589/1735
f 831/5590/1736 830/5591/1736 990/5592/1736
f 830/5593/1737 829/5594/1737 991/5595/1737
f 993/5596/1738 263/5597/1738 252/5598/1738
f 258/5599/1739 984/5600/1739 996/5601/1739
f 995/5602/1740 258/5603/1740 996/5604/1740
f 987/5605/1741 217/5606/1741 805/5607/1741
f 986/5608/1742 987/5609/1742 998/5610/1742
f 986/5611/1743 242/5612/1743 987/5613/1743
f 242/5614/1744 217/5615/1744 987/5616/1744
f 990/5617/1745 999/5618/1745 989/5619/1745
f 989/5620/1746 816/5621/1746 990/5622/1746
f 816/5623/1747 831/5624/1747 990/5625/1747
f 990/5626/1748 991/5627/1748 999/5628/1748
f 990/5629/1749 830/5630/1749 991/5631/1749
f 994/5632/1750 1000/5633/1750 993/5634/1750
f 252/5635/1751 994/5636/1751 993/5637/1751
f 1003/5638/1752 1004/5639/1752 1002/5640/1752
f 1003/5641/1753 1005/5642/1753 1004/5643/1753
f 252/5644/1754 255/5645/1754 1002/5646/1754
f 249/5647/1755 1003/5648/1755 1002/5649/1755
f 1002/5650/1756 255/5651/1756 249/5652/1756
f 1008/5653/1757 713/5654/1757 1009/5655/1757
f 1011/5656/1758 1005/5657/1758 1012/5658/1758
f 1014/5659/1759 249/5660/1759 1015/5661/1759
f 1015/5662/1760 249/5663/1760 1016/5664/1760
f 1013/5665/1761 1021/5666/1761 1012/5667/1761
f 1012/5668/1762 1021/5669/1762 1011/5670/1762
f 1016/5671/1763 1022/5672/1763 1015/5673/1763
f 1015/5674/1764 1022/5675/1764 1014/5676/1764
f 1021/5677/1765 1013/5678/1765 1022/5679/1765
f 1022/5680/1766 1023/5681/1766 1021/5682/1766
f 1018/5683/1767 1021/5684/1767 1023/5685/1767
f 1018/5686/1768 1023/5687/1768 1017/5688/1768
f 1006/5689/1769 1007/5690/1769 1024/5691/1769
f 1025/5692/1770 1018/5693/1770 1017/5694/1770
f 1009/5695/1771 1010/5696/1771 1026/5697/1771
f 1026/5698/1772 1019/5699/1772 1024/5700/1772
f 1009/5701/1773 1026/5702/1773 1008/5703/1773
f 1024/5704/1774 1007/5705/1774 1026/5706/1774
f 1017/5707/1775 1027/5708/1775 1025/5709/1775
f 1027/5710/1776 1019/5711/1776 1025/5712/1776
f 1028/5713/1777 1019/5714/1777 1027/5715/1777
f 1029/5716/1778 1017/5717/1778 1020/5718/1778
f 1017/5719/1779 1029/5720/1779 1027/5721/1779
f 1028/5722/1780 1027/5723/1780 1029/5724/1780
f 1024/5725/1781 1031/5726/1781 1030/5727/1781
f 1028/5728/1782 1031/5729/1782 1019/5730/1782
f 1031/5731/1783 1024/5732/1783 1019/5733/1783
f 714/5734/1784 1007/5735/1784 1006/5736/1784
f 1006/5737/1785 715/5738/1785 714/5739/1785
f 712/5740/1786 1010/5741/1786 1009/5742/1786
f 1009/5743/1787 713/5744/1787 712/5745/1787
f 1003/5746/1788 1013/5747/1788 1012/5748/1788
f 1012/5749/1789 1005/5750/1789 1003/5751/1789
f 1016/5752/1790 249/5753/1790 254/5754/1790
f 716/5755/1791 715/5756/1791 1006/5757/1791
f 1024/5758/1792 1030/5759/1792 1006/5760/1792
f 1008/5761/1793 714/5762/1793 713/5763/1793
f 1007/5764/1794 714/5765/1794 1008/5766/1794
f 1008/5767/1795 1026/5768/1795 1007/5769/1795
f 1014/5770/1796 1022/5771/1796 1013/5772/1796
f 1013/5773/1797 1003/5774/1797 1014/5775/1797
f 1003/5776/1798 249/5777/1798 1014/5778/1798
f 1032/5779/1799 256/5780/1799 1033/5781/1799
f 1036/5782/1800 1000/5783/1800 1037/5784/1800
f 1038/5785/1801 1001/5786/1801 1039/5787/1801
f 1039/5788/1802 1001/5789/1802 1040/5790/1802
f 1042/5791/1803 999/5792/1803 1043/5793/1803
f 1043/5794/1804 999/5795/1804 1044/5796/1804
f 1047/5797/1805 243/5798/1805 1048/5799/1805
f 1048/5800/1806 243/5801/1806 1049/5802/1806
f 1051/5803/1807 250/5804/1807 1052/5805/1807
f 1032/5806/1808 1054/5807/1808 1055/5808/1808
f 1053/5809/1809 1054/5810/1809 1056/5811/1809
f 1033/5812/1810 1056/5813/1810 1032/5814/1810
f 1054/5815/1811 1032/5816/1811 1056/5817/1811
f 1035/5818/1812 1058/5819/1812 1034/5820/1812
f 1034/5821/1813 1058/5822/1813 1033/5823/1813
f 1056/5824/1814 1033/5825/1814 1058/5826/1814
f 1059/5827/1815 1051/5828/1815 1052/5829/1815
f 1056/5830/1816 1059/5831/1816 1053/5832/1816
f 1052/5833/1817 1053/5834/1817 1059/5835/1817
f 1049/5836/1818 1060/5837/1818 1048/5838/1818
f 1048/5839/1819 1060/5840/1819 1047/5841/1819
f 1059/5842/1820 1060/5843/1820 1051/5844/1820
f 1050/5845/1821 1051/5846/1821 1060/5847/1821
f 1061/5848/1822 1036/5849/1822 1037/5850/1822
f 1038/5851/1823 1062/5852/1823 1037/5853/1823
f 1037/5854/1824 1062/5855/1824 1061/5856/1824
f 1057/5857/1825 1061/5858/1825 1062/5859/1825
f 1057/5860/1826 1063/5861/1826 1060/5862/1826
f 1060/5863/1827 1063/5864/1827 1047/5865/1827
f 1039/5866/1828 1064/5867/1828 1038/5868/1828
f 1062/5869/1829 1038/5870/1829 1064/5871/1829
f 1064/5872/1830 1039/5873/1830 1040/5874/1830
f 1040/5875/1831 1041/5876/1831 1064/5877/1831
f 1065/5878/1832 1044/5879/1832 1045/5880/1832
f 1044/5881/1833 1065/5882/1833 1043/5883/1833
f 1042/5884/1834 1043/5885/1834 1065/5886/1834
f 1064/5887/1835 1041/5888/1835 1065/5889/1835
f 1042/5890/1836 1065/5891/1836 1041/5892/1836
f 1066/5893/1837 1060/5894/1837 1059/5895/1837
f 1058/5896/1838 1066/5897/1838 1056/5898/1838
f 1059/5899/1839 1056/5900/1839 1066/5901/1839
f 1066/5902/1840 1058/5903/1840 1061/5904/1840
f 1061/5905/1841 1057/5906/1841 1066/5907/1841
f 1060/5908/1842 1066/5909/1842 1057/5910/1842
f 1063/5911/1843 1057/5912/1843 1067/5913/1843
f 1062/5914/1844 1067/5915/1844 1057/5916/1844
f 1067/5917/1845 1062/5918/1845 1064/5919/1845
f 262/5920/1846 1034/5921/1846 1033/5922/1846
f 1033/5923/1847 256/5924/1847 262/5925/1847
f 262/5926/1848 263/5927/1848 1035/5928/1848
f 1034/5929/1849 262/5930/1849 1035/5931/1849
f 992/5932/1850 1000/5933/1850 1036/5934/1850
f 1000/5935/1851 1001/5936/1851 1038/5937/1851
f 1037/5938/1852 1000/5939/1852 1038/5940/1852
f 1001/5941/1853 998/5942/1853 1041/5943/1853
f 1040/5944/1854 1001/5945/1854 1041/5946/1854
f 998/5947/1855 999/5948/1855 1042/5949/1855
f 1041/5950/1856 998/5951/1856 1042/5952/1856
f 991/5953/1857 1045/5954/1857 1044/5955/1857
f 1044/5956/1858 999/5957/1858 991/5958/1858
f 1045/5959/1859 991/5960/1859 829/5961/1859
f 1049/5962/1860 243/5963/1860 244/5964/1860
f 250/5965/1861 1051/5966/1861 1050/5967/1861
f 1050/5968/1862 245/5969/1862 250/5970/1862
f 251/5971/1863 1053/5972/1863 1052/5973/1863
f 1052/5974/1864 250/5975/1864 251/5976/1864
f 260/5977/1865 1054/5978/1865 1053/5979/1865
f 1053/5980/1866 251/5981/1866 260/5982/1866
f 1054/5983/1867 260/5984/1867 1055/5985/1867
f 256/5986/1868 1032/5987/1868 1055/5988/1868
f 260/5989/1869 256/5990/1869 1055/5991/1869
f 263/5992/1870 992/5993/1870 1036/5994/1870
f 1058/5995/1871 1036/5996/1871 1061/5997/1871
f 1035/5998/1872 263/5999/1872 1036/6000/1872
f 1036/6001/1873 1058/6002/1873 1035/6003/1873
f 1046/6004/1874 829/6005/1874 828/6006/1874
f 1045/6007/1875 1046/6008/1875 1065/6009/1875
f 1045/6010/1876 829/6011/1876 1046/6012/1876
f 1050/6013/1877 1060/6014/1877 1049/6015/1877
f 244/6016/1878 1050/6017/1878 1049/6018/1878
f 1050/6019/1879 244/6020/1879 245/6021/1879
f 1068/6022/1880 142/6023/1880 1069/6024/1880
f 1070/6025/1881 155/6026/1881 1071/6027/1881
f 1075/6028/1882 173/6029/1882 1076/6030/1882
f 1077/6031/1883 1075/6032/1883 1076/6033/1883
f 1071/6034/1884 1078/6035/1884 1070/6036/1884
f 1069/6037/1885 1070/6038/1885 1078/6039/1885
f 1069/6040/1886 1078/6041/1886 1068/6042/1886
f 1071/6043/1887 1072/6044/1887 1078/6045/1887
f 1079/6046/1888 1073/6047/1888 1074/6048/1888
f 1077/6049/1889 1079/6050/1889 1075/6051/1889
f 1074/6052/1890 1075/6053/1890 1079/6054/1890
f 1079/6055/1891 1077/6056/1891 1078/6057/1891
f 1078/6058/1892 1072/6059/1892 1079/6060/1892
f 1073/6061/1893 1079/6062/1893 1072/6063/1893
f 141/6064/1894 142/6065/1894 1068/6066/1894
f 155/6067/1895 1070/6068/1895 1069/6069/1895
f 1069/6070/1896 142/6071/1896 155/6072/1896
f 1071/6073/1897 155/6074/1897 164/6075/1897
f 1072/6076/1898 1071/6077/1898 164/6078/1898
f 164/6079/1899 1073/6080/1899 1072/6081/1899
f 164/6082/1900 174/6083/1900 1074/6084/1900
f 1073/6085/1901 164/6086/1901 1074/6087/1901
f 174/6088/1902 173/6089/1902 1075/6090/1902
f 1074/6091/1903 174/6092/1903 1075/6093/1903
f 1081/6094/1904 510/6095/1904 1082/6096/1904
f 1082/6097/1905 510/6098/1905 1083/6099/1905
f 1087/6100/1906 1077/6101/1906 1088/6102/1906
f 1090/6103/1907 173/6104/1907 1091/6105/1907
f 1096/6106/1908 490/6107/1908 1097/6108/1908
f 1097/6109/1909 490/6110/1909 1098/6111/1909
f 1080/6112/1910 1081/6113/1910 1099/6114/1910
f 1097/6115/1911 1098/6116/1911 1100/6117/1911
f 1098/6118/1912 1099/6119/1912 1100/6120/1912
f 1083/6121/1913 1100/6122/1913 1082/6123/1913
f 1082/6124/1914 1100/6125/1914 1081/6126/1914
f 1099/6127/1915 1081/6128/1915 1100/6129/1915
f 1085/6130/1916 1101/6131/1916 1084/6132/1916
f 1100/6133/1917 1084/6134/1917 1101/6135/1917
f 1095/6136/1918 1096/6137/1918 1101/6138/1918
f 1096/6139/1919 1097/6140/1919 1101/6141/1919
f 1100/6142/1920 1101/6143/1920 1097/6144/1920
f 1102/6145/1921 1092/6146/1921 1093/6147/1921
f 1087/6148/1922 1103/6149/1922 1086/6150/1922
f 1101/6151/1923 1104/6152/1923 1095/6153/1923
f 1091/6154/1924 1092/6155/1924 1105/6156/1924
f 1102/6157/1925 1105/6158/1925 1092/6159/1925
f 1091/6160/1926 1105/6161/1926 1090/6162/1926
f 1089/6163/1927 1090/6164/1927 1105/6165/1927
f 1089/6166/1928 1105/6167/1928 1088/6168/1928
f 1103/6169/1929 1087/6170/1929 1105/6171/1929
f 1088/6172/1930 1105/6173/1930 1087/6174/1930
f 1105/6175/1931 1106/6176/1931 1103/6177/1931
f 1104/6178/1932 1101/6179/1932 1106/6180/1932
f 1103/6181/1933 1106/6182/1933 1101/6183/1933
f 1104/6184/1934 1106/6185/1934 1102/6186/1934
f 1106/6187/1935 1105/6188/1935 1102/6189/1935
f 510/6190/1936 1081/6191/1936 1080/6192/1936
f 1080/6193/1937 511/6194/1937 510/6195/1937
f 1083/6196/1938 510/6197/1938 509/6198/1938
f 1077/6199/1939 1087/6200/1939 1086/6201/1939
f 1077/6202/1940 1076/6203/1940 1089/6204/1940
f 1088/6205/1941 1077/6206/1941 1089/6207/1941
f 1076/6208/1942 173/6209/1942 1090/6210/1942
f 1089/6211/1943 1076/6212/1943 1090/6213/1943
f 173/6214/1944 187/6215/1944 1092/6216/1944
f 1091/6217/1945 173/6218/1945 1092/6219/1945
f 187/6220/1946 186/6221/1946 1093/6222/1946
f 1092/6223/1947 187/6224/1947 1093/6225/1947
f 1094/6226/1948 186/6227/1948 185/6228/1948
f 490/6229/1949 1096/6230/1949 1095/6231/1949
f 1095/6232/1950 185/6233/1950 490/6234/1950
f 500/6235/1951 1099/6236/1951 1098/6237/1951
f 1098/6238/1952 490/6239/1952 500/6240/1952
f 1084/6241/1953 1100/6242/1953 1083/6243/1953
f 509/6244/1954 1084/6245/1954 1083/6246/1954
f 1094/6247/1955 1102/6248/1955 1093/6249/1955
f 1093/6250/1956 186/6251/1956 1094/6252/1956
f 1102/6253/1957 1094/6254/1957 1104/6255/1957
f 1104/6256/1958 1094/6257/1958 1095/6258/1958
f 1095/6259/1959 1094/6260/1959 185/6261/1959
f 1099/6262/1960 500/6263/1960 1080/6264/1960
f 500/6265/1961 511/6266/1961 1080/6267/1961
f 1108/6268/1962 499/6269/1962 1109/6270/1962
f 1112/6271/1963 139/6272/1963 1113/6273/1963
f 1113/6274/1964 139/6275/1964 1114/6276/1964
f 1115/6277/1965 140/6278/1965 1116/6279/1965
f 1116/6280/1966 140/6281/1966 1117/6282/1966
f 1118/6283/1967 1068/6284/1967 1119/6285/1967
f 1120/6286/1968 1078/6287/1968 1121/6288/1968
f 1123/6289/1969 1101/6290/1969 1124/6291/1969
f 1127/6292/1970 509/6293/1970 1128/6294/1970
f 1108/6295/1971 1109/6296/1971 1111/6297/1971
f 1109/6298/1972 1110/6299/1972 1111/6300/1972
f 1108/6301/1973 1111/6302/1973 1112/6303/1973
f 1130/6304/1974 1132/6305/1974 1129/6306/1974
f 1129/6307/1975 1132/6308/1975 1128/6309/1975
f 1127/6310/1976 1128/6311/1976 1132/6312/1976
f 1121/6313/1977 1133/6314/1977 1120/6315/1977
f 1119/6316/1978 1120/6317/1978 1133/6318/1978
f 1134/6319/1979 1123/6320/1979 1124/6321/1979
f 1124/6322/1980 1125/6323/1980 1134/6324/1980
f 1126/6325/1981 1127/6326/1981 1134/6327/1981
f 1132/6328/1982 1134/6329/1982 1127/6330/1982
f 1132/6331/1983 1107/6332/1983 1135/6333/1983
f 1136/6334/1984 1116/6335/1984 1117/6336/1984
f 1133/6337/1985 1136/6338/1985 1119/6339/1985
f 1118/6340/1986 1119/6341/1986 1136/6342/1986
f 1134/6343/1987 1137/6344/1987 1123/6345/1987
f 1133/6346/1988 1122/6347/1988 1137/6348/1988
f 1115/6349/1989 1116/6350/1989 1138/6351/1989
f 1136/6352/1990 1138/6353/1990 1116/6354/1990
f 1115/6355/1991 1138/6356/1991 1114/6357/1991
f 1114/6358/1992 1138/6359/1992 1113/6360/1992
f 1113/6361/1993 1138/6362/1993 1112/6363/1993
f 1108/6364/1994 1112/6365/1994 1138/6366/1994
f 1134/6367/1995 1139/6368/1995 1137/6369/1995
f 1136/6370/1996 1133/6371/1996 1139/6372/1996
f 1137/6373/1997 1139/6374/1997 1133/6375/1997
f 1139/6376/1998 1134/6377/1998 1132/6378/1998
f 1136/6379/1999 1139/6380/1999 1138/6381/1999
f 1132/6382/2000 1135/6383/2000 1139/6384/2000
f 1138/6385/2001 1139/6386/2001 1135/6387/2001
f 507/6388/2002 499/6389/2002 1108/6390/2002
f 499/6391/2003 489/6392/2003 1110/6393/2003
f 1109/6394/2004 499/6395/2004 1110/6396/2004
f 138/6397/2005 1111/6398/2005 1110/6399/2005
f 1110/6400/2006 489/6401/2006 138/6402/2006
f 139/6403/2007 1112/6404/2007 1111/6405/2007
f 1111/6406/2008 138/6407/2008 139/6408/2008
f 140/6409/2009 1115/6410/2009 1114/6411/2009
f 1114/6412/2010 139/6413/2010 140/6414/2010
f 1117/6415/2011 140/6416/2011 141/6417/2011
f 1068/6418/2012 1078/6419/2012 1120/6420/2012
f 1119/6421/2013 1068/6422/2013 1120/6423/2013
f 1122/6424/2014 1077/6425/2014 1086/6426/2014
f 1085/6427/2015 1125/6428/2015 1124/6429/2015
f 1124/6430/2016 1101/6431/2016 1085/6432/2016
f 1085/6433/2017 1084/6434/2017 1126/6435/2017
f 1084/6436/2018 509/6437/2018 1127/6438/2018
f 1126/6439/2019 1084/6440/2019 1127/6441/2019
f 509/6442/2020 522/6443/2020 1129/6444/2020
f 1128/6445/2021 509/6446/2021 1129/6447/2021
f 522/6448/2022 521/6449/2022 1130/6450/2022
f 1129/6451/2023 522/6452/2023 1130/6453/2023
f 508/6454/2024 1107/6455/2024 1131/6456/2024
f 521/6457/2025 508/6458/2025 1131/6459/2025
f 508/6460/2026 507/6461/2026 1108/6462/2026
f 1135/6463/2027 1108/6464/2027 1138/6465/2027
f 1107/6466/2028 508/6467/2028 1108/6468/2028
f 1108/6469/2029 1135/6470/2029 1107/6471/2029
f 1117/6472/2030 1118/6473/2030 1136/6474/2030
f 141/6475/2031 1118/6476/2031 1117/6477/2031
f 1118/6478/2032 141/6479/2032 1068/6480/2032
f 1122/6481/2033 1133/6482/2033 1121/6483/2033
f 1121/6484/2034 1078/6485/2034 1122/6486/2034
f 1078/6487/2035 1077/6488/2035 1122/6489/2035
f 1086/6490/2036 1137/6491/2036 1122/6492/2036
f 1123/6493/2037 1103/6494/2037 1101/6495/2037
f 1103/6496/2038 1123/6497/2038 1086/6498/2038
f 1123/6499/2039 1137/6500/2039 1086/6501/2039
f 1125/6502/2040 1126/6503/2040 1134/6504/2040
f 1125/6505/2041 1085/6506/2041 1126/6507/2041
f 1130/6508/2042 1131/6509/2042 1132/6510/2042
f 1130/6511/2043 521/6512/2043 1131/6513/2043
f 1107/6514/2044 1132/6515/2044 1131/6516/2044
f 1141/6517/2045 613/6518/2045 1142/6519/2045
f 1144/6520/2046 601/6521/2046 1145/6522/2046
f 1147/6523/2047 466/6524/2047 1148/6525/2047
f 1140/6526/2048 1141/6527/2048 1144/6528/2048
f 1141/6529/2049 1142/6530/2049 1144/6531/2049
f 1142/6532/2050 1143/6533/2050 1144/6534/2050
f 1140/6535/2051 1144/6536/2051 1145/6537/2051
f 613/6538/2052 1141/6539/2052 1140/6540/2052
f 1140/6541/2053 614/6542/2053 613/6543/2053
f 612/6544/2054 601/6545/2054 1144/6546/2054
f 1143/6547/2055 612/6548/2055 1144/6549/2055
f 601/6550/2056 474/6551/2056 1146/6552/2056
f 1145/6553/2057 601/6554/2057 1146/6555/2057
f 474/6556/2058 466/6557/2058 1147/6558/2058
f 1146/6559/2059 474/6560/2059 1147/6561/2059
f 466/6562/2060 165/6563/2060 1149/6564/2060
f 1148/6565/2061 466/6566/2061 1149/6567/2061
f 1140/6568/2062 1145/6569/2062 1146/6570/2062
f 1142/6571/2063 613/6572/2063 1143/6573/2063
f 613/6574/2064 612/6575/2064 1143/6576/2064
f 1154/6577/2065 467/6578/2065 1155/6579/2065
f 1151/6580/2066 1152/6581/2066 1153/6582/2066
f 149/6583/2067 460/6584/2067 1152/6585/2067
f 1151/6586/2068 149/6587/2068 1152/6588/2068
f 468/6589/2069 1153/6590/2069 1152/6591/2069
f 1152/6592/2070 460/6593/2070 468/6594/2070
f 467/6595/2071 476/6596/2071 1156/6597/2071
f 1155/6598/2072 467/6599/2072 1156/6600/2072
f 1153/6601/2073 468/6602/2073 1154/6603/2073
f 468/6604/2074 467/6605/2074 1154/6606/2074
f 1159/6607/2075 1149/6608/2075 1160/6609/2075
f 1161/6610/2076 165/6611/2076 1162/6612/2076
f 1165/6613/2077 191/6614/2077 1166/6615/2077
f 1165/6616/2078 1168/6617/2078 1164/6618/2078
f 1168/6619/2079 1163/6620/2079 1164/6621/2079
f 1169/6622/2080 1161/6623/2080 1162/6624/2080
f 1162/6625/2081 1163/6626/2081 1169/6627/2081
f 1168/6628/2082 1169/6629/2082 1163/6630/2082
f 1168/6631/2083 1170/6632/2083 1169/6633/2083
f 1166/6634/2084 1167/6635/2084 1170/6636/2084
f 1166/6637/2085 1170/6638/2085 1165/6639/2085
f 1168/6640/2086 1165/6641/2086 1170/6642/2086
f 1161/6643/2087 1171/6644/2087 1160/6645/2087
f 1171/6646/2088 1161/6647/2088 1169/6648/2088
f 1169/6649/2089 1170/6650/2089 1171/6651/2089
f 1149/6652/2090 165/6653/2090 1161/6654/2090
f 1160/6655/2091 1149/6656/2091 1161/6657/2091
f 176/6658/2092 1163/6659/2092 1162/6660/2092
f 1162/6661/2093 165/6662/2093 176/6663/2093
f 192/6664/2094 1164/6665/2094 1163/6666/2094
f 1163/6667/2095 176/6668/2095 192/6669/2095
f 192/6670/2096 191/6671/2096 1165/6672/2096
f 1164/6673/2097 192/6674/2097 1165/6675/2097
f 191/6676/2098 190/6677/2098 1167/6678/2098
f 1166/6679/2099 191/6680/2099 1167/6681/2099
f 1173/6682/2100 475/6683/2100 1174/6684/2100
f 1174/6685/2101 475/6686/2101 1175/6687/2101
f 1175/6688/2102 475/6689/2102 1176/6690/2102
f 1176/6691/2103 475/6692/2103 1177/6693/2103
f 1177/6694/2104 475/6695/2104 1178/6696/2104
f 1183/6697/2105 1157/6698/2105 1184/6699/2105
f 1184/6700/2106 1157/6701/2106 1185/6702/2106
f 1183/6703/2107 1184/6704/2107 1185/6705/2107
f 1181/6706/2108 1182/6707/2108 1187/6708/2108
f 1176/6709/2109 1177/6710/2109 1190/6711/2109
f 1186/6712/2110 1190/6713/2110 1178/6714/2110
f 1177/6715/2111 1178/6716/2111 1190/6717/2111
f 1176/6718/2112 1190/6719/2112 1175/6720/2112
f 1175/6721/2113 1190/6722/2113 1174/6723/2113
f 1187/6724/2114 1191/6725/2114 1181/6726/2114
f 1186/6727/2115 1192/6728/2115 1190/6729/2115
f 476/6730/2116 475/6731/2116 1173/6732/2116
f 1172/6733/2117 476/6734/2117 1173/6735/2117
f 1178/6736/2118 475/6737/2118 479/6738/2118
f 587/6739/2119 602/6740/2119 1179/6741/2119
f 615/6742/2120 1180/6743/2120 1179/6744/2120
f 1179/6745/2121 602/6746/2121 615/6747/2121
f 1158/6748/2122 1157/6749/2122 1183/6750/2122
f 1182/6751/2123 1158/6752/2123 1183/6753/2123
f 1179/6754/2124 479/6755/2124 587/6756/2124
f 479/6757/2125 1179/6758/2125 1178/6759/2125
f 1178/6760/2126 1179/6761/2126 1186/6762/2126
f 1193/6763/2127 1189/6764/2127 1194/6765/2127
f 1195/6766/2128 1188/6767/2128 1196/6768/2128
f 1197/6769/2129 1186/6770/2129 1198/6771/2129
f 1201/6772/2130 1140/6773/2130 1202/6774/2130
f 1206/6775/2131 1148/6776/2131 1207/6777/2131
f 1209/6778/2132 1159/6779/2132 1210/6780/2132
f 1212/6781/2133 1171/6782/2133 1213/6783/2133
f 1214/6784/2134 1170/6785/2134 1215/6786/2134
f 1216/6787/2135 1167/6788/2135 1217/6789/2135
f 1219/6790/2136 175/6791/2136 1220/6792/2136
f 1223/6793/2137 1158/6794/2137 1224/6795/2137
f 1227/6796/2138 1191/6797/2138 1228/6798/2138
f 1201/6799/2139 1202/6800/2139 1203/6801/2139
f 1194/6802/2140 1229/6803/2140 1193/6804/2140
f 1207/6805/2141 1229/6806/2141 1206/6807/2141
f 1230/6808/2142 1196/6809/2142 1197/6810/2142
f 1199/6811/2143 1230/6812/2143 1198/6813/2143
f 1197/6814/2144 1198/6815/2144 1230/6816/2144
f 1205/6817/2145 1231/6818/2145 1204/6819/2145
f 1200/6820/2146 1231/6821/2146 1230/6822/2146
f 1227/6823/2147 1228/6824/2147 1232/6825/2147
f 1229/6826/2148 1232/6827/2148 1228/6828/2148
f 1209/6829/2149 1232/6830/2149 1208/6831/2149
f 1229/6832/2150 1207/6833/2150 1232/6834/2150
f 1208/6835/2151 1232/6836/2151 1207/6837/2151
f 1221/6838/2152 1234/6839/2152 1220/6840/2152
f 1217/6841/2153 1218/6842/2153 1234/6843/2153
f 1218/6844/2154 1219/6845/2154 1234/6846/2154
f 1220/6847/2155 1234/6848/2155 1219/6849/2155
f 1195/6850/2156 1196/6851/2156 1235/6852/2156
f 1230/6853/2157 1235/6854/2157 1196/6855/2157
f 1229/6856/2158 1194/6857/2158 1235/6858/2158
f 1195/6859/2159 1235/6860/2159 1194/6861/2159
f 1235/6862/2160 1230/6863/2160 1231/6864/2160
f 1213/6865/2161 1236/6866/2161 1212/6867/2161
f 1212/6868/2162 1236/6869/2162 1211/6870/2162
f 1232/6871/2163 1209/6872/2163 1236/6873/2163
f 1210/6874/2164 1236/6875/2164 1209/6876/2164
f 1237/6877/2165 1224/6878/2165 1225/6879/2165
f 1225/6880/2166 1226/6881/2166 1237/6882/2166
f 1232/6883/2167 1237/6884/2167 1227/6885/2167
f 1234/6886/2168 1238/6887/2168 1217/6888/2168
f 1216/6889/2169 1217/6890/2169 1238/6891/2169
f 1216/6892/2170 1238/6893/2170 1215/6894/2170
f 1233/6895/2171 1214/6896/2171 1238/6897/2171
f 1215/6898/2172 1238/6899/2172 1214/6900/2172
f 1222/6901/2173 1239/6902/2173 1221/6903/2173
f 1234/6904/2174 1221/6905/2174 1239/6906/2174
f 1234/6907/2175 1239/6908/2175 1238/6909/2175
f 1233/6910/2176 1238/6911/2176 1239/6912/2176
f 1239/6913/2177 1222/6914/2177 1223/6915/2177
f 1236/6916/2178 1240/6917/2178 1232/6918/2178
f 1233/6919/2179 1240/6920/2179 1214/6921/2179
f 1236/6922/2180 1213/6923/2180 1240/6924/2180
f 1241/6925/2181 1233/6926/2181 1239/6927/2181
f 1237/6928/2182 1241/6929/2182 1224/6930/2182
f 1239/6931/2183 1223/6932/2183 1241/6933/2183
f 1224/6934/2184 1241/6935/2184 1223/6936/2184
f 1233/6937/2185 1241/6938/2185 1240/6939/2185
f 1240/6940/2186 1241/6941/2186 1232/6942/2186
f 1237/6943/2187 1232/6944/2187 1241/6945/2187
f 1188/6946/2188 1195/6947/2188 1194/6948/2188
f 1194/6949/2189 1189/6950/2189 1188/6951/2189
f 1179/6952/2190 1199/6953/2190 1198/6954/2190
f 1198/6955/2191 1186/6956/2191 1179/6957/2191
f 1199/6958/2192 1179/6959/2192 1180/6960/2192
f 1200/6961/2193 614/6962/2193 1140/6963/2193
f 1202/6964/2194 1140/6965/2194 1203/6966/2194
f 1140/6967/2195 1146/6968/2195 1203/6969/2195
f 1146/6970/2196 1147/6971/2196 1205/6972/2196
f 1204/6973/2197 1146/6974/2197 1205/6975/2197
f 1147/6976/2198 1148/6977/2198 1206/6978/2198
f 1149/6979/2199 1208/6980/2199 1207/6981/2199
f 1207/6982/2200 1148/6983/2200 1149/6984/2200
f 1159/6985/2201 1209/6986/2201 1208/6987/2201
f 1208/6988/2202 1149/6989/2202 1159/6990/2202
f 1160/6991/2203 1171/6992/2203 1212/6993/2203
f 1211/6994/2204 1160/6995/2204 1212/6996/2204
f 1171/6997/2205 1170/6998/2205 1214/6999/2205
f 1167/7000/2206 1216/7001/2206 1215/7002/2206
f 1215/7003/2207 1170/7004/2207 1167/7005/2207
f 1167/7006/2208 190/7007/2208 1218/7008/2208
f 1217/7009/2209 1167/7010/2209 1218/7011/2209
f 190/7012/2210 175/7013/2210 1219/7014/2210
f 1218/7015/2211 190/7016/2211 1219/7017/2211
f 1158/7018/2212 1223/7019/2212 1222/7020/2212
f 1182/7021/2213 1225/7022/2213 1224/7023/2213
f 1224/7024/2214 1158/7025/2214 1182/7026/2214
f 1181/7027/2215 1226/7028/2215 1225/7029/2215
f 1225/7030/2216 1182/7031/2216 1181/7032/2216
f 1181/7033/2217 1191/7034/2217 1227/7035/2217
f 1196/7036/2218 1192/7037/2218 1197/7038/2218
f 1196/7039/2219 1188/7040/2219 1192/7041/2219
f 1186/7042/2220 1197/7043/2220 1192/7044/2220
f 1199/7045/2221 1180/7046/2221 1230/7047/2221
f 1200/7048/2222 615/7049/2222 614/7050/2222
f 1180/7051/2223 615/7052/2223 1200/7053/2223
f 1200/7054/2224 1230/7055/2224 1180/7056/2224
f 1203/7057/2225 1146/7058/2225 1204/7059/2225
f 1204/7060/2226 1231/7061/2226 1203/7062/2226
f 1205/7063/2227 1206/7064/2227 1231/7065/2227
f 1205/7066/2228 1147/7067/2228 1206/7068/2228
f 1229/7069/2229 1235/7070/2229 1206/7071/2229
f 1231/7072/2230 1206/7073/2230 1235/7074/2230
f 1211/7075/2231 1236/7076/2231 1210/7077/2231
f 1210/7078/2232 1159/7079/2232 1211/7080/2232
f 1211/7081/2233 1159/7082/2233 1160/7083/2233
f 1214/7084/2234 1240/7085/2234 1213/7086/2234
f 1213/7087/2235 1171/7088/2235 1214/7089/2235
f 1226/7090/2236 1227/7091/2236 1237/7092/2236
f 1226/7093/2237 1181/7094/2237 1227/7095/2237
f 1193/7096/2238 1229/7097/2238 1228/7098/2238
f 1228/7099/2239 1191/7100/2239 1193/7101/2239
f 1191/7102/2240 1189/7103/2240 1193/7104/2240
f 1242/7105/2241 164/7106/2241 1243/7107/2241
f 1244/7108/2242 1157/7109/2242 1245/7110/2242
f 1246/7111/2243 1158/7112/2243 1247/7113/2243
f 1249/7114/2244 175/7115/2244 1250/7116/2244
f 1243/7117/2245 1255/7118/2245 1242/7119/2245
f 1253/7120/2246 1254/7121/2246 1255/7122/2246
f 1242/7123/2247 1255/7124/2247 1254/7125/2247
f 1252/7126/2248 1256/7127/2248 1251/7128/2248
f 1256/7129/2249 1250/7130/2249 1251/7131/2249
f 1245/7132/2250 1258/7133/2250 1244/7134/2250
f 1259/7135/2251 1248/7136/2251 1249/7137/2251
f 1256/7138/2252 1259/7139/2252 1250/7140/2252
f 1249/7141/2253 1250/7142/2253 1259/7143/2253
f 1260/7144/2254 1256/7145/2254 1252/7146/2254
f 1255/7147/2255 1260/7148/2255 1253/7149/2255
f 1252/7150/2256 1253/7151/2256 1260/7152/2256
f 1257/7153/2257 1261/7154/2257 1243/7155/2257
f 1261/7156/2258 1255/7157/2258 1243/7158/2258
f 1259/7159/2259 1262/7160/2259 1248/7161/2259
f 1247/7162/2260 1262/7163/2260 1246/7164/2260
f 1258/7165/2261 1245/7166/2261 1262/7167/2261
f 1246/7168/2262 1262/7169/2262 1245/7170/2262
f 1260/7171/2263 1263/7172/2263 1256/7173/2263
f 1263/7174/2264 1259/7175/2264 1256/7176/2264
f 1259/7177/2265 1263/7178/2265 1262/7179/2265
f 1263/7180/2266 1264/7181/2266 1262/7182/2266
f 1261/7183/2267 1257/7184/2267 1264/7185/2267
f 1264/7186/2268 1263/7187/2268 1260/7188/2268
f 1261/7189/2269 1264/7190/2269 1255/7191/2269
f 1260/7192/2270 1255/7193/2270 1264/7194/2270
f 1158/7195/2271 1246/7196/2271 1245/7197/2271
f 1245/7198/2272 1157/7199/2272 1158/7200/2272
f 1247/7201/2273 1158/7202/2273 1222/7203/2273
f 1221/7204/2274 1220/7205/2274 1248/7206/2274
f 1220/7207/2275 175/7208/2275 1249/7209/2275
f 1248/7210/2276 1220/7211/2276 1249/7212/2276
f 175/7213/2277 189/7214/2277 1251/7215/2277
f 1250/7216/2278 175/7217/2278 1251/7218/2278
f 1251/7219/2279 189/7220/2279 1252/7221/2279
f 1253/7222/2280 1252/7223/2280 189/7224/2280
f 189/7225/2281 174/7226/2281 1253/7227/2281
f 1253/7228/2282 174/7229/2282 1254/7230/2282
f 1242/7231/2283 1254/7232/2283 174/7233/2283
f 174/7234/2284 164/7235/2284 1242/7236/2284
f 1200/7237/2285 1201/7238/2285 1231/7239/2285
f 1140/7240/2286 1201/7241/2286 1200/7242/2286
f 1203/7243/2287 1231/7244/2287 1201/7245/2287
f 1222/7246/2288 1221/7247/2288 1248/7248/2288
f 1247/7249/2289 1248/7250/2289 1262/7251/2289
f 1222/7252/2290 1248/7253/2290 1247/7254/2290
f 1267/7255/2291 1065/7256/2291 1268/7257/2291
f 1268/7258/2292 1065/7259/2292 1269/7260/2292
f 1274/7261/2293 815/7262/2293 1275/7263/2293
f 1275/7264/2294 815/7265/2294 1276/7266/2294
f 1277/7267/2295 196/7268/2295 1278/7269/2295
f 1279/7270/2296 197/7271/2296 1280/7272/2296
f 1280/7273/2297 197/7274/2297 1281/7275/2297
f 1284/7276/2298 212/7277/2298 1285/7278/2298
f 1286/7279/2299 218/7280/2299 1287/7281/2299
f 1291/7282/2300 1063/7283/2300 1292/7284/2300
f 1268/7285/2301 1269/7286/2301 1294/7287/2301
f 1270/7288/2302 1294/7289/2302 1269/7290/2302
f 1296/7291/2303 1266/7292/2303 1267/7293/2303
f 1267/7294/2304 1268/7295/2304 1296/7296/2304
f 1294/7297/2305 1296/7298/2305 1268/7299/2305
f 1297/7300/2306 1274/7301/2306 1275/7302/2306
f 1275/7303/2307 1276/7304/2307 1297/7305/2307
f 1274/7306/2308 1297/7307/2308 1273/7308/2308
f 1265/7309/2309 1266/7310/2309 1298/7311/2309
f 1296/7312/2310 1298/7313/2310 1266/7314/2310
f 1295/7315/2311 1299/7316/2311 1297/7317/2311
f 1299/7318/2312 1295/7319/2312 1298/7320/2312
f 1294/7321/2313 1299/7322/2313 1296/7323/2313
f 1298/7324/2314 1296/7325/2314 1299/7326/2314
f 1295/7327/2315 1300/7328/2315 1298/7329/2315
f 1290/7330/2316 1291/7331/2316 1300/7332/2316
f 1291/7333/2317 1292/7334/2317 1300/7335/2317
f 1292/7336/2318 1293/7337/2318 1300/7338/2318
f 1298/7339/2319 1300/7340/2319 1293/7341/2319
f 1282/7342/2320 1301/7343/2320 1281/7344/2320
f 1280/7345/2321 1281/7346/2321 1301/7347/2321
f 1282/7348/2322 1283/7349/2322 1301/7350/2322
f 1302/7351/2323 1297/7352/2323 1299/7353/2323
f 1299/7354/2324 1294/7355/2324 1302/7356/2324
f 1294/7357/2325 1271/7358/2325 1302/7359/2325
f 1297/7360/2326 1302/7361/2326 1273/7362/2326
f 1303/7363/2327 1287/7364/2327 1288/7365/2327
f 1288/7366/2328 1289/7367/2328 1303/7368/2328
f 1304/7369/2329 1278/7370/2329 1279/7371/2329
f 1279/7372/2330 1280/7373/2330 1304/7374/2330
f 1301/7375/2331 1304/7376/2331 1280/7377/2331
f 1297/7378/2332 1277/7379/2332 1304/7380/2332
f 1278/7381/2333 1304/7382/2333 1277/7383/2333
f 1297/7384/2334 1304/7385/2334 1295/7386/2334
f 1301/7387/2335 1295/7388/2335 1304/7389/2335
f 1301/7390/2336 1305/7391/2336 1295/7392/2336
f 1305/7393/2337 1300/7394/2337 1295/7395/2337
f 1300/7396/2338 1305/7397/2338 1303/7398/2338
f 1306/7399/2339 1303/7400/2339 1305/7401/2339
f 1305/7402/2340 1301/7403/2340 1306/7404/2340
f 1283/7405/2341 1306/7406/2341 1301/7407/2341
f 1285/7408/2342 1286/7409/2342 1306/7410/2342
f 1286/7411/2343 1287/7412/2343 1306/7413/2343
f 1303/7414/2344 1306/7415/2344 1287/7416/2344
f 1285/7417/2345 1306/7418/2345 1284/7419/2345
f 1283/7420/2346 1284/7421/2346 1306/7422/2346
f 1064/7423/2347 1266/7424/2347 1265/7425/2347
f 1265/7426/2348 1067/7427/2348 1064/7428/2348
f 1064/7429/2349 1065/7430/2349 1267/7431/2349
f 1266/7432/2350 1064/7433/2350 1267/7434/2350
f 1046/7435/2351 1270/7436/2351 1269/7437/2351
f 1269/7438/2352 1065/7439/2352 1046/7440/2352
f 1272/7441/2353 827/7442/2353 826/7443/2353
f 815/7444/2354 1274/7445/2354 1273/7446/2354
f 1273/7447/2355 825/7448/2355 815/7449/2355
f 1276/7450/2356 815/7451/2356 804/7452/2356
f 196/7453/2357 197/7454/2357 1279/7455/2357
f 1278/7456/2358 196/7457/2358 1279/7458/2358
f 198/7459/2359 1282/7460/2359 1281/7461/2359
f 1281/7462/2360 197/7463/2360 198/7464/2360
f 198/7465/2361 206/7466/2361 1283/7467/2361
f 1282/7468/2362 198/7469/2362 1283/7470/2362
f 206/7471/2363 212/7472/2363 1284/7473/2363
f 1283/7474/2364 206/7475/2364 1284/7476/2364
f 212/7477/2365 218/7478/2365 1286/7479/2365
f 1285/7480/2366 212/7481/2366 1286/7482/2366
f 244/7483/2367 1288/7484/2367 1287/7485/2367
f 1287/7486/2368 218/7487/2368 244/7488/2368
f 243/7489/2369 1289/7490/2369 1288/7491/2369
f 1288/7492/2370 244/7493/2370 243/7494/2370
f 1063/7495/2371 1291/7496/2371 1290/7497/2371
f 1290/7498/2372 1047/7499/2372 1063/7500/2372
f 1067/7501/2373 1293/7502/2373 1292/7503/2373
f 1292/7504/2374 1063/7505/2374 1067/7506/2374
f 1271/7507/2375 828/7508/2375 827/7509/2375
f 1046/7510/2376 828/7511/2376 1271/7512/2376
f 1270/7513/2377 1271/7514/2377 1294/7515/2377
f 1270/7516/2378 1046/7517/2378 1271/7518/2378
f 1271/7519/2379 827/7520/2379 1272/7521/2379
f 1302/7522/2380 1271/7523/2380 1272/7524/2380
f 1272/7525/2381 1273/7526/2381 1302/7527/2381
f 826/7528/2382 1273/7529/2382 1272/7530/2382
f 1273/7531/2383 826/7532/2383 825/7533/2383
f 1276/7534/2384 804/7535/2384 1297/7536/2384
f 804/7537/2385 1277/7538/2385 1297/7539/2385
f 196/7540/2386 1277/7541/2386 804/7542/2386
f 1289/7543/2387 1290/7544/2387 1303/7545/2387
f 1289/7546/2388 243/7547/2388 1290/7548/2388
f 1290/7549/2389 243/7550/2389 1047/7551/2389
f 1300/7552/2390 1303/7553/2390 1290/7554/2390
f 1265/7555/2391 1298/7556/2391 1293/7557/2391
f 1293/7558/2373 1067/7559/2373 1265/7560/2373
f 1307/7561/2392 689/7562/2392 1308/7563/2392
f 1309/7564/2393 699/7565/2393 1310/7566/2393
f 1315/7567/2394 1030/7568/2394 1316/7569/2394
f 1316/7570/2395 1030/7571/2395 1317/7572/2395
f 1318/7573/2396 1031/7574/2396 1319/7575/2396
f 1322/7576/2397 211/7577/2397 1323/7578/2397
f 1324/7579/2398 194/7580/2398 1325/7581/2398
f 1308/7582/2399 1328/7583/2399 1307/7584/2399
f 1328/7585/2400 1308/7586/2400 1329/7587/2400
f 1328/7588/2401 1329/7589/2401 1327/7590/2401
f 1326/7591/2402 1327/7592/2402 1329/7593/2402
f 1310/7594/2403 1311/7595/2403 1331/7596/2403
f 1311/7597/2404 1312/7598/2404 1331/7599/2404
f 1310/7600/2405 1331/7601/2405 1309/7602/2405
f 1309/7603/2406 1331/7604/2406 1308/7605/2406
f 1329/7606/2407 1308/7607/2407 1331/7608/2407
f 1332/7609/2408 1316/7610/2408 1317/7611/2408
f 1317/7612/2409 1318/7613/2409 1332/7614/2409
f 1318/7615/2410 1319/7616/2410 1332/7617/2410
f 1316/7618/2411 1332/7619/2411 1315/7620/2411
f 1315/7621/2412 1332/7622/2412 1314/7623/2412
f 1326/7624/2413 1333/7625/2413 1325/7626/2413
f 1330/7627/2414 1324/7628/2414 1333/7629/2414
f 1325/7630/2415 1333/7631/2415 1324/7632/2415
f 1333/7633/2416 1326/7634/2416 1329/7635/2416
f 1320/7636/2417 1334/7637/2417 1319/7638/2417
f 1330/7639/2418 1332/7640/2418 1334/7641/2418
f 1319/7642/2419 1334/7643/2419 1332/7644/2419
f 1335/7645/2420 1329/7646/2420 1331/7647/2420
f 1332/7648/2421 1335/7649/2421 1314/7650/2421
f 1335/7651/2422 1332/7652/2422 1330/7653/2422
f 1330/7654/2423 1333/7655/2423 1335/7656/2423
f 1329/7657/2424 1335/7658/2424 1333/7659/2424
f 689/7660/2425 699/7661/2425 1309/7662/2425
f 1308/7663/2426 689/7664/2426 1309/7665/2426
f 698/7666/2427 1311/7667/2427 1310/7668/2427
f 1310/7669/2428 699/7670/2428 698/7671/2428
f 717/7672/2429 1312/7673/2429 1311/7674/2429
f 1311/7675/2430 698/7676/2430 717/7677/2430
f 717/7678/2431 716/7679/2431 1313/7680/2431
f 1312/7681/2432 717/7682/2432 1313/7683/2432
f 1313/7684/2433 716/7685/2433 1006/7686/2433
f 1030/7687/2434 1315/7688/2434 1314/7689/2434
f 1314/7690/2435 1006/7691/2435 1030/7692/2435
f 1031/7693/2436 1318/7694/2436 1317/7695/2436
f 1317/7696/2437 1030/7697/2437 1031/7698/2437
f 1028/7699/2438 1320/7700/2438 1319/7701/2438
f 1319/7702/2439 1031/7703/2439 1028/7704/2439
f 194/7705/2440 1324/7706/2440 1323/7707/2440
f 1323/7708/2441 211/7709/2441 194/7710/2441
f 1325/7711/2442 194/7712/2442 1326/7713/2442
f 1327/7714/2443 1326/7715/2443 194/7716/2443
f 1307/7717/2444 1328/7718/2444 682/7719/2444
f 689/7720/2445 1307/7721/2445 682/7722/2445
f 1327/7723/2446 682/7724/2446 1328/7725/2446
f 682/7726/2447 1327/7727/2447 194/7728/2447
f 1006/7729/2448 1314/7730/2448 1313/7731/2448
f 1314/7732/2449 1331/7733/2449 1312/7734/2449
f 1312/7735/2450 1313/7736/2450 1314/7737/2450
f 1331/7738/2451 1314/7739/2451 1335/7740/2451
f 1321/7741/2452 1028/7742/2452 1029/7743/2452
f 1334/7744/2453 1320/7745/2453 1321/7746/2453
f 1320/7747/2454 1028/7748/2454 1321/7749/2454
f 1337/7750/2455 710/7751/2455 1338/7752/2455
f 1341/7753/2456 697/7754/2456 1342/7755/2456
f 1344/7756/2457 217/7757/2457 1345/7758/2457
f 1346/7759/2458 242/7760/2458 1347/7761/2458
f 1348/7762/2459 258/7763/2459 1349/7764/2459
f 1349/7765/2460 258/7766/2460 1350/7767/2460
f 1350/7768/2461 258/7769/2461 1351/7770/2461
f 1354/7771/2462 252/7772/2462 1355/7773/2462
f 1355/7774/2463 252/7775/2463 1356/7776/2463
f 1357/7777/2464 1004/7778/2464 1358/7779/2464
f 1359/7780/2465 1005/7781/2465 1360/7782/2465
f 1360/7783/2466 1005/7784/2466 1361/7785/2466
f 1363/7786/2467 1021/7787/2467 1364/7788/2467
f 1366/7789/2468 1025/7790/2468 1367/7791/2468
f 1367/7792/2469 1025/7793/2469 1368/7794/2469
f 1373/7795/2470 712/7796/2470 1374/7797/2470
f 1340/7798/2471 1341/7799/2471 1342/7800/2471
f 1340/7801/2472 1342/7802/2472 1343/7803/2472
f 1370/7804/2473 1371/7805/2473 1372/7806/2473
f 1343/7807/2474 1376/7808/2474 1340/7809/2474
f 1340/7810/2475 1376/7811/2475 1339/7812/2475
f 1338/7813/2476 1339/7814/2476 1376/7815/2476
f 1348/7816/2477 1377/7817/2477 1347/7818/2477
f 1344/7819/2478 1345/7820/2478 1377/7821/2478
f 1345/7822/2479 1346/7823/2479 1377/7824/2479
f 1347/7825/2480 1377/7826/2480 1346/7827/2480
f 1356/7828/2481 1378/7829/2481 1355/7830/2481
f 1354/7831/2482 1355/7832/2482 1378/7833/2482
f 1380/7834/2483 1336/7835/2483 1337/7836/2483
f 1337/7837/2484 1338/7838/2484 1380/7839/2484
f 1376/7840/2485 1380/7841/2485 1338/7842/2485
f 1353/7843/2486 1354/7844/2486 1381/7845/2486
f 1378/7846/2487 1381/7847/2487 1354/7848/2487
f 1360/7849/2488 1382/7850/2488 1359/7851/2488
f 1359/7852/2489 1382/7853/2489 1358/7854/2489
f 1358/7855/2490 1382/7856/2490 1357/7857/2490
f 1365/7858/2491 1366/7859/2491 1383/7860/2491
f 1366/7861/2492 1367/7862/2492 1383/7863/2492
f 1385/7864/2493 1369/7865/2493 1370/7866/2493
f 1385/7867/2494 1379/7868/2494 1383/7869/2494
f 1369/7870/2495 1385/7871/2495 1368/7872/2495
f 1383/7873/2496 1367/7874/2496 1385/7875/2496
f 1368/7876/2497 1385/7877/2497 1367/7878/2497
f 1386/7879/2498 1379/7880/2498 1385/7881/2498
f 1372/7882/2499 1373/7883/2499 1386/7884/2499
f 1374/7885/2500 1386/7886/2500 1373/7887/2500
f 1385/7888/2501 1370/7889/2501 1386/7890/2501
f 1372/7891/2502 1386/7892/2502 1370/7893/2502
f 1387/7894/2503 1376/7895/2503 1343/7896/2503
f 1387/7897/2504 1379/7898/2504 1386/7899/2504
f 1376/7900/2505 1387/7901/2505 1380/7902/2505
f 1388/7903/2506 1351/7904/2506 1352/7905/2506
f 1381/7906/2507 1388/7907/2507 1353/7908/2507
f 1352/7909/2508 1353/7910/2508 1388/7911/2508
f 1382/7912/2509 1360/7913/2509 1389/7914/2509
f 1361/7915/2510 1389/7916/2510 1360/7917/2510
f 1389/7918/2511 1361/7919/2511 1362/7920/2511
f 1362/7921/2512 1363/7922/2512 1389/7923/2512
f 1363/7924/2513 1364/7925/2513 1389/7926/2513
f 1383/7927/2514 1389/7928/2514 1365/7929/2514
f 1364/7930/2515 1365/7931/2515 1389/7932/2515
f 1390/7933/2516 1378/7934/2516 1382/7935/2516
f 1383/7936/2517 1390/7937/2517 1389/7938/2517
f 1382/7939/2518 1389/7940/2518 1390/7941/2518
f 1348/7942/2519 1391/7943/2519 1377/7944/2519
f 1391/7945/2520 1348/7946/2520 1349/7947/2520
f 1349/7948/2521 1350/7949/2521 1391/7950/2521
f 1350/7951/2522 1351/7952/2522 1391/7953/2522
f 1351/7954/2523 1388/7955/2523 1391/7956/2523
f 1392/7957/2524 1344/7958/2524 1377/7959/2524
f 1384/7960/2525 1392/7961/2525 1391/7962/2525
f 1377/7963/2526 1391/7964/2526 1392/7965/2526
f 1344/7966/2527 1392/7967/2527 1343/7968/2527
f 1343/7969/2528 1392/7970/2528 1387/7971/2528
f 1393/7972/2529 1378/7973/2529 1390/7974/2529
f 1378/7975/2530 1393/7976/2530 1381/7977/2530
f 1381/7978/2531 1393/7979/2531 1388/7980/2531
f 1388/7981/2532 1393/7982/2532 1391/7983/2532
f 1384/7984/2533 1391/7985/2533 1393/7986/2533
f 1394/7987/2534 1379/7988/2534 1387/7989/2534
f 1387/7990/2535 1392/7991/2535 1394/7992/2535
f 1384/7993/2536 1394/7994/2536 1392/7995/2536
f 1394/7996/2537 1384/7997/2537 1393/7998/2537
f 1395/7999/2538 1336/8000/2538 1380/8001/2538
f 1386/8002/2539 1395/8003/2539 1387/8004/2539
f 1380/8005/2540 1387/8006/2540 1395/8007/2540
f 1386/8008/2541 1374/8009/2541 1395/8010/2541
f 1396/8011/2542 1379/8012/2542 1394/8013/2542
f 1394/8014/2543 1393/8015/2543 1396/8016/2543
f 1390/8017/2544 1396/8018/2544 1393/8019/2544
f 1379/8020/2545 1396/8021/2545 1383/8022/2545
f 1396/8023/2546 1390/8024/2546 1383/8025/2546
f 711/8026/2547 710/8027/2547 1337/8028/2547
f 1336/8029/2548 711/8030/2548 1337/8031/2548
f 709/8032/2549 1339/8033/2549 1338/8034/2549
f 1338/8035/2550 710/8036/2550 709/8037/2550
f 1339/8038/2551 709/8039/2551 697/8040/2551
f 1340/8041/2552 1339/8042/2552 697/8043/2552
f 697/8044/2553 1341/8045/2553 1340/8046/2553
f 697/8047/2554 688/8048/2554 1343/8049/2554
f 1342/8050/2555 697/8051/2555 1343/8052/2555
f 688/8053/2556 217/8054/2556 1344/8055/2556
f 1343/8056/2557 688/8057/2557 1344/8058/2557
f 217/8059/2558 242/8060/2558 1346/8061/2558
f 1345/8062/2559 217/8063/2559 1346/8064/2559
f 242/8065/2560 258/8066/2560 1348/8067/2560
f 1347/8068/2561 242/8069/2561 1348/8070/2561
f 995/8071/2562 1352/8072/2562 1351/8073/2562
f 1351/8074/2563 258/8075/2563 995/8076/2563
f 994/8077/2564 1353/8078/2564 1352/8079/2564
f 1352/8080/2565 995/8081/2565 994/8082/2565
f 994/8083/2566 252/8084/2566 1354/8085/2566
f 1353/8086/2567 994/8087/2567 1354/8088/2567
f 1356/8089/2568 252/8090/2568 1002/8091/2568
f 1002/8092/2569 1004/8093/2569 1357/8094/2569
f 1004/8095/2570 1005/8096/2570 1359/8097/2570
f 1358/8098/2571 1004/8099/2571 1359/8100/2571
f 1011/8101/2572 1362/8102/2572 1361/8103/2572
f 1361/8104/2573 1005/8105/2573 1011/8106/2573
f 1011/8107/2574 1021/8108/2574 1363/8109/2574
f 1362/8110/2575 1011/8111/2575 1363/8112/2575
f 1018/8113/2576 1365/8114/2576 1364/8115/2576
f 1364/8116/2577 1021/8117/2577 1018/8118/2577
f 1018/8119/2578 1025/8120/2578 1366/8121/2578
f 1365/8122/2579 1018/8123/2579 1366/8124/2579
f 1019/8125/2580 1369/8126/2580 1368/8127/2580
f 1368/8128/2581 1025/8129/2581 1019/8130/2581
f 1026/8131/2582 1370/8132/2582 1369/8133/2582
f 1369/8134/2583 1019/8135/2583 1026/8136/2583
f 1010/8137/2584 1372/8138/2584 1371/8139/2584
f 1371/8140/2585 1026/8141/2585 1010/8142/2585
f 1010/8143/2586 712/8144/2586 1373/8145/2586
f 1372/8146/2587 1010/8147/2587 1373/8148/2587
f 711/8149/2588 1336/8150/2588 1375/8151/2588
f 1357/8152/2589 1378/8153/2589 1356/8154/2589
f 1002/8155/2590 1357/8156/2590 1356/8157/2590
f 1378/8158/2591 1357/8159/2591 1382/8160/2591
f 1370/8161/2592 1026/8162/2592 1371/8163/2592
f 1375/8164/2593 1395/8165/2593 1374/8166/2593
f 1374/8167/2594 712/8168/2594 1375/8169/2594
f 712/8170/2595 711/8171/2595 1375/8172/2595
f 1375/8173/2596 1336/8174/2596 1395/8175/2596
f 1400/8176/2597 157/8177/2597 1401/8178/2597
f 1403/8179/2598 1150/8180/2598 1404/8181/2598
f 1406/8182/2599 1151/8183/2599 1407/8184/2599
f 1410/8185/2600 1155/8186/2600 1411/8187/2600
f 1413/8188/2601 1156/8189/2601 1414/8190/2601
f 1416/8191/2602 1172/8192/2602 1417/8193/2602
f 1420/8194/2603 1190/8195/2603 1421/8196/2603
f 1422/8197/2604 1192/8198/2604 1423/8199/2604
f 1424/8200/2605 1188/8201/2605 1425/8202/2605
f 1426/8203/2606 1189/8204/2606 1427/8205/2606
f 1429/8206/2607 1187/8207/2607 1430/8208/2607
f 1432/8209/2608 1185/8210/2608 1433/8211/2608
f 1433/8212/2609 1185/8213/2609 1434/8214/2609
f 1437/8215/2610 1258/8216/2610 1438/8217/2610
f 1438/8218/2611 1258/8219/2611 1439/8220/2611
f 1441/8221/2612 1257/8222/2612 1442/8223/2612
f 1397/8224/2613 1445/8225/2613 1446/8226/2613
f 1409/8227/2614 1450/8228/2614 1408/8229/2614
f 1408/8230/2615 1450/8231/2615 1407/8232/2615
f 1406/8233/2616 1407/8234/2616 1450/8235/2616
f 1442/8236/2617 1451/8237/2617 1441/8238/2617
f 1448/8239/2618 1452/8240/2618 1447/8241/2618
f 1453/8242/2619 1448/8243/2619 1447/8244/2619
f 1447/8245/2620 1445/8246/2620 1453/8247/2620
f 1448/8248/2621 1453/8249/2621 1454/8250/2621
f 1453/8251/2622 1398/8252/2622 1454/8253/2622
f 1444/8254/2623 1461/8255/2623 1455/8256/2623
f 1452/8257/2624 1448/8258/2624 1461/8259/2624
f 1443/8260/2625 1444/8261/2625 1462/8262/2625
f 1455/8263/2626 1462/8264/2626 1444/8265/2626
f 1463/8266/2627 1428/8267/2627 1429/8268/2627
f 1429/8269/2628 1430/8270/2628 1463/8271/2628
f 1464/8272/2629 1456/8273/2629 1463/8274/2629
f 1463/8275/2630 1430/8276/2630 1464/8277/2630
f 1431/8278/2631 1464/8279/2631 1430/8280/2631
f 1437/8281/2632 1465/8282/2632 1436/8283/2632
f 1456/8284/2633 1464/8285/2633 1465/8286/2633
f 1436/8287/2634 1465/8288/2634 1435/8289/2634
f 1435/8290/2635 1465/8291/2635 1434/8292/2635
f 1434/8293/2636 1465/8294/2636 1433/8295/2636
f 1433/8296/2637 1465/8297/2637 1432/8298/2637
f 1465/8299/2638 1437/8300/2638 1438/8301/2638
f 1462/8302/2639 1455/8303/2639 1467/8304/2639
f 1454/8305/2640 1399/8306/2640 1468/8307/2640
f 1457/8308/2641 1469/8309/2641 1468/8310/2641
f 1448/8311/2642 1454/8312/2642 1469/8313/2642
f 1468/8314/2643 1469/8315/2643 1454/8316/2643
f 1470/8317/2644 1449/8318/2644 1466/8319/2644
f 1409/8320/2645 1471/8321/2645 1450/8322/2645
f 1472/8323/2646 1403/8324/2646 1404/8325/2646
f 1458/8326/2647 1472/8327/2647 1471/8328/2647
f 1458/8329/2648 1473/8330/2648 1472/8331/2648
f 1474/8332/2649 1449/8333/2649 1470/8334/2649
f 1417/8335/2650 1418/8336/2650 1475/8337/2650
f 1418/8338/2651 1419/8339/2651 1475/8340/2651
f 1420/8341/2652 1475/8342/2652 1419/8343/2652
f 1417/8344/2653 1475/8345/2653 1416/8346/2653
f 1416/8347/2654 1475/8348/2654 1415/8349/2654
f 1475/8350/2655 1420/8351/2655 1421/8352/2655
f 1411/8353/2656 1476/8354/2656 1410/8355/2656
f 1471/8356/2657 1410/8357/2657 1476/8358/2657
f 1459/8359/2658 1476/8360/2658 1475/8361/2658
f 1413/8362/2659 1476/8363/2659 1412/8364/2659
f 1413/8365/2660 1414/8366/2660 1476/8367/2660
f 1414/8368/2661 1415/8369/2661 1476/8370/2661
f 1475/8371/2662 1476/8372/2662 1415/8373/2662
f 1477/8374/2663 1458/8375/2663 1471/8376/2663
f 1471/8377/2664 1476/8378/2664 1477/8379/2664
f 1459/8380/2665 1477/8381/2665 1476/8382/2665
f 1458/8383/2666 1477/8384/2666 1474/8385/2666
f 1459/8386/2667 1478/8387/2667 1477/8388/2667
f 1477/8389/2668 1478/8390/2668 1474/8391/2668
f 1449/8392/2669 1474/8393/2669 1478/8394/2669
f 1422/8395/2670 1479/8396/2670 1421/8397/2670
f 1475/8398/2671 1421/8399/2671 1479/8400/2671
f 1479/8401/2672 1422/8402/2672 1423/8403/2672
f 1423/8404/2673 1424/8405/2673 1479/8406/2673
f 1424/8407/2674 1425/8408/2674 1479/8409/2674
f 1460/8410/2675 1480/8411/2675 1479/8412/2675
f 1479/8413/2676 1480/8414/2676 1475/8415/2676
f 1459/8416/2677 1475/8417/2677 1480/8418/2677
f 1459/8419/2678 1480/8420/2678 1478/8421/2678
f 1463/8422/2679 1481/8423/2679 1428/8424/2679
f 1427/8425/2680 1428/8426/2680 1481/8427/2680
f 1427/8428/2681 1481/8429/2681 1426/8430/2681
f 1460/8431/2682 1479/8432/2682 1481/8433/2682
f 1426/8434/2683 1481/8435/2683 1425/8436/2683
f 1479/8437/2684 1425/8438/2684 1481/8439/2684
f 1482/8440/2685 1449/8441/2685 1478/8442/2685
f 1478/8443/2686 1480/8444/2686 1482/8445/2686
f 1460/8446/2687 1482/8447/2687 1480/8448/2687
f 1449/8449/2688 1482/8450/2688 1466/8451/2688
f 1463/8452/2689 1483/8453/2689 1481/8454/2689
f 1483/8455/2690 1460/8456/2690 1481/8457/2690
f 1466/8458/2691 1482/8459/2691 1483/8460/2691
f 1460/8461/2692 1483/8462/2692 1482/8463/2692
f 1463/8464/2693 1456/8465/2693 1483/8466/2693
f 1466/8467/2694 1483/8468/2694 1456/8469/2694
f 1439/8470/2695 1484/8471/2695 1438/8472/2695
f 1465/8473/2696 1438/8474/2696 1484/8475/2696
f 1467/8476/2697 1485/8477/2697 1484/8478/2697
f 1456/8479/2698 1465/8480/2698 1485/8481/2698
f 1484/8482/2699 1485/8483/2699 1465/8484/2699
f 1486/8485/2700 1467/8486/2700 1484/8487/2700
f 1484/8488/2701 1440/8489/2701 1486/8490/2701
f 1440/8491/2702 1441/8492/2702 1486/8493/2702
f 1451/8494/2703 1486/8495/2703 1441/8496/2703
f 1467/8497/2704 1486/8498/2704 1462/8499/2704
f 1467/8500/2705 1487/8501/2705 1485/8502/2705
f 1457/8503/2706 1487/8504/2706 1469/8505/2706
f 1488/8506/2707 1401/8507/2707 1473/8508/2707
f 1401/8509/2708 1488/8510/2708 1400/8511/2708
f 1488/8512/2709 1468/8513/2709 1400/8514/2709
f 1489/8515/2710 1469/8516/2710 1487/8517/2710
f 1487/8518/2711 1467/8519/2711 1489/8520/2711
f 1455/8521/2712 1489/8522/2712 1467/8523/2712
f 1469/8524/2713 1489/8525/2713 1448/8526/2713
f 1455/8527/2714 1461/8528/2714 1489/8529/2714
f 1448/8530/2715 1489/8531/2715 1461/8532/2715
f 1471/8533/2716 1472/8534/2716 1490/8535/2716
f 1472/8536/2717 1404/8537/2717 1490/8538/2717
f 1471/8539/2718 1490/8540/2718 1450/8541/2718
f 1450/8542/2719 1490/8543/2719 1406/8544/2719
f 1405/8545/2720 1406/8546/2720 1490/8547/2720
f 1457/8548/2721 1491/8549/2721 1470/8550/2721
f 1473/8551/2722 1491/8552/2722 1488/8553/2722
f 1457/8554/2723 1468/8555/2723 1491/8556/2723
f 1488/8557/2724 1491/8558/2724 1468/8559/2724
f 1466/8560/2725 1492/8561/2725 1470/8562/2725
f 1485/8563/2726 1492/8564/2726 1456/8565/2726
f 1492/8566/2727 1466/8567/2727 1456/8568/2727
f 1470/8569/2728 1493/8570/2728 1457/8571/2728
f 1493/8572/2729 1487/8573/2729 1457/8574/2729
f 1493/8575/2730 1470/8576/2730 1492/8577/2730
f 1487/8578/2731 1493/8579/2731 1485/8580/2731
f 1492/8581/2732 1485/8582/2732 1493/8583/2732
f 1458/8584/2733 1494/8585/2733 1473/8586/2733
f 1494/8587/2734 1491/8588/2734 1473/8589/2734
f 1494/8590/2735 1458/8591/2735 1474/8592/2735
f 1474/8593/2736 1470/8594/2736 1494/8595/2736
f 1491/8596/2737 1494/8597/2737 1470/8598/2737
f 1398/8599/2738 156/8600/2738 157/8601/2738
f 1401/8602/2739 157/8603/2739 147/8604/2739
f 148/8605/2740 149/8606/2740 1405/8607/2740
f 1151/8608/2741 1406/8609/2741 1405/8610/2741
f 1405/8611/2742 149/8612/2742 1151/8613/2742
f 1153/8614/2743 1408/8615/2743 1407/8616/2743
f 1407/8617/2744 1151/8618/2744 1153/8619/2744
f 1153/8620/2745 1154/8621/2745 1409/8622/2745
f 1408/8623/2746 1153/8624/2746 1409/8625/2746
f 1154/8626/2747 1155/8627/2747 1410/8628/2747
f 1156/8629/2748 476/8630/2748 1415/8631/2748
f 1414/8632/2749 1156/8633/2749 1415/8634/2749
f 1172/8635/2750 1416/8636/2750 1415/8637/2750
f 1415/8638/2751 476/8639/2751 1172/8640/2751
f 1172/8641/2752 1173/8642/2752 1418/8643/2752
f 1417/8644/2753 1172/8645/2753 1418/8646/2753
f 1173/8647/2754 1174/8648/2754 1419/8649/2754
f 1418/8650/2755 1173/8651/2755 1419/8652/2755
f 1174/8653/2756 1190/8654/2756 1420/8655/2756
f 1419/8656/2757 1174/8657/2757 1420/8658/2757
f 1192/8659/2758 1422/8660/2758 1421/8661/2758
f 1421/8662/2759 1190/8663/2759 1192/8664/2759
f 1192/8665/2760 1188/8666/2760 1424/8667/2760
f 1423/8668/2761 1192/8669/2761 1424/8670/2761
f 1188/8671/2762 1189/8672/2762 1426/8673/2762
f 1425/8674/2763 1188/8675/2763 1426/8676/2763
f 1191/8677/2764 1428/8678/2764 1427/8679/2764
f 1427/8680/2765 1189/8681/2765 1191/8682/2765
f 1191/8683/2766 1187/8684/2766 1429/8685/2766
f 1428/8686/2767 1191/8687/2767 1429/8688/2767
f 1182/8689/2768 1431/8690/2768 1430/8691/2768
f 1430/8692/2769 1187/8693/2769 1182/8694/2769
f 1183/8695/2770 1185/8696/2770 1432/8697/2770
f 1157/8698/2771 1435/8699/2771 1434/8700/2771
f 1434/8701/2772 1185/8702/2772 1157/8703/2772
f 1244/8704/2773 1436/8705/2773 1435/8706/2773
f 1435/8707/2774 1157/8708/2774 1244/8709/2774
f 1258/8710/2775 1437/8711/2775 1436/8712/2775
f 1436/8713/2776 1244/8714/2776 1258/8715/2776
f 1439/8716/2777 1258/8717/2777 1262/8718/2777
f 1257/8719/2778 1441/8720/2778 1440/8721/2778
f 1440/8722/2779 1264/8723/2779 1257/8724/2779
f 1243/8725/2780 164/8726/2780 1444/8727/2780
f 1443/8728/2781 1243/8729/2781 1444/8730/2781
f 1445/8731/2782 164/8732/2782 155/8733/2782
f 155/8734/2783 156/8735/2783 1397/8736/2783
f 1446/8737/2784 1445/8738/2784 155/8739/2784
f 1397/8740/2785 1446/8741/2785 155/8742/2785
f 1397/8743/2786 1398/8744/2786 1445/8745/2786
f 1397/8746/2787 156/8747/2787 1398/8748/2787
f 1398/8749/2788 1453/8750/2788 1445/8751/2788
f 157/8752/2789 1399/8753/2789 1398/8754/2789
f 1399/8755/2790 1454/8756/2790 1398/8757/2790
f 1400/8758/2791 1468/8759/2791 1399/8760/2791
f 1399/8761/2792 157/8762/2792 1400/8763/2792
f 1401/8764/2793 1402/8765/2793 1473/8766/2793
f 147/8767/2794 1402/8768/2794 1401/8769/2794
f 1405/8770/2795 1490/8771/2795 1404/8772/2795
f 1404/8773/2796 1150/8774/2796 1405/8775/2796
f 1150/8776/2797 148/8777/2797 1405/8778/2797
f 1409/8779/2798 1410/8780/2798 1471/8781/2798
f 1409/8782/2799 1154/8783/2799 1410/8784/2799
f 1476/8785/2800 1411/8786/2800 1412/8787/2800
f 1411/8788/2801 1155/8789/2801 1412/8790/2801
f 1155/8791/2802 1156/8792/2802 1412/8793/2802
f 1412/8794/2803 1156/8795/2803 1413/8796/2803
f 1464/8797/2804 1431/8798/2804 1432/8799/2804
f 1431/8800/2805 1182/8801/2805 1432/8802/2805
f 1182/8803/2806 1183/8804/2806 1432/8805/2806
f 1464/8806/2807 1432/8807/2807 1465/8808/2807
f 1484/8809/2808 1439/8810/2808 1440/8811/2808
f 1262/8812/2809 1440/8813/2809 1439/8814/2809
f 1440/8815/2810 1262/8816/2810 1264/8817/2810
f 1443/8818/2811 1451/8819/2811 1442/8820/2811
f 1442/8821/2812 1257/8822/2812 1443/8823/2812
f 1257/8824/2813 1243/8825/2813 1443/8826/2813
f 1451/8827/2814 1443/8828/2814 1486/8829/2814
f 1462/8830/2815 1486/8831/2815 1443/8832/2815
f 1461/8833/2816 1444/8834/2816 1452/8835/2816
f 1444/8836/2817 164/8837/2817 1452/8838/2817
f 1452/8839/2818 1445/8840/2818 1447/8841/2818
f 164/8842/2819 1445/8843/2819 1452/8844/2819
f 1496/8845/2820 227/8846/2820 1497/8847/2820
f 1499/8848/2821 923/8849/2821 1500/8850/2821
f 1501/8851/2822 922/8852/2822 1502/8853/2822
f 1504/8854/2823 920/8855/2823 1505/8856/2823
f 1506/8857/2824 204/8858/2824 1507/8859/2824
f 1507/8860/2825 204/8861/2825 1508/8862/2825
f 1513/8863/2826 192/8864/2826 1514/8865/2826
f 1518/8866/2827 211/8867/2827 1519/8868/2827
f 1520/8869/2828 1322/8870/2828 1521/8871/2828
f 1526/8872/2829 1321/8873/2829 1527/8874/2829
f 1527/8875/2830 1321/8876/2830 1528/8877/2830
f 1530/8878/2831 1020/8879/2831 1531/8880/2831
f 1533/8881/2832 1023/8882/2832 1534/8883/2832
f 1537/8884/2833 254/8885/2833 1538/8886/2833
f 1538/8887/2834 254/8888/2834 1539/8889/2834
f 1540/8890/2835 259/8891/2835 1541/8892/2835
f 1544/8893/2836 241/8894/2836 1545/8895/2836
f 1541/8896/2837 1542/8897/2837 1548/8898/2837
f 1542/8899/2838 1543/8900/2838 1548/8901/2838
f 1543/8902/2839 1544/8903/2839 1548/8904/2839
f 1544/8905/2840 1545/8906/2840 1548/8907/2840
f 1539/8908/2841 1540/8909/2841 1551/8910/2841
f 1548/8911/2842 1551/8912/2842 1541/8913/2842
f 1540/8914/2843 1541/8915/2843 1551/8916/2843
f 1495/8917/2844 1552/8918/2844 1547/8919/2844
f 1547/8920/2845 1552/8921/2845 1546/8922/2845
f 1511/8923/2846 1553/8924/2846 1510/8925/2846
f 1508/8926/2847 1555/8927/2847 1507/8928/2847
f 1507/8929/2848 1555/8930/2848 1506/8931/2848
f 1505/8932/2849 1506/8933/2849 1555/8934/2849
f 1505/8935/2850 1555/8936/2850 1504/8937/2850
f 1504/8938/2851 1555/8939/2851 1503/8940/2851
f 1503/8941/2852 1555/8942/2852 1502/8943/2852
f 1549/8944/2853 1556/8945/2853 1555/8946/2853
f 1499/8947/2854 1500/8948/2854 1556/8949/2854
f 1500/8950/2855 1501/8951/2855 1556/8952/2855
f 1555/8953/2856 1556/8954/2856 1502/8955/2856
f 1501/8956/2857 1502/8957/2857 1556/8958/2857
f 1499/8959/2858 1556/8960/2858 1498/8961/2858
f 1557/8962/2859 1549/8963/2859 1555/8964/2859
f 1509/8965/2860 1557/8966/2860 1508/8967/2860
f 1555/8968/2861 1508/8969/2861 1557/8970/2861
f 1557/8971/2862 1509/8972/2862 1510/8973/2862
f 1526/8974/2863 1527/8975/2863 1558/8976/2863
f 1528/8977/2864 1558/8978/2864 1527/8979/2864
f 1526/8980/2865 1558/8981/2865 1525/8982/2865
f 1560/8983/2866 1522/8984/2866 1523/8985/2866
f 1550/8986/2867 1560/8987/2867 1558/8988/2867
f 1523/8989/2868 1524/8990/2868 1560/8991/2868
f 1558/8992/2869 1560/8993/2869 1525/8994/2869
f 1524/8995/2870 1525/8996/2870 1560/8997/2870
f 1522/8998/2871 1560/8999/2871 1521/9000/2871
f 1521/9001/2872 1560/9002/2872 1520/9003/2872
f 1520/9004/2873 1560/9005/2873 1519/9006/2873
f 1519/9007/2874 1560/9008/2874 1518/9009/2874
f 1550/9010/2875 1561/9011/2875 1560/9012/2875
f 1560/9013/2876 1561/9014/2876 1518/9015/2876
f 1538/9016/2877 1562/9017/2877 1537/9018/2877
f 1538/9019/2878 1539/9020/2878 1562/9021/2878
f 1551/9022/2879 1562/9023/2879 1539/9024/2879
f 1563/9025/2880 1549/9026/2880 1557/9027/2880
f 1557/9028/2881 1510/9029/2881 1563/9030/2881
f 1553/9031/2882 1563/9032/2882 1510/9033/2882
f 1513/9034/2883 1564/9035/2883 1512/9036/2883
f 1553/9037/2884 1511/9038/2884 1564/9039/2884
f 1512/9040/2885 1564/9041/2885 1511/9042/2885
f 1566/9043/2886 1551/9044/2886 1548/9045/2886
f 1548/9046/2887 1552/9047/2887 1566/9048/2887
f 1497/9049/2888 1567/9050/2888 1496/9051/2888
f 1556/9052/2889 1567/9053/2889 1498/9054/2889
f 1554/9055/2890 1568/9056/2890 1567/9057/2890
f 1567/9058/2891 1568/9059/2891 1496/9060/2891
f 1552/9061/2892 1495/9062/2892 1568/9063/2892
f 1552/9064/2893 1568/9065/2893 1566/9066/2893
f 1549/9067/2894 1569/9068/2894 1556/9069/2894
f 1556/9070/2895 1569/9071/2895 1567/9072/2895
f 1554/9073/2896 1567/9074/2896 1569/9075/2896
f 1534/9076/2897 1570/9077/2897 1533/9078/2897
f 1533/9079/2898 1570/9080/2898 1532/9081/2898
f 1532/9082/2899 1570/9083/2899 1531/9084/2899
f 1531/9085/2900 1570/9086/2900 1530/9087/2900
f 1530/9088/2901 1570/9089/2901 1529/9090/2901
f 1558/9091/2902 1528/9092/2902 1570/9093/2902
f 1529/9094/2903 1570/9095/2903 1528/9096/2903
f 1516/9097/2904 1571/9098/2904 1515/9099/2904
f 1550/9100/2905 1572/9101/2905 1561/9102/2905
f 1561/9103/2906 1572/9104/2906 1571/9105/2906
f 1559/9106/2907 1571/9107/2907 1572/9108/2907
f 1573/9109/2908 1514/9110/2908 1515/9111/2908
f 1559/9112/2909 1573/9113/2909 1571/9114/2909
f 1515/9115/2910 1571/9116/2910 1573/9117/2910
f 1575/9118/2911 1565/9119/2911 1574/9120/2911
f 1563/9121/2912 1578/9122/2912 1549/9123/2912
f 1578/9124/2913 1569/9125/2913 1549/9126/2913
f 1513/9127/2914 1514/9128/2914 1579/9129/2914
f 1573/9130/2915 1579/9131/2915 1514/9132/2915
f 1513/9133/2916 1579/9134/2916 1564/9135/2916
f 1564/9136/2917 1579/9137/2917 1553/9138/2917
f 1580/9139/2918 1563/9140/2918 1553/9141/2918
f 1574/9142/2919 1580/9143/2919 1579/9144/2919
f 1553/9145/2920 1579/9146/2920 1580/9147/2920
f 1558/9148/2921 1581/9149/2921 1550/9150/2921
f 1550/9151/2922 1581/9152/2922 1572/9153/2922
f 1575/9154/2923 1572/9155/2923 1581/9156/2923
f 1582/9157/2924 1573/9158/2924 1559/9159/2924
f 1575/9160/2925 1582/9161/2925 1572/9162/2925
f 1559/9163/2926 1572/9164/2926 1582/9165/2926
f 1573/9166/2927 1582/9167/2927 1579/9168/2927
f 1579/9169/2928 1582/9170/2928 1574/9171/2928
f 1575/9172/2929 1574/9173/2929 1582/9174/2929
f 1551/9175/2930 1583/9176/2930 1562/9177/2930
f 1584/9178/2931 1536/9179/2931 1562/9180/2931
f 1576/9181/2932 1584/9182/2932 1583/9183/2932
f 1562/9184/2933 1583/9185/2933 1584/9186/2933
f 1576/9187/2934 1585/9188/2934 1584/9189/2934
f 1570/9190/2935 1534/9191/2935 1585/9192/2935
f 1584/9193/2936 1585/9194/2936 1535/9195/2936
f 1534/9196/2937 1535/9197/2937 1585/9198/2937
f 1587/9199/2938 1574/9200/2938 1565/9201/2938
f 1574/9202/2939 1587/9203/2939 1580/9204/2939
f 1588/9205/2940 1569/9206/2940 1578/9207/2940
f 1569/9208/2941 1588/9209/2941 1554/9210/2941
f 1577/9211/2942 1589/9212/2942 1588/9213/2942
f 1554/9214/2943 1588/9215/2943 1589/9216/2943
f 1554/9217/2944 1589/9218/2944 1568/9219/2944
f 1566/9220/2945 1568/9221/2945 1589/9222/2945
f 1565/9223/2946 1590/9224/2946 1586/9225/2946
f 1581/9226/2947 1590/9227/2947 1575/9228/2947
f 1590/9229/2948 1565/9230/2948 1575/9231/2948
f 1591/9232/2949 1566/9233/2949 1589/9234/2949
f 1566/9235/2950 1591/9236/2950 1551/9237/2950
f 1591/9238/2951 1583/9239/2951 1551/9240/2951
f 1558/9241/2952 1592/9242/2952 1581/9243/2952
f 1585/9244/2953 1592/9245/2953 1570/9246/2953
f 1592/9247/2954 1558/9248/2954 1570/9249/2954
f 1583/9250/2955 1593/9251/2955 1576/9252/2955
f 1593/9253/2956 1586/9254/2956 1576/9255/2956
f 1586/9256/2957 1594/9257/2957 1565/9258/2957
f 1565/9259/2958 1594/9260/2958 1587/9261/2958
f 1577/9262/2959 1587/9263/2959 1594/9264/2959
f 1594/9265/2960 1586/9266/2960 1593/9267/2960
f 1586/9268/2961 1595/9269/2961 1576/9270/2961
f 1595/9271/2962 1585/9272/2962 1576/9273/2962
f 1578/9274/2963 1596/9275/2963 1588/9276/2963
f 1587/9277/2964 1577/9278/2964 1596/9279/2964
f 1588/9280/2965 1596/9281/2965 1577/9282/2965
f 1587/9283/2966 1596/9284/2966 1580/9285/2966
f 1580/9286/2967 1596/9287/2967 1563/9288/2967
f 1578/9289/2968 1563/9290/2968 1596/9291/2968
f 1597/9292/2969 1594/9293/2969 1593/9294/2969
f 1593/9295/2970 1583/9296/2970 1597/9297/2970
f 1591/9298/2971 1597/9299/2971 1583/9300/2971
f 1597/9301/2972 1591/9302/2972 1589/9303/2972
f 1594/9304/2973 1597/9305/2973 1577/9306/2973
f 1589/9307/2974 1577/9308/2974 1597/9309/2974
f 1581/9310/2975 1598/9311/2975 1590/9312/2975
f 1595/9313/2976 1586/9314/2976 1598/9315/2976
f 1590/9316/2977 1598/9317/2977 1586/9318/2977
f 1598/9319/2978 1581/9320/2978 1592/9321/2978
f 1592/9322/2979 1585/9323/2979 1598/9324/2979
f 1595/9325/2980 1598/9326/2980 1585/9327/2980
f 1497/9328/2981 227/9329/2981 925/9330/2981
f 923/9331/2982 1499/9332/2982 1498/9333/2982
f 1498/9334/2983 924/9335/2983 923/9336/2983
f 923/9337/2984 922/9338/2984 1501/9339/2984
f 1500/9340/2985 923/9341/2985 1501/9342/2985
f 921/9343/2986 1503/9344/2986 1502/9345/2986
f 1502/9346/2987 922/9347/2987 921/9348/2987
f 920/9349/2988 1504/9350/2988 1503/9351/2988
f 1503/9352/1699 921/9353/1699 920/9354/1699
f 1505/9355/2989 920/9356/2989 919/9357/2989
f 190/9358/2990 1509/9359/2990 1508/9360/2990
f 1508/9361/2991 204/9362/2991 190/9363/2991
f 190/9364/2992 191/9365/2992 1510/9366/2992
f 1509/9367/2993 190/9368/2993 1510/9369/2993
f 191/9370/2994 1512/9371/2994 1511/9372/2994
f 1510/9373/2995 191/9374/2995 1511/9375/2995
f 192/9376/2996 1513/9377/2996 1512/9378/2996
f 1512/9379/2997 191/9380/2997 192/9381/2997
f 1514/9382/2998 192/9383/2998 1515/9384/2998
f 1516/9385/2999 1515/9386/2999 192/9387/2999
f 192/9388/3000 193/9389/3000 1516/9390/3000
f 1322/9391/3001 1520/9392/3001 1519/9393/3001
f 1519/9394/3002 211/9395/3002 1322/9396/3002
f 1322/9397/3003 1323/9398/3003 1522/9399/3003
f 1521/9400/3004 1322/9401/3004 1522/9402/3004
f 1323/9403/3005 1324/9404/3005 1523/9405/3005
f 1522/9406/3006 1323/9407/3006 1523/9408/3006
f 1330/9409/3007 1524/9410/3007 1523/9411/3007
f 1523/9412/3008 1324/9413/3008 1330/9414/3008
f 1334/9415/3009 1525/9416/3009 1524/9417/3009
f 1524/9418/3010 1330/9419/3010 1334/9420/3010
f 1334/9421/3011 1321/9422/3011 1526/9423/3011
f 1525/9424/3012 1334/9425/3012 1526/9426/3012
f 1029/9427/3013 1529/9428/3013 1528/9429/3013
f 1528/9430/3014 1321/9431/3014 1029/9432/3014
f 1020/9433/3015 1530/9434/3015 1529/9435/3015
f 1529/9436/3016 1029/9437/3016 1020/9438/3016
f 1020/9439/3017 1017/9440/3017 1532/9441/3017
f 1531/9442/3018 1020/9443/3018 1532/9444/3018
f 1017/9445/3019 1023/9446/3019 1533/9447/3019
f 1532/9448/3020 1017/9449/3020 1533/9450/3020
f 1023/9451/3021 1022/9452/3021 1535/9453/3021
f 1534/9454/3022 1023/9455/3022 1535/9456/3022
f 1022/9457/3023 1016/9458/3023 1536/9459/3023
f 259/9460/3024 1540/9461/3024 1539/9462/3024
f 1539/9463/3025 254/9464/3025 259/9465/3025
f 264/9466/3026 1542/9467/3026 1541/9468/3026
f 1541/9469/3027 259/9470/3027 264/9471/3027
f 257/9472/3028 1543/9473/3028 1542/9474/3028
f 1542/9475/3029 264/9476/3029 257/9477/3029
f 241/9478/3030 1544/9479/3030 1543/9480/3030
f 1543/9481/3031 257/9482/3031 241/9483/3031
f 1495/9484/3032 1547/9485/3032 1546/9486/3032
f 1546/9487/3033 230/9488/3033 1495/9489/3033
f 1402/9490/3034 148/9491/3034 1150/9492/3034
f 147/9493/3035 148/9494/3035 1402/9495/3035
f 1402/9496/3036 1150/9497/3036 1403/9498/3036
f 1403/9499/3037 1472/9500/3037 1402/9501/3037
f 1472/9502/3038 1473/9503/3038 1402/9504/3038
f 1496/9505/3039 1568/9506/3039 1495/9507/3039
f 1495/9508/3040 230/9509/3040 1496/9510/3040
f 1496/9511/3041 230/9512/3041 227/9513/3041
f 1498/9514/3042 1567/9515/3042 1497/9516/3042
f 925/9517/3043 1498/9518/3043 1497/9519/3043
f 1498/9520/3044 925/9521/3044 924/9522/3044
f 1506/9523/3045 1505/9524/3045 919/9525/3045
f 919/9526/3046 204/9527/3046 1506/9528/3046
f 1516/9529/3047 1517/9530/3047 1571/9531/3047
f 1516/9532/3048 193/9533/3048 1517/9534/3048
f 193/9535/3049 205/9536/3049 1517/9537/3049
f 1561/9538/3050 1571/9539/3050 1517/9540/3050
f 1517/9541/3051 1518/9542/3051 1561/9543/3051
f 1517/9544/3052 205/9545/3052 1518/9546/3052
f 205/9547/3053 211/9548/3053 1518/9549/3053
f 1535/9550/3054 1022/9551/3054 1536/9552/3054
f 1536/9553/3055 1584/9554/3055 1535/9555/3055
f 1016/9556/3056 254/9557/3056 1537/9558/3056
f 1562/9559/3057 1536/9560/3057 1537/9561/3057
f 1536/9562/3058 1016/9563/3058 1537/9564/3058
f 1546/9565/3059 1548/9566/3059 1545/9567/3059
f 1545/9568/3060 241/9569/3060 1546/9570/3060
f 241/9571/3061 230/9572/3061 1546/9573/3061
f 1548/9574/3062 1546/9575/3062 1552/9576/3062
